Age,MonthlyIncome,YearsAtCompany,TotalWorkingYears,DistanceFromHome,JobSatisfaction,WorkLifeBalance,OverTime,NumCompaniesWorked,TrainingTimesLastYear,Attrition
23,59379,3,4,39,3,3,Yes,5,4,No
49,156352,20,29,3,1,3,No,1,4,No
31,70031,11,13,41,4,2,No,5,4,No
54,133788,19,25,23,3,1,Yes,6,4,No
39,28836,5,9,44,2,1,Yes,2,2,Yes
37,63734,14,19,14,4,4,No,1,4,No
58,87580,0,19,35,3,4,Yes,7,6,No
42,114461,14,26,19,4,4,Yes,4,0,No
57,126799,6,20,25,3,4,No,7,4,No
36,61458,2,18,21,4,4,Yes,3,0,No
27,24277,6,8,15,4,4,No,5,6,No
53,119198,8,24,2,1,1,Yes,3,3,Yes
50,74688,8,14,38,3,2,No,0,2,No
40,113394,13,19,46,3,3,Yes,7,1,No
36,107969,3,17,35,4,4,Yes,4,0,No
22,18457,2,3,31,4,1,Yes,1,0,No
25,18000,3,7,20,2,3,No,5,3,No
56,115898,17,21,4,3,1,No,8,6,No
41,77673,3,8,16,2,2,No,7,0,No
53,88433,1,24,25,3,1,No,6,1,No
59,37144,0,8,2,2,1,No,7,6,No
22,26099,3,4,34,2,2,No,3,5,No
43,18000,0,1,26,3,2,No,0,6,No
42,93979,13,18,14,1,2,No,0,5,No
30,84069,2,5,24,3,3,No,5,0,No
60,46256,1,3,30,2,4,No,0,2,No
38,82900,7,20,39,3,4,Yes,7,5,No
41,127479,20,20,36,2,1,No,6,5,No
52,92172,1,9,16,3,3,Yes,7,1,No
52,107340,9,10,31,3,1,Yes,8,3,No
25,29499,0,7,39,2,3,No,0,5,Yes
30,42568,0,6,36,1,4,Yes,4,3,No
56,71510,5,9,15,1,1,Yes,0,2,No
25,32410,0,0,9,2,2,No,8,0,No
50,57175,3,3,18,1,2,No,6,6,No
21,32483,1,5,18,2,4,Yes,6,1,No
31,88466,4,12,1,3,4,No,4,1,No
40,72416,1,14,46,1,2,No,7,6,No
32,60339,1,13,2,3,2,No,8,4,No
53,163791,3,33,39,3,1,No,8,0,No
35,55446,11,17,36,1,1,No,4,2,No
23,51100,5,5,19,4,4,Yes,7,4,No
22,33501,0,5,17,2,4,Yes,7,2,No
56,61683,1,2,44,3,3,No,2,5,Yes
38,94434,18,20,14,1,3,No,6,0,No
46,153597,28,28,46,3,1,No,4,3,No
45,135807,10,22,30,4,3,No,8,4,No
48,64795,8,8,6,4,2,No,1,2,No
37,96420,16,18,9,3,1,No,6,4,No
39,77045,6,10,28,4,1,No,5,1,No
58,188966,4,24,3,1,2,No,2,6,No
29,53404,5,7,19,4,1,Yes,2,6,Yes
38,52065,0,8,23,1,4,Yes,4,5,No
22,42662,1,3,2,3,1,Yes,4,3,No
53,67968,4,6,42,1,1,No,7,1,No
53,93596,13,18,14,4,1,No,1,3,No
30,54527,0,10,26,4,3,Yes,0,6,No
26,53297,3,4,44,4,1,No,0,4,No
37,52606,7,8,28,3,3,Yes,8,1,No
38,34297,0,0,2,2,2,No,3,4,Yes
43,67938,6,11,50,3,2,No,6,1,Yes
47,62263,2,9,28,2,4,Yes,2,6,Yes
46,86881,16,17,16,3,4,No,5,4,Yes
47,133329,8,29,6,4,2,No,4,2,No
26,18305,0,1,40,3,3,Yes,4,3,Yes
22,21613,0,0,26,4,3,No,4,5,No
21,27314,1,5,14,4,4,No,8,5,No
29,68934,4,9,8,1,4,Yes,1,5,No
38,55121,2,3,2,2,3,Yes,7,6,No
26,53391,3,6,38,3,2,Yes,5,3,No
22,42729,2,2,34,3,4,No,2,6,No
38,106461,3,18,44,1,4,No,3,3,No
32,58306,13,13,40,4,1,No,0,2,No
55,129225,18,22,27,3,4,No,2,3,No
45,110878,6,16,39,2,2,No,1,2,No
29,52276,11,11,13,1,4,No,5,1,No
37,88390,18,19,10,3,1,No,0,4,No
26,51630,2,6,11,1,4,No,7,0,No
41,111754,2,25,37,4,2,No,7,5,No
43,50470,5,9,50,2,1,No,6,5,No
45,83210,10,13,1,3,4,No,7,4,No
45,27101,0,2,26,3,1,No,6,6,No
26,53486,2,8,48,2,3,Yes,0,1,Yes
44,61943,2,8,43,2,4,No,2,5,No
51,114178,12,22,6,4,3,Yes,3,4,No
46,48378,1,10,50,2,3,Yes,6,0,No
43,116522,10,25,13,3,3,Yes,2,5,No
25,78302,1,8,37,4,4,No,5,6,Yes
49,173978,12,32,47,2,3,No,3,5,No
43,122906,3,26,49,4,2,No,3,5,No
30,71424,12,12,43,4,2,No,6,3,No
34,106916,11,14,28,3,3,No,2,0,No
39,36864,8,10,6,1,4,Yes,5,0,No
34,71678,2,16,40,2,4,No,4,6,No
25,35800,2,7,26,3,4,Yes,6,6,No
42,60237,5,9,5,4,2,No,8,4,No
58,80308,3,10,9,4,2,No,1,5,No
44,125773,15,26,4,3,4,No,7,0,No
39,33152,3,3,21,1,3,Yes,2,1,Yes
38,112698,12,21,39,3,4,Yes,7,6,No
35,85584,8,17,9,2,3,No,1,2,No
25,96375,4,9,23,2,2,No,0,1,No
60,58622,6,6,33,2,1,No,2,0,No
42,78554,9,12,14,1,4,No,0,6,No
31,83615,0,15,12,2,1,No,4,1,No
56,103188,16,23,20,3,4,Yes,3,5,No
26,69877,3,7,13,1,4,Yes,7,6,No
39,80043,8,20,38,4,4,Yes,8,4,No
52,167565,1,35,35,3,4,No,7,2,Yes
38,125368,4,19,45,4,3,No,6,6,Yes
47,45056,1,5,30,3,4,Yes,1,6,No
58,141798,22,24,19,2,4,No,8,4,No
28,50834,0,7,28,3,3,No,7,0,No
52,55506,7,9,47,4,1,No,1,3,Yes
33,68288,13,13,50,2,4,Yes,2,6,No
33,37171,9,9,48,3,2,Yes,6,4,No
54,154599,11,28,30,4,1,No,2,3,Yes
52,174827,11,33,10,1,3,No,7,1,No
44,72374,3,15,28,2,3,Yes,5,3,No
40,113709,1,17,16,2,2,No,8,4,No
46,63622,2,7,22,2,4,Yes,1,6,Yes
31,64368,12,13,43,2,4,Yes,2,6,No
36,61058,9,16,11,2,1,Yes,0,0,No
57,81224,2,18,44,1,2,Yes,5,2,Yes
25,75889,7,8,22,4,3,No,6,1,No
24,69519,4,5,25,2,3,Yes,4,4,No
24,40224,0,5,10,2,4,No,7,2,Yes
36,77576,2,5,11,1,3,No,0,3,No
25,97089,5,5,22,4,3,No,8,5,No
52,71379,12,13,18,3,1,Yes,0,2,No
53,65995,9,10,41,2,1,No,0,1,Yes
26,27950,2,7,27,3,1,No,8,4,No
60,53958,2,12,5,2,4,No,7,5,No
30,39387,11,11,29,1,4,No,3,1,No
54,97736,1,17,18,3,4,No,6,6,No
23,43511,4,5,11,2,3,No,8,4,No
30,87519,2,12,49,2,2,No,2,6,No
31,42648,11,11,26,3,4,No,3,3,No
52,109189,23,26,7,2,2,No,1,6,No
47,38577,2,4,29,4,1,No,8,4,No
25,34476,4,7,13,4,3,Yes,8,2,No
51,19592,1,3,41,1,1,No,8,4,Yes
40,33115,1,1,48,1,1,No,2,0,No
43,61168,8,11,16,4,4,No,0,1,No
54,167256,8,30,35,4,3,No,6,6,No
45,163430,23,26,6,4,4,No,0,0,No
22,48061,1,5,39,3,1,No,0,6,No
30,80790,13,14,29,1,4,Yes,5,6,No
43,50849,1,4,26,3,3,Yes,6,1,No
48,153185,20,33,18,2,4,No,8,4,No
32,71197,5,9,17,4,3,Yes,2,2,No
31,81866,0,13,34,1,2,No,3,0,Yes
31,64175,10,11,50,1,1,Yes,5,0,No
60,54920,7,8,6,2,1,No,1,2,No
38,130755,16,18,35,1,1,No,2,6,No
34,63602,12,15,42,4,1,No,2,0,No
31,71737,12,13,50,4,1,No,1,1,No
30,84928,1,6,36,3,2,No,6,2,No
47,87022,16,18,22,3,4,No,7,4,Yes
38,63701,3,6,7,3,4,Yes,4,5,No
38,68966,4,12,13,2,1,No,8,5,No
36,102684,2,18,46,1,4,No,2,3,No
27,28639,5,9,46,2,4,No,4,1,No
47,177781,27,28,43,3,2,No,2,2,No
29,82511,9,9,27,4,3,Yes,2,4,No
52,42562,7,8,25,1,3,Yes,3,0,No
37,79148,6,15,27,4,1,No,0,0,No
24,50735,3,3,22,3,4,No,8,2,No
41,98055,9,14,37,4,4,No,3,2,No
44,88312,4,4,28,1,3,No,6,5,No
38,123920,1,20,3,3,1,No,3,0,No
49,142040,9,29,4,3,2,No,8,4,No
22,26423,0,4,12,3,4,No,7,5,No
58,158109,20,29,50,1,1,Yes,1,0,Yes
54,18000,1,2,38,1,2,No,4,5,No
42,126271,15,21,50,1,2,No,5,6,Yes
37,36573,6,8,15,4,4,Yes,8,3,No
28,55686,3,10,6,1,4,No,5,3,Yes
44,139696,1,28,43,1,3,No,2,1,No
47,88364,17,19,34,3,4,No,8,4,No
51,167688,24,24,43,4,2,No,4,4,No
56,159465,9,31,8,4,2,Yes,0,4,No
28,73208,6,12,18,2,2,No,2,4,No
34,88330,16,17,22,2,3,Yes,5,3,No
45,27065,2,3,28,3,1,No,6,6,No
55,114578,16,24,8,3,4,No,1,3,No
40,39362,0,0,46,2,2,Yes,8,2,No
32,25501,0,0,46,2,2,Yes,4,5,Yes
24,49833,2,7,15,1,4,No,7,1,No
51,143395,19,26,14,2,2,No,2,4,No
44,60601,8,8,34,2,2,Yes,2,2,Yes
46,59502,7,8,3,2,3,No,1,1,No
25,18000,6,6,32,3,2,No,1,4,Yes
52,78951,14,21,49,1,2,Yes,5,4,No
35,75452,5,17,48,2,2,No,5,1,No
57,81929,5,10,42,2,3,No,3,6,No
21,34908,1,6,35,4,4,No,5,5,No
50,153860,14,30,18,4,1,Yes,7,4,No
32,105222,10,14,31,3,1,No,3,2,No
38,102951,6,21,42,3,4,No,4,4,No
41,18009,2,2,33,2,2,Yes,5,3,No
54,103557,1,17,21,3,3,No,7,6,No
44,135463,14,26,3,3,4,No,7,0,No
28,66665,8,9,26,1,1,No,8,4,Yes
54,84520,3,23,27,3,1,No,8,0,No
42,18000,0,0,27,3,1,No,0,6,No
28,18000,6,10,28,3,3,No,3,5,No
40,89150,1,17,35,2,2,Yes,3,3,No
54,73668,4,6,44,1,1,No,7,2,No
47,103179,1,12,4,2,4,No,0,2,No
45,18000,0,2,28,4,4,No,6,5,No
43,73967,8,14,26,2,4,No,5,6,Yes
56,143780,14,28,28,3,3,No,8,4,No
30,67047,9,12,7,4,4,Yes,8,5,Yes
44,61654,1,7,16,2,1,No,7,3,Yes
23,46168,0,8,8,1,4,No,7,0,Yes
59,89447,11,15,21,2,4,No,3,0,No
38,19403,2,2,43,1,3,No,8,2,No
49,99838,2,20,43,1,2,No,2,5,No
49,83502,10,10,33,1,1,Yes,4,5,No
55,54022,5,12,47,1,4,No,0,1,No
28,57227,1,10,39,1,1,Yes,5,4,Yes
34,56988,3,13,11,1,3,No,6,5,No
42,86056,11,12,32,1,1,No,7,0,No
41,33031,3,3,6,2,1,No,4,2,Yes
49,137861,12,27,2,3,2,No,5,4,No
36,22299,1,5,29,3,2,Yes,0,2,Yes
28,52545,2,11,44,3,4,Yes,2,2,No
41,69718,2,12,44,1,2,No,7,6,No
26,29542,4,6,44,4,2,No,4,5,No
59,106044,4,23,36,4,1,Yes,4,2,No
59,94877,12,22,45,1,2,No,0,6,Yes
32,21006,0,2,38,1,2,No,2,1,Yes
21,34284,1,4,46,1,1,No,3,5,No
50,109656,8,24,21,1,2,No,2,6,No
57,78182,4,8,44,1,1,Yes,0,6,Yes
25,62831,6,7,6,3,3,Yes,2,3,No
35,98092,7,16,20,2,4,No,6,2,No
40,106905,13,19,43,3,3,Yes,6,0,No
33,83990,7,10,35,4,1,Yes,0,2,No
27,29291,1,9,35,4,2,No,6,1,No
48,166745,11,34,45,2,3,No,0,6,No
58,180020,8,33,1,1,1,No,7,2,No
38,113385,12,21,41,3,4,Yes,7,6,No
24,57201,0,3,35,2,2,Yes,7,4,No
28,87504,6,8,24,3,3,Yes,5,2,Yes
28,26929,0,10,25,3,1,No,7,5,No
47,65834,1,6,25,3,4,Yes,2,5,Yes
47,60032,7,7,38,2,1,Yes,2,3,Yes
37,134629,8,15,22,4,3,No,1,2,No
23,25567,1,3,37,2,2,No,4,6,No
54,117628,27,30,27,3,2,No,2,3,No
34,65184,13,17,45,4,2,No,0,1,No
25,56897,0,0,29,3,2,No,3,0,No
23,48834,2,4,39,1,3,No,1,4,No
26,47309,4,8,50,2,2,No,3,2,Yes
41,29242,2,11,40,2,1,Yes,2,3,Yes
26,41317,6,6,9,1,4,Yes,1,0,No
30,103960,9,12,17,1,3,Yes,8,5,Yes
43,52496,0,9,23,4,1,No,6,2,No
23,19973,5,6,50,1,1,Yes,4,5,No
49,135192,19,22,31,3,3,No,3,3,No
36,63579,3,18,20,4,4,Yes,3,0,No
51,20354,0,4,38,1,1,No,6,4,Yes
26,59695,1,3,35,3,3,Yes,3,3,No
45,119096,24,26,37,3,3,No,3,6,No
40,124261,7,16,30,4,3,No,8,3,No
42,65605,8,10,47,4,1,No,1,0,No
41,24946,0,0,10,3,3,No,7,3,No
28,75688,8,11,41,2,3,No,3,1,No
59,160312,10,26,9,3,1,No,5,2,No
34,74495,5,17,5,3,3,Yes,0,5,No
52,51842,1,5,50,3,2,No,2,1,No
56,23954,2,2,6,3,4,Yes,7,3,Yes
38,87910,17,17,5,4,3,No,3,5,No
60,97146,4,17,46,1,4,No,5,3,No
41,68139,9,12,48,4,1,No,1,2,No
28,61126,0,13,18,3,1,No,2,6,No
53,147465,33,33,14,1,4,No,8,2,No
42,71549,3,13,36,4,3,No,3,3,No
40,18000,3,3,32,2,2,Yes,8,2,No
51,97633,17,23,17,4,4,No,2,4,No
35,60747,3,17,22,4,4,Yes,3,1,No
34,66119,12,15,21,1,3,Yes,0,5,No
54,116295,11,28,13,3,1,No,8,0,No
34,38198,9,11,44,3,2,Yes,6,4,No
46,128656,9,29,7,4,2,No,4,2,No
29,22338,4,11,19,1,4,No,2,5,Yes
52,80458,6,13,46,1,3,No,8,0,No
59,134904,4,16,20,4,2,No,6,0,No
37,116746,12,20,43,3,4,Yes,7,6,No
48,32647,1,1,9,3,1,Yes,4,4,No
29,82947,2,3,24,2,3,No,7,1,No
26,54399,6,7,26,2,1,No,0,2,Yes
23,57700,2,9,33,3,4,Yes,4,2,No
45,33100,2,2,34,2,2,No,6,4,No
27,51688,0,8,46,2,3,Yes,0,0,Yes
29,47663,6,13,27,2,4,No,7,4,No
50,92027,15,20,20,2,2,No,5,5,No
58,109678,29,31,19,1,2,No,8,6,No
33,22981,0,1,1,1,2,Yes,4,0,No
38,80150,6,8,11,3,3,No,1,3,No
25,18000,8,9,11,3,1,No,7,2,No
41,141029,1,21,23,4,2,Yes,2,5,No
39,103622,16,21,33,3,2,No,5,2,No
26,43601,1,8,10,1,3,No,6,2,No
48,144658,21,28,23,2,4,No,6,4,No
32,38018,0,6,37,1,4,Yes,5,3,No
38,83204,5,19,11,2,1,Yes,4,4,No
30,18329,0,1,50,3,3,No,1,3,No
24,72422,5,8,18,4,3,No,4,1,No
38,54424,2,9,1,3,4,Yes,5,4,No
24,38432,2,9,10,2,3,No,7,2,No
41,131826,19,22,35,2,1,No,5,3,No
37,31552,0,0,2,1,4,No,3,5,Yes
25,49613,1,7,12,1,4,No,7,1,No
38,74514,13,19,21,4,1,No,5,4,Yes
40,109469,3,21,26,1,4,No,1,3,No
32,66358,13,13,7,1,3,No,1,2,No
52,110405,9,26,21,1,1,No,3,6,No
55,68831,15,15,34,3,4,No,3,6,No
31,51219,7,12,44,1,2,Yes,4,6,Yes
48,86268,8,15,3,1,2,Yes,2,2,No
53,30381,3,4,40,2,3,No,5,2,Yes
24,50476,5,7,17,4,4,Yes,7,4,No
39,83540,11,22,39,3,4,Yes,8,3,No
52,157514,26,33,9,3,2,No,0,6,No
57,26771,0,0,6,3,3,No,8,4,No
39,115401,12,16,15,1,1,Yes,1,3,Yes
46,63404,6,10,1,2,3,No,0,2,No
45,102719,7,13,50,2,1,No,7,2,No
50,115394,19,25,21,3,3,No,1,5,No
51,67396,9,11,50,3,3,No,7,5,No
34,72661,6,16,42,3,2,No,5,0,No
38,86360,8,10,34,2,3,No,5,5,Yes
47,82817,7,13,34,1,1,Yes,3,5,No
28,42861,6,9,12,1,4,Yes,2,0,No
28,28786,0,6,41,2,3,No,0,5,Yes
54,96599,15,25,21,3,4,Yes,4,5,No
21,19403,0,5,4,2,1,Yes,1,4,No
43,120771,11,17,11,2,1,No,3,4,No
53,155567,31,32,14,1,4,No,8,4,No
37,41385,6,6,28,4,1,Yes,7,2,No
46,32840,5,11,44,1,2,Yes,1,6,No
59,91759,12,23,46,1,3,No,1,6,Yes
50,60682,2,8,30,4,2,Yes,2,4,Yes
45,113471,5,22,40,2,2,Yes,3,4,Yes
29,67246,0,14,37,3,4,Yes,7,1,Yes
44,85479,5,6,29,1,3,No,6,6,No
28,47872,3,10,15,4,3,No,5,5,No
49,48359,2,6,15,1,4,Yes,0,4,No
59,105137,4,10,3,3,3,Yes,7,6,Yes
56,163863,4,32,44,3,1,Yes,1,3,Yes
53,60379,2,5,33,4,2,Yes,1,5,Yes
52,159568,1,32,35,3,4,No,7,4,Yes
38,95481,18,20,20,4,2,No,4,3,No
26,19232,0,1,1,4,4,No,7,5,No
34,89671,12,12,40,3,3,No,7,6,Yes
45,154765,29,30,44,2,2,No,4,3,No
45,160441,6,22,38,3,4,Yes,2,0,No
21,33376,1,4,45,1,1,No,5,3,No
57,112547,6,19,45,4,2,Yes,5,4,No
51,120965,9,21,19,3,1,Yes,0,0,No
53,100442,9,9,31,2,1,Yes,8,1,No
54,117541,15,23,11,2,4,No,3,3,No
25,61192,8,9,9,1,4,No,2,5,No
51,49627,13,15,3,4,4,No,8,4,No
58,137042,2,31,34,1,1,Yes,6,0,No
31,39132,0,6,35,1,4,Yes,4,4,No
25,52612,6,6,45,1,2,Yes,8,2,Yes
47,19253,2,3,7,1,2,No,7,1,No
56,19410,0,10,28,3,4,Yes,5,6,Yes
22,19548,1,5,48,3,2,No,3,4,No
55,23808,0,1,3,1,4,Yes,7,2,No
49,57519,13,13,16,1,4,No,3,3,Yes
21,32396,2,4,16,2,4,Yes,6,1,No
50,97602,9,15,47,4,1,No,2,0,No
21,34825,0,4,27,1,4,No,3,3,No
32,73529,3,7,20,4,3,Yes,2,2,No
38,18833,0,1,40,1,2,No,8,1,No
58,70017,6,16,30,2,2,No,5,4,No
31,81447,0,12,35,1,2,No,6,0,Yes
55,127771,19,21,29,3,4,No,1,3,No
26,65481,8,8,3,2,1,Yes,3,4,No
48,18000,0,0,12,1,2,Yes,5,3,Yes
58,140727,13,29,1,2,3,Yes,3,0,No
29,62239,0,11,11,2,2,Yes,7,2,No
38,95898,17,18,43,2,1,No,2,6,Yes
23,19179,4,5,25,2,4,Yes,0,3,Yes
43,69964,11,21,6,4,4,No,1,3,No
40,127652,4,24,3,2,3,No,2,2,No
56,97906,6,21,41,2,2,No,6,0,No
26,41934,4,4,30,2,2,No,4,2,No
56,88007,11,13,19,2,3,No,3,0,No
30,24767,6,12,7,2,2,No,7,5,No
28,68286,4,10,10,1,4,Yes,0,5,No
25,54837,2,7,22,2,1,Yes,1,6,No
21,18000,4,4,48,1,4,No,5,2,No
42,106834,2,19,11,4,1,Yes,7,3,No
49,104032,12,18,3,4,3,Yes,3,2,No
48,18082,0,4,28,1,2,Yes,7,4,Yes
57,64164,3,5,32,4,2,Yes,6,5,No
26,64387,6,7,9,2,3,Yes,4,3,No
30,49912,1,11,5,2,3,No,5,5,No
31,51904,10,11,33,1,3,No,8,4,No
51,152795,2,30,40,3,3,No,2,5,No
29,47636,7,11,30,1,2,Yes,3,5,Yes
21,41746,2,3,1,2,4,No,7,0,No
58,101584,4,18,37,3,2,Yes,4,6,No
54,123614,19,29,29,1,2,Yes,2,6,No
39,31274,6,6,28,1,3,Yes,2,1,Yes
24,41436,2,4,41,3,1,No,7,2,No
34,84521,5,10,46,3,1,No,6,4,No
37,123406,7,15,18,4,3,No,0,2,No
27,62453,0,7,3,4,1,No,5,0,No
55,107352,12,19,24,1,2,No,3,2,No
58,162249,20,29,50,1,1,Yes,1,1,Yes
26,56915,8,13,11,1,4,No,2,4,No
38,113968,11,22,40,3,4,Yes,7,6,No
34,89072,8,14,15,4,4,No,6,5,No
51,61599,8,15,26,4,4,No,3,1,No
39,26514,1,1,26,4,3,Yes,6,2,Yes
43,107394,13,23,16,4,4,Yes,5,0,No
50,99178,18,25,18,4,4,No,1,4,No
47,149936,27,29,46,2,2,No,3,2,No
42,49243,5,10,11,3,4,No,8,5,No
22,60101,1,1,37,4,1,Yes,8,3,No
25,18949,2,7,25,4,2,No,0,6,No
29,26682,8,10,4,1,1,No,2,3,Yes
28,28017,5,5,47,4,2,No,6,5,No
59,26837,0,1,5,4,4,Yes,4,2,Yes
59,83212,6,12,14,1,1,Yes,1,3,No
33,89928,6,15,14,4,4,No,5,6,No
25,35739,4,8,11,4,3,Yes,7,2,No
41,18000,2,4,31,4,4,Yes,2,5,No
45,74916,4,14,28,2,3,Yes,6,4,No
34,85668,3,16,31,1,2,No,6,4,No
33,21099,4,4,32,2,4,No,3,6,No
59,122296,8,25,19,4,1,Yes,8,6,Yes
27,18912,5,8,25,3,3,No,3,5,No
34,35830,4,4,43,3,1,Yes,0,6,Yes
32,98742,0,16,29,1,3,No,4,1,No
32,67014,4,15,43,2,2,No,3,5,No
36,27449,2,2,1,4,2,Yes,2,1,No
24,51072,6,6,18,1,1,Yes,2,1,Yes
47,131513,1,28,14,1,1,No,3,4,No
54,61341,2,21,16,4,2,No,1,1,No
52,31852,2,4,5,3,1,Yes,3,4,No
51,163054,2,31,42,3,3,No,3,4,No
27,60640,9,9,19,2,3,Yes,4,5,No
46,139416,18,28,32,2,4,Yes,8,3,No
45,116232,1,21,10,4,4,Yes,5,2,No
45,111575,4,17,11,4,3,No,7,2,No
26,43077,6,7,12,1,4,Yes,1,1,No
58,32680,0,3,19,2,1,No,3,6,No
28,31947,2,10,47,4,1,Yes,5,0,Yes
36,37907,2,4,42,3,1,Yes,2,4,No
51,19252,0,6,17,2,3,No,8,6,No
56,147549,24,32,4,2,4,No,0,6,No
34,39706,11,16,40,3,1,No,8,2,No
48,18654,0,0,12,1,2,Yes,5,2,Yes
52,73011,6,6,26,3,2,No,4,1,No
44,104300,7,12,49,2,1,No,7,2,No
44,147183,3,28,40,2,2,No,5,4,No
50,111974,14,23,5,4,3,Yes,1,5,No
49,54205,5,5,20,1,1,No,8,5,No
24,76285,4,6,17,1,1,No,3,2,No
28,18171,5,11,25,3,3,No,2,3,No
38,55981,4,17,15,3,3,Yes,0,5,No
52,54392,1,4,50,3,3,No,2,1,No
29,82693,0,11,5,1,2,No,8,1,No
60,147858,14,30,23,3,3,No,5,6,No
33,72530,11,16,6,1,2,No,3,1,No
45,136785,13,28,45,1,4,No,0,2,Yes
58,105531,8,13,39,2,2,No,6,3,No
24,27144,2,6,50,3,1,No,0,6,No
46,18880,0,0,27,4,4,No,7,5,No
27,49187,6,8,42,2,3,No,7,2,Yes
41,70835,5,7,39,1,3,No,4,0,No
32,83360,10,12,44,4,3,No,6,4,No
51,60683,3,7,11,1,3,Yes,0,6,No
38,100482,9,20,10,3,4,No,3,5,No
46,112302,27,27,49,4,3,Yes,7,2,No
31,19364,3,9,31,2,2,Yes,1,5,Yes
30,56380,8,12,35,1,3,No,8,5,No
25,40995,6,11,29,3,2,Yes,7,4,Yes
42,132919,16,24,46,3,4,No,7,2,No
45,98272,11,19,3,4,3,No,3,3,No
53,72063,3,8,44,1,1,No,8,2,No
47,47131,2,9,50,2,3,Yes,6,1,No
57,105374,11,19,24,1,2,No,2,2,No
56,83145,2,18,44,1,2,Yes,6,1,Yes
33,73730,12,15,45,2,3,Yes,8,2,No
42,108835,15,17,44,3,3,Yes,6,2,No
21,18000,3,4,48,4,3,No,1,6,No
53,50312,0,5,49,4,3,No,1,1,No
23,44651,2,6,29,2,1,No,6,5,No
56,159406,5,33,27,3,4,No,4,4,No
49,57247,12,13,11,1,4,No,3,3,Yes
21,41837,1,4,37,1,3,No,1,6,No
45,167293,3,27,7,1,2,No,3,0,No
32,113807,6,14,10,4,1,No,4,0,No
22,47761,4,6,22,3,4,Yes,7,5,No
25,43626,3,7,4,3,1,No,7,0,Yes
32,91470,12,12,42,3,3,No,5,5,Yes
59,53531,7,10,21,3,2,Yes,0,6,No
28,78595,10,10,26,3,3,Yes,1,4,No
53,37014,1,3,46,1,4,No,5,2,No
33,51813,1,2,24,4,4,No,8,4,No
57,18000,1,1,22,1,3,No,3,6,No
28,20928,5,9,17,1,3,No,1,5,Yes
25,48308,6,6,11,2,2,No,5,2,Yes
27,70985,4,13,16,2,1,No,3,4,No
43,140812,12,28,3,2,4,No,7,0,No
45,26724,1,1,22,3,1,No,7,6,No
28,75024,10,12,1,1,1,No,6,6,Yes
56,53281,4,7,30,3,1,No,5,5,No
54,137000,30,30,10,3,1,Yes,8,3,No
48,31721,0,4,31,1,2,Yes,4,4,Yes
25,29281,0,8,38,2,3,No,1,6,Yes
48,28886,3,6,41,4,4,No,4,4,No
43,122248,6,19,36,1,1,No,1,2,No
27,63711,8,9,4,2,1,Yes,3,3,No
41,108241,15,26,25,1,1,Yes,8,1,Yes
33,84806,3,15,1,1,3,Yes,0,5,No
41,85662,10,18,25,1,2,No,8,1,Yes
50,100781,10,10,44,2,1,No,5,3,Yes
53,106306,12,27,14,4,1,No,6,0,No
42,94544,1,16,13,3,3,No,3,0,No
22,40828,2,2,43,1,4,No,3,1,No
59,41113,3,3,19,4,3,Yes,5,2,No
41,61737,0,7,10,2,1,No,8,2,Yes
58,105973,30,32,24,1,1,No,7,5,No
39,107767,4,22,6,1,4,No,0,4,No
34,75261,12,16,5,1,3,No,4,1,No
30,90895,9,12,39,2,3,No,6,5,No
54,149334,18,32,44,1,3,Yes,3,0,No
53,144463,19,26,50,2,1,No,6,0,No
42,120974,23,23,31,4,1,No,7,3,No
58,138347,22,22,11,3,4,Yes,2,4,No
55,91290,6,13,36,3,3,No,5,0,No
24,18677,3,6,20,2,2,No,4,2,No
58,138885,7,25,25,1,1,Yes,8,1,Yes
26,18000,6,8,12,3,1,No,8,3,No
45,81955,9,18,5,2,2,Yes,1,2,No
57,30000,2,2,16,1,1,No,4,6,No
44,46865,5,7,36,3,3,Yes,5,6,Yes
32,56410,11,16,36,1,1,No,4,1,No
47,132438,9,22,26,1,4,No,5,1,No
32,46438,7,12,31,3,4,No,6,5,No
31,49529,4,14,4,3,3,No,6,5,No
45,113285,25,26,33,4,1,No,8,6,No
40,18325,2,2,30,3,3,Yes,8,4,No
42,62540,8,11,15,4,4,No,0,1,No
51,99965,15,21,16,4,4,No,3,4,No
52,107002,11,24,36,4,2,No,3,3,No
51,71142,7,10,16,1,1,No,1,3,Yes
48,129309,9,29,6,3,2,No,4,5,No
36,40066,5,5,30,4,1,Yes,7,1,No
38,22865,6,6,23,3,1,Yes,0,1,No
59,18000,0,2,1,3,2,Yes,3,1,No
47,33277,0,4,30,2,2,Yes,5,4,Yes
34,58456,3,18,22,2,2,No,0,4,No
59,136100,11,24,23,1,2,Yes,6,2,Yes
31,76222,5,11,4,3,1,No,1,3,No
27,51177,1,8,30,2,2,No,6,1,No
51,60898,7,13,27,4,3,No,1,1,No
25,19133,2,4,24,4,2,No,1,5,No
56,140322,0,31,15,4,1,No,8,5,No
60,60000,10,11,1,1,4,No,2,1,No
55,150518,4,34,31,3,4,No,4,2,No
33,71478,12,12,11,1,3,No,1,0,No
48,124685,22,23,20,4,2,No,3,2,No
38,40408,5,5,30,4,2,Yes,8,1,No
33,18368,0,1,1,1,1,No,4,6,Yes
40,142667,3,21,27,2,1,Yes,6,2,No
23,31604,1,4,47,1,1,No,6,3,No
21,18000,2,5,28,2,1,Yes,1,2,No
35,78100,2,16,30,1,3,No,6,4,No
38,131238,2,19,4,3,1,No,3,1,No
22,44655,2,2,37,3,4,No,2,6,No
60,19117,0,3,4,2,2,Yes,1,2,No
50,123845,11,28,46,2,2,Yes,2,3,Yes
56,106458,4,23,40,2,2,No,5,2,No
37,88622,4,17,1,1,4,No,1,5,No
59,85474,7,22,46,3,1,Yes,4,2,No
22,34049,5,5,6,4,3,No,2,3,No
37,105717,6,19,49,2,1,Yes,6,5,Yes
55,39747,0,0,4,1,4,Yes,8,2,No
28,28989,2,4,30,2,4,No,5,6,No
40,95554,6,20,15,3,1,No,1,3,No
49,105736,31,32,21,1,3,Yes,3,5,No
39,125846,5,22,35,1,3,No,6,1,No
47,18862,0,0,32,4,4,No,7,6,No
44,76024,2,18,11,3,4,Yes,8,2,Yes
29,46586,7,11,28,2,2,Yes,2,6,Yes
55,152718,12,27,31,1,3,No,8,4,No
24,52421,6,6,32,4,2,Yes,3,0,No
50,96715,18,24,15,4,4,No,2,5,No
27,45287,4,9,15,4,3,No,4,5,No
27,26461,0,9,25,3,1,No,8,4,No
58,63967,6,11,40,1,1,Yes,8,6,Yes
25,36946,1,8,35,1,4,Yes,0,4,Yes
52,156916,3,32,38,3,2,No,7,0,No
59,159405,35,35,49,1,2,Yes,0,0,No
46,100053,10,16,16,2,3,Yes,0,6,No
45,148942,0,23,7,1,4,No,3,5,No
28,53872,3,13,17,2,2,Yes,2,1,No
24,38928,1,1,43,3,2,No,2,0,No
45,117460,6,19,37,2,2,Yes,3,5,Yes
47,127381,8,19,25,1,4,No,5,1,No
49,138664,20,27,22,2,4,No,6,4,No
43,123330,1,24,34,2,2,No,1,6,No
32,21772,0,1,42,1,2,No,3,2,Yes
23,18000,2,4,15,4,4,Yes,8,6,No
54,70267,1,20,16,4,2,No,1,1,No
45,131923,14,28,2,3,4,No,7,0,No
59,57884,4,6,30,2,1,No,0,0,No
45,90470,9,14,43,2,2,No,7,3,No
58,28732,0,0,1,3,2,No,6,1,No
21,46718,4,4,35,2,2,No,2,3,No
42,60220,5,8,3,4,2,No,8,3,No
42,48988,8,10,40,4,1,No,5,1,No
32,45502,6,10,44,4,2,No,5,1,No
30,90338,10,12,43,2,3,No,6,5,No
53,103863,10,16,9,4,2,No,2,4,No
60,79086,11,15,1,1,1,No,8,3,No
51,163908,10,25,40,1,2,No,5,5,No
60,55325,2,12,4,2,4,No,7,6,No
40,93078,0,17,12,3,3,No,1,0,No
51,40189,1,7,18,3,3,No,4,1,Yes
32,29328,0,3,29,2,3,Yes,5,1,No
27,40929,7,10,36,4,3,Yes,3,4,No
39,118213,12,20,32,4,1,Yes,1,5,No
44,129360,5,28,44,3,2,No,2,6,No
49,93008,9,14,4,4,1,No,2,0,No
24,60303,0,8,17,1,2,No,8,4,Yes
56,146921,10,24,42,3,3,No,6,5,No
25,32154,0,0,5,4,1,No,8,5,No
50,99183,30,32,16,1,3,Yes,4,6,No
44,18000,1,1,30,1,4,No,8,5,No
29,91100,3,10,27,3,3,Yes,5,2,Yes
31,67384,14,15,8,1,3,No,0,2,No
31,76293,3,12,3,4,1,No,0,2,No
43,72589,8,14,27,2,4,No,5,6,Yes
27,80427,6,10,42,2,3,No,3,2,No
31,83599,6,15,1,4,1,No,0,0,No
45,123975,11,25,35,2,4,No,5,0,No
57,18133,2,3,30,2,3,No,5,0,No
31,49505,8,12,38,2,2,Yes,4,6,Yes
50,113003,8,25,20,1,1,No,2,6,No
27,87023,8,8,3,4,4,Yes,2,1,No
50,104614,30,32,13,1,3,Yes,2,6,No
22,53688,3,3,21,4,3,Yes,8,4,No
36,62498,3,14,45,1,3,No,1,4,No
51,84737,10,15,45,4,1,No,1,1,No
22,35105,1,3,50,1,1,No,6,2,No
53,75262,2,10,29,4,4,Yes,2,1,No
29,49354,1,13,7,2,3,No,6,4,No
26,18000,0,4,39,2,4,No,5,2,No
21,44521,2,3,28,1,2,No,7,6,No
43,96949,0,15,13,3,3,No,3,0,No
56,37177,0,4,29,2,1,Yes,4,5,No
48,184266,11,32,45,2,4,No,1,6,No
44,132844,11,25,32,4,3,No,8,3,No
39,59363,3,14,29,4,1,No,4,5,No
40,83726,0,12,46,4,4,No,4,1,No
21,39630,4,4,43,4,3,Yes,6,4,No
58,86489,0,20,37,4,4,Yes,7,6,No
57,18000,0,2,22,1,3,No,2,6,No
47,104838,6,22,35,2,4,No,0,1,No
60,205000,7,30,42,3,1,Yes,8,1,Yes
53,92611,16,20,39,3,4,No,3,1,No
24,47097,3,5,42,3,1,No,7,3,No
55,64410,18,18,36,3,4,No,3,5,No
53,68208,5,14,48,1,3,No,1,2,Yes
26,59318,1,11,8,2,2,No,1,2,No
56,123713,21,22,24,2,1,No,0,4,No
28,18000,1,3,35,3,4,No,4,3,No
37,19093,1,1,4,1,2,No,6,6,No
58,91231,4,9,38,1,2,No,1,6,No
29,61086,9,11,48,1,1,Yes,6,0,No
29,42577,10,13,26,2,4,No,3,2,No
38,53757,2,8,11,3,4,No,1,0,No
32,82501,4,14,17,4,1,No,8,1,No
58,34400,0,3,18,1,1,No,4,5,No
35,22037,0,2,37,1,2,No,1,1,Yes
30,84258,1,12,5,1,2,No,8,1,No
50,114416,6,6,35,1,4,Yes,2,6,No
52,111831,0,18,30,1,3,Yes,1,5,No
23,57744,1,4,38,4,1,Yes,8,3,No
35,56767,9,17,11,3,4,No,8,3,No
46,140090,9,23,25,1,4,No,4,2,No
45,75506,1,13,10,4,4,Yes,8,4,No
58,31350,2,4,21,2,3,No,2,3,No
22,46132,3,3,18,1,3,No,6,0,No
23,24936,0,6,25,1,4,No,8,5,No
32,30805,2,5,31,3,3,Yes,4,1,No
34,65011,4,15,46,1,3,No,1,4,No
52,184535,0,26,37,4,2,No,5,2,No
37,98037,17,19,18,1,1,No,6,4,No
24,48631,6,6,17,1,1,Yes,1,1,Yes
46,47681,4,4,17,1,4,No,2,1,No
32,57861,0,1,40,1,1,No,4,6,Yes
44,90889,10,13,28,1,1,No,8,0,No
47,92853,9,15,7,4,2,No,2,1,No
38,68305,4,6,1,3,1,No,2,6,No
37,110330,12,19,38,3,3,Yes,6,6,No
53,114572,11,25,29,3,4,No,7,5,No
60,183036,11,27,36,1,4,Yes,7,1,No
37,59837,10,15,10,2,1,Yes,0,0,No
27,30145,1,9,36,4,2,No,5,1,No
43,18000,1,4,30,4,4,Yes,1,5,No
55,166540,19,32,8,4,3,No,4,1,No
60,164759,9,29,8,3,1,No,5,0,No
21,40919,2,7,4,2,2,Yes,4,1,No
39,79383,6,12,28,4,1,No,5,1,No
26,57260,2,7,17,1,1,No,5,6,Yes
29,69302,2,10,4,1,4,Yes,2,4,No
38,71849,7,7,41,1,3,No,4,0,No
56,61945,5,12,40,1,1,Yes,8,6,Yes
55,72067,0,20,17,4,2,No,0,1,No
42,118251,12,23,34,3,3,No,8,3,No
41,120939,14,23,36,1,3,No,5,6,No
22,31000,0,2,25,1,4,No,2,2,No
49,136564,27,30,26,2,1,No,0,0,No
27,79165,7,7,42,2,3,No,2,2,No
51,90738,18,24,17,4,4,No,2,5,No
44,109000,4,20,39,2,1,Yes,3,5,Yes
40,84457,13,26,21,4,4,No,1,0,No
29,35160,1,6,32,2,4,Yes,4,3,No
44,114535,2,19,1,4,4,Yes,5,0,No
47,102886,15,17,5,2,4,No,1,5,No
50,66487,5,13,15,1,1,No,1,4,Yes
43,70930,3,3,36,4,3,Yes,2,1,No
55,120225,18,19,2,3,1,No,8,4,No
38,104883,16,19,18,1,3,No,6,2,No
37,128019,6,14,21,4,3,No,0,2,No
26,41383,1,7,13,1,3,No,6,3,No
59,57512,11,11,1,2,4,No,3,1,No
42,131576,2,23,10,1,4,No,3,6,No
32,60034,14,14,39,4,1,No,0,2,No
56,98994,9,21,41,3,4,Yes,4,1,No
46,75602,1,14,10,4,4,Yes,8,3,No
45,18000,0,0,26,4,4,No,8,6,No
50,78052,6,11,36,3,2,No,1,2,No
35,85519,9,14,45,3,4,No,5,4,No
26,18471,0,3,33,2,4,No,7,3,No
55,18237,3,4,34,2,3,No,4,0,No
34,61040,9,16,9,3,4,No,7,5,No
22,18000,3,4,32,4,2,Yes,2,1,No
40,42126,2,7,29,2,3,No,5,4,No
30,18000,1,4,26,1,2,No,7,3,No
25,91688,3,7,23,1,2,No,0,2,No
43,145369,9,25,3,2,2,No,0,5,No
55,154530,3,32,34,3,4,No,3,4,No
49,18465,0,0,29,3,2,Yes,8,5,No
25,45062,4,4,21,1,3,No,6,0,No
35,102815,3,17,35,3,4,Yes,3,1,No
40,56844,6,15,41,4,2,Yes,2,4,Yes
23,52253,0,6,23,3,4,No,8,1,No
37,33322,4,6,12,1,3,No,4,4,No
43,99038,13,18,3,4,3,No,4,1,No
52,124079,28,28,30,3,1,No,2,0,No
44,114981,6,26,42,2,3,Yes,0,0,Yes
49,97549,9,17,42,2,2,No,7,1,No
46,80768,9,16,2,2,2,Yes,2,1,No
25,21957,0,2,16,3,1,No,1,2,No
50,68706,6,13,50,3,3,No,5,5,No
45,29643,0,4,30,3,1,No,5,5,No
50,56270,0,4,21,2,4,Yes,2,1,Yes
22,47772,4,5,10,2,3,No,7,3,No
52,114950,1,22,33,1,3,Yes,0,4,No
41,130345,3,25,4,2,3,No,0,2,No
50,86472,22,24,14,3,4,No,4,6,No
52,94364,16,18,18,2,2,No,4,4,No
60,123693,5,15,17,4,2,No,6,1,No
54,92888,14,15,18,4,1,No,1,5,No
25,32829,6,6,3,4,3,No,1,6,No
47,116059,15,30,16,2,4,Yes,1,6,No
29,64935,2,10,26,1,1,Yes,2,1,Yes
43,72215,3,14,36,3,2,No,3,3,No
48,18092,1,4,5,1,2,No,6,0,No
59,61526,3,3,31,2,2,No,0,0,No
31,53953,0,9,20,4,2,Yes,1,6,No
53,96400,4,17,21,3,4,No,7,5,No
43,153789,0,24,8,1,4,No,4,6,No
40,81171,1,13,41,4,4,No,4,1,No
27,27611,2,8,41,2,3,No,4,0,No
52,188639,11,30,35,2,2,Yes,4,3,Yes
52,95939,10,13,44,2,2,No,5,3,Yes
44,109103,7,18,40,2,3,No,0,1,No
35,37342,0,6,40,3,1,Yes,1,3,No
37,82151,14,18,17,2,1,Yes,2,0,Yes
48,134918,11,29,4,3,2,No,4,4,No
23,18000,3,3,28,4,2,Yes,4,0,No
45,120170,12,22,24,1,4,No,1,3,No
60,53353,1,13,6,2,4,No,7,5,No
60,47099,0,2,34,2,4,No,0,2,No
53,183566,29,35,20,1,2,No,4,6,No
26,18000,0,3,39,1,4,No,5,1,No
31,75129,0,12,20,4,4,No,7,1,No
48,104994,13,25,15,2,1,Yes,7,4,Yes
28,44720,6,12,28,1,2,Yes,4,5,Yes
22,51564,0,3,40,4,3,Yes,7,0,No
21,18000,0,5,2,2,2,No,3,6,No
41,61666,6,8,4,4,2,No,8,3,No
23,45313,2,4,36,3,4,No,3,5,No
40,56849,1,8,1,3,3,Yes,5,6,No
58,122312,18,30,45,2,3,Yes,1,3,Yes
25,34299,4,6,18,4,3,Yes,8,2,No
33,28385,0,2,27,4,3,Yes,5,0,No
39,108877,16,20,33,3,2,No,5,3,No
25,54590,6,7,9,2,2,No,4,0,Yes
51,118623,16,26,13,2,4,Yes,0,2,No
58,79490,0,10,25,3,2,No,2,0,No
46,147512,14,25,25,3,2,No,4,5,No
27,26551,6,6,46,4,2,No,7,5,No
57,139076,12,20,7,3,3,Yes,5,3,No
54,91456,12,17,14,4,1,No,2,5,No
21,18000,1,3,33,3,3,Yes,0,3,No
53,117780,17,31,31,1,2,Yes,2,6,No
36,49818,0,5,21,4,3,No,4,4,No
44,126089,13,27,37,2,4,No,6,2,No
27,65842,1,12,26,4,2,No,1,0,No
26,61418,8,8,10,2,1,No,7,0,No
44,149260,8,28,44,1,2,No,5,3,No
23,43089,4,6,21,1,4,No,5,0,No
44,18000,0,3,32,1,4,No,7,4,No
21,19617,3,3,50,3,3,No,5,4,No
45,107010,10,14,12,2,2,Yes,1,2,No
35,34459,2,2,47,2,1,Yes,0,5,Yes
26,38962,5,5,8,3,3,No,5,4,No
34,88048,13,13,41,3,3,No,5,6,Yes
53,89328,7,16,50,1,3,No,8,0,No
40,84348,9,16,5,2,4,No,7,2,No
54,79216,4,6,46,1,4,No,3,1,No
51,77895,12,17,31,3,2,No,5,4,No
40,107600,14,17,45,2,3,Yes,7,1,No
38,124228,2,19,45,4,1,No,7,4,Yes
60,82189,5,13,25,3,2,No,4,2,No
37,120567,1,22,4,1,4,No,2,3,No
59,117063,3,22,6,1,2,No,1,1,No
40,100642,8,14,36,4,3,No,3,2,No
45,45942,4,10,38,2,2,No,2,3,No
43,57601,8,10,14,4,4,No,0,0,No
39,113783,10,15,43,4,4,No,3,1,No
49,52891,6,6,30,3,4,No,2,2,No
36,63127,16,17,19,4,3,No,1,2,No
28,64097,2,7,50,2,4,No,4,4,No
58,138421,25,27,34,3,1,Yes,0,3,No
41,34954,1,4,33,1,3,Yes,8,3,Yes
29,81031,7,12,40,2,2,No,7,0,No
38,62764,4,15,15,3,3,Yes,2,6,No
50,103536,7,16,24,3,3,Yes,0,0,Yes
25,32427,0,0,7,2,2,No,8,0,No
31,64018,8,13,13,4,2,No,0,4,No
36,80354,11,12,15,2,3,Yes,5,5,No
47,88611,3,16,37,2,2,No,3,5,No
39,109030,2,14,11,1,1,Yes,6,2,No
36,18804,0,0,40,4,2,Yes,6,1,No
49,31307,4,5,11,2,2,No,8,2,Yes
28,82611,10,10,3,1,1,No,7,6,Yes
40,131556,3,24,16,4,1,Yes,8,0,No
22,40216,2,4,26,2,4,No,8,4,No
30,27181,5,11,2,2,1,No,3,4,Yes
45,137999,26,27,35,2,2,Yes,7,0,No
54,162554,26,34,14,3,3,No,0,5,No
51,31980,2,2,4,3,1,Yes,5,3,No
45,125109,3,26,50,4,2,No,4,6,No
24,42455,0,6,12,2,4,No,6,3,Yes
27,59245,0,9,38,1,1,Yes,5,5,Yes
49,92125,9,16,46,4,1,No,2,3,No
23,42311,4,4,33,2,3,Yes,0,2,Yes
60,88753,11,23,42,1,2,No,0,5,Yes
60,54449,1,11,2,2,4,No,6,5,No
24,65962,5,7,18,3,1,No,3,0,No
42,80359,8,9,42,1,4,No,3,0,No
30,76926,0,9,21,4,4,No,8,0,No
41,85951,9,15,25,1,2,No,7,2,Yes
54,106229,0,16,6,2,1,Yes,4,0,Yes
54,150929,20,29,43,1,3,Yes,3,0,No
28,85398,4,10,24,3,3,Yes,6,2,Yes
31,51970,4,13,14,2,2,Yes,2,1,No
52,18004,1,1,30,3,2,Yes,7,5,No
53,135051,19,26,25,3,1,Yes,5,5,No
40,39863,1,1,43,2,2,Yes,7,2,No
21,22395,3,3,37,2,3,No,3,6,No
34,88138,13,13,42,3,3,No,5,6,Yes
49,93330,9,13,3,4,1,No,3,0,No
33,58567,14,16,37,4,1,No,1,1,No
22,51836,3,6,1,4,3,No,8,1,No
32,91414,7,9,44,4,1,No,6,5,No
47,42828,1,10,11,1,3,Yes,3,4,No
24,27877,1,5,33,2,1,Yes,2,0,Yes
51,88432,17,18,2,3,1,Yes,4,6,No
40,82733,1,14,43,4,4,No,4,1,No
24,37573,1,6,46,4,1,No,5,1,Yes
28,73143,2,2,29,1,3,Yes,4,0,Yes
29,38366,2,6,9,4,3,No,6,0,No
57,131851,24,30,34,2,1,Yes,0,3,No
44,162953,4,26,10,1,2,No,1,2,No
51,77728,12,18,32,3,2,No,5,4,No
47,89797,14,17,16,3,3,No,7,4,Yes
57,163226,15,33,29,1,1,No,7,4,No
41,105772,18,22,5,3,2,Yes,7,4,No
30,39697,2,3,34,1,4,Yes,3,3,No
40,78361,5,12,33,3,3,No,2,4,No
25,58690,3,7,34,1,2,Yes,6,1,Yes
39,130247,17,17,32,2,1,No,2,5,No
44,134254,14,26,30,2,4,Yes,4,5,No
38,42596,5,6,31,4,1,Yes,7,0,No
29,36072,5,5,11,2,2,No,0,3,No
56,140682,14,27,27,2,3,No,8,3,No
24,18000,1,6,3,3,4,Yes,8,4,Yes
53,57969,0,7,24,2,3,Yes,2,4,No
52,58626,2,11,12,2,2,Yes,3,4,No
53,37129,0,4,12,1,4,No,4,3,No
31,83339,1,5,26,3,3,No,8,0,No
43,139448,0,28,42,1,3,No,0,3,No
24,26339,0,2,38,2,2,Yes,1,4,No
25,61925,7,8,11,2,3,Yes,4,2,No
25,20630,2,2,18,3,2,No,3,3,No
54,101845,11,28,8,2,1,No,7,0,No
52,150975,12,32,17,3,4,Yes,2,3,No
37,18000,0,0,47,1,2,No,8,2,No
55,18833,0,0,7,3,4,No,5,1,No
42,61250,5,10,1,4,2,No,8,3,No
59,126286,3,21,5,1,2,No,1,1,No
31,68720,11,14,47,4,2,No,0,2,No
40,94833,8,18,44,3,4,No,4,2,No
57,75333,3,9,22,2,2,No,3,1,No
40,101052,6,21,22,1,3,Yes,4,2,No
59,144335,15,34,13,1,3,No,7,2,No
43,91800,3,12,18,4,3,No,4,4,No
39,18207,3,4,8,3,3,Yes,3,3,No
60,65663,10,10,1,1,4,No,1,1,No
60,177317,12,27,36,1,4,Yes,8,2,No
47,168966,9,31,50,1,4,No,7,4,No
56,98064,8,8,17,4,1,Yes,8,2,No
32,39700,0,12,17,4,2,No,8,0,No
27,41701,3,11,15,4,3,No,4,4,No
49,147453,13,30,21,4,1,Yes,6,6,No
59,147201,12,28,10,1,2,No,7,1,No
52,89299,10,18,9,2,2,No,7,3,No
55,109525,27,28,32,3,1,No,0,4,No
26,56183,7,8,26,2,1,No,0,2,Yes
56,174513,4,32,44,3,1,Yes,1,3,Yes
48,97859,8,16,43,2,2,No,6,2,No
56,75078,6,17,30,1,2,No,6,4,No
39,98998,11,15,29,1,2,No,7,2,Yes
58,70171,5,16,29,1,2,No,5,5,No
50,135250,31,31,42,2,3,Yes,8,0,No
30,42643,2,13,14,4,2,No,7,0,No
56,36112,2,5,41,3,4,No,5,6,No
25,87561,6,6,19,1,4,No,2,3,No
23,19231,2,6,27,4,2,No,0,5,No
30,44783,1,12,14,4,2,No,7,0,No
50,170246,2,32,12,3,2,Yes,0,0,No
27,18000,0,2,41,3,3,Yes,4,5,Yes
49,98402,3,20,22,4,3,No,4,5,No
51,101014,30,32,16,1,4,Yes,4,6,No
34,98315,5,19,38,4,2,No,0,2,No
29,27697,0,10,27,3,1,No,8,4,No
54,143824,23,32,3,2,4,No,0,6,No
54,79830,5,17,49,2,4,Yes,1,3,No
39,95757,7,20,40,3,4,No,5,3,No
40,87048,10,16,5,3,3,No,6,1,No
57,169028,25,34,6,1,2,No,2,0,No
49,148787,12,31,18,4,1,Yes,7,5,No
46,61622,2,7,26,2,4,Yes,1,6,Yes
50,67935,4,14,15,1,1,No,2,4,Yes
60,38834,0,6,3,2,2,No,7,6,No
32,52390,12,15,35,1,1,No,4,2,No
55,136176,22,26,21,2,4,No,7,5,No
37,77709,13,19,22,4,1,No,4,4,Yes
58,76731,12,14,14,4,1,Yes,3,3,No
33,99957,10,16,28,3,3,No,1,0,No
56,19091,0,8,31,3,4,Yes,6,5,Yes
27,47533,2,10,32,2,1,No,5,3,Yes
59,187505,32,34,21,2,1,No,6,5,No
41,114387,15,16,45,4,3,Yes,7,2,No
43,118287,8,27,39,2,3,Yes,0,0,Yes
48,85575,8,13,37,2,1,Yes,2,5,No
33,61782,2,15,1,4,1,No,5,5,No
21,18484,1,1,30,4,2,Yes,2,0,No
26,69202,2,9,23,4,2,No,0,1,No
34,69785,10,11,31,4,2,Yes,8,3,No
48,76305,5,9,50,3,4,Yes,4,0,No
59,53998,5,9,6,2,1,No,1,2,No
49,64019,8,8,17,1,2,No,8,3,No
25,57367,1,4,32,2,4,Yes,4,6,Yes
48,86877,3,16,13,4,3,No,6,6,No
31,54998,6,10,41,4,4,No,6,2,No
47,111235,16,28,18,2,4,Yes,2,6,No
40,35552,0,2,11,1,3,No,4,5,No
35,81013,11,17,35,4,1,No,7,3,No
26,52349,7,8,26,2,1,No,1,2,Yes
51,150067,12,33,46,1,3,No,2,6,No
32,67416,1,14,41,3,3,Yes,5,0,Yes
21,20035,1,3,30,3,1,No,5,3,Yes
60,143197,1,23,41,1,1,No,4,3,Yes
57,97917,11,22,45,1,2,No,0,6,Yes
54,59949,5,6,21,1,3,No,4,5,No
52,58769,0,7,30,4,2,Yes,0,4,Yes
58,53693,3,5,34,2,1,No,0,0,No
40,56997,4,8,3,3,3,Yes,4,5,No
37,44094,6,11,31,1,2,No,0,5,Yes
34,35783,3,3,7,4,4,No,4,0,No
24,29014,0,8,40,2,3,No,0,4,Yes
53,63045,0,11,21,2,2,No,5,2,Yes
45,162685,2,19,17,1,3,No,3,1,No
59,85306,13,13,26,4,1,No,8,0,No
53,120770,27,28,27,3,1,No,3,0,No
59,148885,11,28,11,1,2,No,7,0,No
24,58341,0,7,19,1,2,No,8,6,Yes
43,121949,7,19,35,1,1,No,1,2,No
29,52790,3,7,19,4,2,Yes,3,5,Yes
23,41306,3,7,6,3,2,No,5,3,No
52,117331,1,16,33,1,2,No,1,0,No
25,55033,0,0,14,1,1,No,0,5,No
50,108176,7,10,24,3,3,Yes,0,0,Yes
48,84906,3,14,12,4,2,No,6,6,No
46,113209,6,28,24,1,4,Yes,5,6,No
46,100916,5,17,34,2,3,No,0,1,No
57,135667,25,33,30,1,2,Yes,6,2,No
22,18000,3,3,50,4,3,No,1,4,No
49,81099,7,15,38,2,2,No,1,2,No
50,122159,2,17,35,1,2,No,2,0,No
42,19713,0,0,31,3,1,No,3,3,No
27,67825,6,8,4,2,1,Yes,2,4,No
41,108310,10,15,43,4,4,No,3,3,No
57,74374,6,9,15,1,1,Yes,0,1,No
37,77809,15,19,22,4,1,No,5,3,Yes
51,147217,8,26,39,1,1,No,7,3,Yes
34,89468,6,15,25,3,2,No,5,0,No
27,21701,5,12,15,1,4,No,1,4,Yes
44,154057,7,22,40,3,4,Yes,1,0,No
29,18235,0,0,25,2,2,No,6,3,No
35,70027,14,16,33,3,2,Yes,2,6,Yes
60,141752,9,23,26,1,2,Yes,6,2,Yes
35,84592,6,16,14,2,1,No,4,1,No
44,65164,6,15,44,1,1,Yes,4,6,Yes
22,43892,4,4,24,1,3,No,5,2,No
42,142191,1,22,21,4,2,Yes,2,4,No
32,82042,8,9,37,4,1,Yes,1,3,No
50,106498,9,16,23,4,3,No,3,4,No
40,117964,7,20,20,1,4,No,1,5,No
24,41651,2,2,21,3,2,No,3,3,Yes
33,76371,2,19,39,2,4,No,3,6,No
58,130459,2,32,13,4,1,No,7,4,No
57,108870,7,22,28,3,2,No,5,1,No
50,142840,12,30,18,4,2,Yes,6,5,No
39,75082,11,24,18,4,4,No,0,0,No
46,74113,2,14,7,4,4,Yes,8,5,No
43,125857,10,25,14,3,3,Yes,3,5,No
38,105946,17,23,5,3,2,Yes,6,4,No
37,55150,10,17,14,3,3,No,8,4,No
27,58017,0,12,18,1,2,No,7,5,Yes
30,77875,5,12,18,1,2,No,1,4,No
35,29756,0,1,8,1,4,Yes,6,3,No
56,28958,1,2,12,3,4,No,3,1,No
38,130406,2,20,3,3,1,No,2,1,No
43,62034,3,8,41,2,4,No,5,3,No
33,90303,5,15,29,4,3,Yes,5,4,No
41,29287,3,5,19,4,2,No,7,2,No
59,144401,11,28,1,2,4,Yes,2,0,No
44,42885,5,10,33,2,2,No,2,4,No
25,18130,2,5,8,3,4,Yes,7,4,Yes
40,59180,2,15,25,4,1,No,3,5,No
42,57744,4,9,42,3,3,No,1,4,No
24,53825,0,6,22,4,4,No,2,2,No
26,62782,0,9,7,2,1,No,0,2,No
52,74330,2,8,27,4,4,Yes,4,1,No
25,40872,1,8,33,1,1,No,4,3,Yes
36,64055,4,14,45,1,3,No,1,4,No
37,67105,15,15,21,4,3,No,0,3,No
55,19131,0,1,5,4,4,No,5,2,No
37,89619,7,21,40,3,3,Yes,8,4,No
42,73682,3,12,36,2,2,No,2,4,No
25,35703,7,7,48,4,1,Yes,2,4,Yes
59,53001,2,13,5,2,4,No,7,4,No
59,81588,12,15,15,4,1,Yes,2,4,No
31,68241,6,13,32,4,4,Yes,3,5,No
54,142985,28,31,12,4,1,Yes,8,2,No
59,50875,0,12,6,2,4,No,7,5,No
37,82106,7,15,38,2,1,Yes,4,2,Yes
23,18000,1,6,26,3,3,Yes,3,2,No
31,63260,9,12,11,4,4,Yes,8,5,Yes
53,82783,4,7,46,2,4,No,2,0,No
35,53815,10,18,9,2,4,No,8,5,No
47,34918,0,0,47,3,3,No,4,2,No
48,70465,6,12,14,2,3,No,6,3,No
58,93194,4,9,41,2,3,No,2,6,No
54,26210,0,1,1,1,4,Yes,8,4,No
30,69689,3,13,22,4,3,No,8,0,No
43,101067,5,13,48,2,1,No,6,2,No
38,88124,18,18,2,4,3,No,2,6,No
56,135631,13,29,30,2,3,No,8,5,No
26,49981,4,6,1,4,2,No,7,5,No
58,120550,4,22,5,2,2,No,2,2,No
37,83810,8,16,12,2,3,No,1,3,No
40,135518,3,25,15,4,1,Yes,8,0,No
36,95473,16,16,39,4,3,No,2,5,No
44,132675,13,24,6,4,4,No,7,0,No
21,49143,1,1,47,4,3,No,4,2,No
37,65738,4,12,16,2,1,No,8,6,No
44,44696,5,12,36,2,2,No,2,4,No
33,70773,3,16,41,3,2,No,3,5,No
25,64838,2,6,13,1,2,Yes,6,4,No
54,64315,9,9,44,3,1,No,0,0,Yes
46,79623,11,12,33,1,2,Yes,2,6,Yes
46,144233,18,28,44,1,2,No,3,2,No
27,47051,2,9,33,1,1,No,5,3,Yes
58,132841,22,29,29,3,1,Yes,1,3,No
40,61705,0,5,48,4,1,No,0,1,No
32,61216,0,10,22,4,3,Yes,0,6,No
45,99743,9,14,16,3,2,Yes,1,3,No
33,99373,7,17,21,2,4,No,5,3,No
54,145546,12,31,15,4,4,Yes,3,1,No
29,21619,6,10,18,1,3,No,1,6,Yes
47,136147,13,29,26,4,4,Yes,6,4,No
54,23620,0,0,1,1,4,Yes,7,4,No
27,73161,6,6,31,3,1,No,8,4,No
37,96269,14,18,11,2,4,No,8,4,No
31,85030,10,12,46,2,3,No,5,6,No
57,95515,7,10,37,4,3,No,6,0,No
41,47303,8,9,39,4,1,No,5,0,No
28,65846,1,11,44,1,1,Yes,7,3,Yes
49,136130,18,27,10,2,3,Yes,1,2,No
54,111373,27,30,29,3,2,No,1,3,No
46,96815,11,17,15,2,3,Yes,0,5,No
26,50562,4,5,47,2,3,No,3,1,Yes
38,150164,1,20,25,2,1,Yes,5,0,No
27,39356,0,7,13,2,3,No,5,3,No
25,18000,5,6,35,2,2,No,0,2,Yes
32,97661,5,12,50,2,2,No,4,6,Yes
33,53355,4,12,12,2,4,No,7,4,No
40,115869,17,21,16,2,4,No,5,5,No
47,45802,1,1,14,1,4,No,0,1,No
38,120668,11,20,43,3,4,Yes,7,6,No
21,22939,1,2,4,2,1,Yes,2,4,No
38,18000,0,0,24,1,3,No,5,4,Yes
35,67585,3,17,43,1,4,No,4,6,No
53,19221,2,2,37,1,1,No,6,5,Yes
42,98068,1,18,14,2,3,No,3,0,No
51,98068,30,30,16,1,3,Yes,1,6,No
32,87327,5,15,12,4,4,No,4,6,No
44,122477,24,28,36,3,4,No,2,6,No
51,157978,15,34,39,2,1,No,2,2,No
41,116046,8,19,34,1,1,No,3,1,No
39,130341,13,20,40,3,1,No,4,4,No
26,57441,3,8,17,1,1,No,6,6,Yes
52,52941,0,7,31,1,2,No,8,1,No
59,95593,12,23,47,1,2,No,0,6,Yes
44,157809,24,26,9,4,4,No,0,0,No
50,113062,7,24,18,1,1,No,1,6,No
22,18125,1,4,27,3,3,Yes,3,3,No
53,115172,13,29,49,2,3,Yes,2,3,Yes
47,23689,2,2,6,3,4,No,8,3,No
32,25704,0,2,3,1,2,Yes,5,0,No
32,83108,0,13,37,1,2,No,4,0,Yes
40,20709,0,0,47,4,4,No,1,1,No
50,119885,21,21,18,1,4,No,4,0,No
25,18000,2,5,11,3,4,Yes,7,4,Yes
39,129234,7,20,21,3,4,No,1,4,No
35,106170,6,17,44,2,1,Yes,6,6,Yes
50,71537,6,11,50,3,4,Yes,2,0,No
40,114911,16,21,36,2,1,No,1,6,No
39,74665,4,18,13,2,1,Yes,4,3,No
39,54987,2,9,12,3,4,No,1,0,No
29,58224,5,12,10,1,3,No,6,1,Yes
52,114782,3,30,24,2,4,No,2,0,No
48,70878,8,10,16,1,1,No,2,5,Yes
37,84722,2,13,13,1,2,Yes,8,2,No
27,67756,3,7,13,1,2,Yes,7,2,No
21,18000,0,3,30,3,3,Yes,0,2,No
32,100417,2,13,9,1,2,No,2,6,No
41,38283,5,7,39,1,2,No,6,0,No
30,87810,4,14,11,4,1,No,7,2,No
28,85086,3,7,35,3,1,No,6,2,No
52,84932,5,16,47,1,3,No,8,1,No
26,64336,7,7,12,1,3,No,4,2,No
59,38982,4,5,16,1,2,No,0,0,No
39,91720,17,21,9,2,4,No,8,5,No
32,105133,12,13,35,3,1,No,3,2,No
39,56594,2,4,3,2,3,Yes,7,6,No
55,54589,1,6,27,2,3,Yes,2,5,No
34,40384,11,12,46,3,3,Yes,5,5,No
56,95488,8,20,44,3,4,Yes,3,1,No
52,71467,3,8,46,1,1,No,8,3,No
23,18000,0,4,46,4,2,Yes,4,3,No
40,45557,3,8,30,1,3,No,5,4,No
60,183408,32,34,22,2,1,No,6,5,No
50,99008,11,19,22,3,3,No,4,4,No
52,20517,2,5,12,2,2,No,8,6,No
51,138727,14,29,27,2,2,No,5,3,Yes
43,110531,13,16,30,2,3,No,2,5,No
32,44436,4,11,39,4,1,Yes,4,6,No
38,39695,11,11,12,3,4,No,4,2,No
26,22444,5,10,20,1,3,No,0,4,Yes
36,110531,13,19,24,1,1,Yes,4,5,No
28,76219,6,13,13,2,2,No,2,2,No
51,104422,8,8,42,2,1,No,5,2,Yes
52,33938,3,4,37,1,3,No,3,3,Yes
53,68796,9,9,1,3,4,Yes,7,3,No
22,44454,2,2,27,2,4,No,8,4,No
35,84768,3,17,17,2,1,No,4,3,No
37,27542,5,7,19,4,2,No,6,1,No
42,38166,0,0,46,2,2,Yes,8,3,No
53,37285,1,3,45,1,4,No,5,2,No
59,187302,0,36,4,3,4,Yes,6,5,Yes
44,33243,4,7,37,2,1,No,8,6,Yes
38,56688,2,9,10,3,4,No,1,0,No
40,82557,8,9,27,4,1,No,3,1,No
43,108973,12,27,15,4,3,Yes,3,0,No
25,56410,2,7,9,4,4,No,0,6,No
32,73686,6,8,38,4,1,Yes,0,3,No
31,49531,12,13,14,1,4,No,4,3,No
54,101228,5,21,43,2,2,No,6,0,No
22,18000,2,2,48,4,3,No,1,5,No
46,63974,6,6,3,2,3,No,0,1,No
31,58197,0,0,38,1,1,No,5,4,Yes
49,152236,12,31,18,4,1,Yes,7,4,No
55,127638,25,34,28,1,2,Yes,7,2,No
30,66241,9,12,11,4,4,Yes,8,5,Yes
42,114998,17,25,22,4,1,No,3,3,No
39,124043,18,22,47,1,1,No,7,2,No
43,90095,1,14,10,3,3,No,3,1,No
47,100268,15,15,29,4,4,No,7,4,No
50,167485,9,29,39,1,2,No,7,5,No
32,106157,0,16,9,1,2,No,1,6,No
49,111190,18,20,12,2,1,No,4,0,No
43,131416,10,27,18,3,3,Yes,2,5,No
54,168323,26,33,13,3,3,No,0,5,No
38,95858,15,20,12,2,4,No,8,4,No
59,166041,34,35,47,1,2,Yes,3,1,No
27,79688,6,8,40,3,3,No,4,1,No
28,62421,9,10,30,1,2,No,7,4,Yes
36,93865,16,17,9,3,1,No,6,4,No
46,18000,0,1,28,4,4,No,8,6,No
50,144155,10,23,11,2,2,No,4,6,No
43,19787,0,3,41,4,4,No,8,5,No
45,63072,2,8,26,2,4,Yes,1,6,Yes
23,53201,4,4,48,3,4,No,4,0,Yes
24,67748,2,7,13,1,2,Yes,7,3,No
60,197928,7,31,47,4,1,Yes,8,2,Yes
39,111658,2,18,43,1,4,No,3,3,No
47,145073,13,27,26,1,2,No,5,1,Yes
33,60255,3,5,20,4,1,Yes,7,4,No
59,149452,12,27,10,1,2,No,7,2,No
28,48613,4,7,30,3,3,No,7,1,No
24,18000,0,5,5,3,4,Yes,8,5,Yes
27,65745,5,9,13,1,4,Yes,8,5,No
51,18128,1,2,46,1,2,Yes,1,0,Yes
57,109801,8,15,42,2,3,No,5,2,No
58,130705,5,17,19,4,2,No,4,1,No
54,42917,0,5,26,4,3,Yes,6,4,Yes
28,77864,2,12,25,3,3,Yes,6,3,Yes
54,87506,12,18,11,4,1,No,2,4,No
26,70489,8,8,39,2,2,No,1,6,No
44,18304,0,5,23,3,3,Yes,2,5,No
55,19201,0,1,6,3,4,No,6,2,No
52,54301,0,7,30,1,2,No,7,1,No
50,53278,0,4,48,4,3,No,1,1,No
28,45119,3,7,46,2,3,No,2,0,No
31,74453,10,10,50,2,1,No,0,1,Yes
51,63792,2,7,4,4,4,Yes,3,4,No
50,115700,17,30,20,3,3,No,2,5,No
48,35664,2,5,4,2,4,No,0,4,No
29,68968,4,12,8,1,4,Yes,2,5,No
24,45352,4,6,41,3,1,No,7,3,No
59,32005,0,1,19,1,1,No,3,6,No
26,60366,7,9,1,3,1,Yes,4,3,No
49,138496,28,30,29,2,1,No,0,0,No
31,47718,0,10,33,2,2,No,5,2,No
58,61828,4,5,28,4,2,Yes,7,5,No
44,120296,4,24,47,4,2,No,3,6,No
57,24394,1,1,7,4,3,Yes,5,2,Yes
21,37412,1,3,7,2,2,No,0,1,No
59,78349,10,17,3,1,1,No,8,3,No
37,75189,9,10,39,3,4,No,5,3,No
27,82700,0,7,47,4,4,No,7,2,Yes
50,174931,8,30,50,2,3,No,8,4,No
38,37777,8,9,14,3,4,No,5,1,No
55,67472,0,22,18,4,2,No,1,0,No
51,56188,5,8,46,3,1,No,1,4,Yes
46,152185,0,27,43,1,2,No,5,3,No
21,18000,2,3,44,2,4,No,4,1,No
25,62479,6,9,8,1,3,No,4,2,No
44,92228,4,6,29,1,3,No,7,6,No
35,18000,2,2,34,2,1,No,4,3,Yes
25,55152,5,7,14,2,2,No,4,0,Yes
51,30153,4,4,42,4,4,No,5,4,No
59,75700,10,16,3,1,1,No,8,3,No
40,61689,11,13,9,3,1,No,1,3,No
27,18000,1,3,37,2,4,No,6,2,No
43,59901,4,10,44,4,3,No,0,4,No
53,59621,0,4,29,2,3,Yes,3,4,No
44,123714,14,22,46,4,1,No,7,1,No
56,146900,13,26,32,2,3,No,8,3,No
50,69179,9,12,18,2,2,No,5,3,No
46,37955,2,4,25,4,2,No,7,5,No
54,67438,2,18,16,4,2,No,2,0,No
29,58554,7,12,7,1,3,No,5,2,Yes
33,58615,1,13,1,4,1,No,7,4,No
46,149826,6,28,48,1,3,No,6,3,No
58,131929,21,25,15,1,3,No,6,4,No
51,138146,30,32,36,2,4,Yes,8,0,No
46,111812,10,26,1,3,4,Yes,5,4,No
30,64632,9,14,44,3,1,Yes,2,4,Yes
40,100575,1,23,39,2,4,No,4,3,No
30,75802,6,10,14,2,3,No,3,3,No
21,36202,1,2,2,1,2,No,5,5,No
53,34535,4,4,37,1,3,No,3,3,Yes
23,73640,4,6,23,2,4,Yes,5,3,No
38,43269,2,9,32,4,2,No,3,0,No
58,93409,1,13,37,3,4,No,1,2,No
45,76290,10,13,35,2,2,Yes,2,6,Yes
46,84791,7,13,32,1,1,Yes,3,5,No
50,172977,12,32,12,1,3,No,7,1,No
23,48910,2,5,25,2,2,No,6,5,No
58,121195,4,21,7,1,2,No,1,1,No
44,84257,12,12,1,2,4,No,7,2,No
38,129990,13,19,46,3,2,No,6,4,No
55,133559,0,24,27,3,4,No,1,6,No
37,18000,0,0,24,4,4,No,2,1,No
40,21542,4,4,18,3,1,Yes,3,0,No
53,119202,14,23,49,2,1,No,2,5,No
40,39596,0,0,44,2,2,Yes,8,1,No
54,101389,0,15,6,2,1,Yes,4,0,Yes
33,109170,4,14,10,1,3,No,4,2,No
53,40505,1,2,10,3,3,Yes,2,1,No
40,36240,4,8,41,1,2,No,5,0,No
30,76275,5,12,6,4,1,No,0,2,No
28,80328,7,8,29,3,1,No,8,5,No
24,48394,2,5,28,2,1,No,6,5,No
51,59669,4,4,20,1,1,No,7,5,No
49,45658,4,6,14,1,3,Yes,0,5,No
48,18319,0,0,25,2,4,Yes,1,6,No
56,53925,2,8,28,3,1,No,4,5,No
25,90491,5,5,11,4,3,No,2,0,No
57,183623,14,33,27,3,4,Yes,6,1,Yes
28,84855,0,8,1,2,4,Yes,2,0,Yes
40,44119,0,0,10,4,3,No,3,2,No
28,65456,1,10,38,1,2,Yes,8,4,Yes
60,132325,27,27,10,1,3,No,5,3,No
41,95186,10,16,27,1,2,No,7,2,Yes
49,99572,14,15,30,1,4,No,1,3,No
26,61858,4,8,28,1,1,Yes,3,0,No
22,19571,1,3,37,1,3,No,2,4,No
41,132578,3,21,13,4,1,Yes,8,1,No
50,137630,31,31,38,2,3,Yes,8,0,No
38,18000,0,0,26,4,4,No,1,1,No
44,55321,4,6,4,4,2,No,8,2,No
22,18000,0,5,19,4,3,No,4,6,No
55,83843,2,18,46,1,2,Yes,5,2,Yes
58,18956,4,4,33,3,3,No,6,1,No
52,142812,29,31,24,3,2,No,5,5,No
40,58646,5,8,1,4,2,No,7,3,No
24,50311,6,7,12,2,2,No,4,2,Yes
43,74571,8,16,25,2,3,No,4,6,Yes
44,150237,25,26,34,2,2,Yes,5,1,No
38,133083,4,19,41,3,1,No,8,6,Yes
46,102731,9,15,14,2,3,Yes,0,6,No
52,57523,13,16,2,3,4,No,7,3,No
36,107517,4,17,35,4,4,Yes,4,2,No
48,71172,4,17,12,2,3,No,7,4,No
25,57368,4,6,35,1,2,Yes,6,1,Yes
57,135680,1,31,16,4,1,No,8,5,No
27,49590,0,10,27,3,3,No,7,0,No
24,50074,4,5,50,1,4,Yes,0,6,Yes
38,65651,6,6,40,1,3,No,4,1,No
39,128122,14,19,41,3,2,No,6,4,No
55,77607,5,14,47,2,4,Yes,2,2,No
34,41075,10,10,48,3,2,Yes,6,4,No
32,34827,4,7,14,1,2,No,1,4,No
30,65787,4,11,29,3,3,No,3,4,Yes
51,118132,23,26,7,2,3,No,0,6,No
38,43225,5,5,29,4,1,Yes,7,1,No
45,27603,2,2,35,2,3,No,5,4,No
31,75687,14,14,34,3,2,Yes,8,2,No
54,107949,29,30,26,3,2,No,2,3,No
34,85945,8,17,14,2,3,No,2,1,No
41,48527,7,14,42,3,2,Yes,1,4,Yes
48,18000,2,3,4,1,2,No,6,0,No
59,78298,9,15,3,1,1,No,7,3,No
51,116490,0,31,24,2,2,No,6,4,No
40,114087,20,22,26,3,3,No,8,1,No
49,150771,17,33,30,1,3,No,5,5,No
48,130675,7,31,6,4,2,No,2,2,No
24,60788,0,7,18,2,4,No,6,4,No
54,108660,11,27,12,3,1,No,7,0,No
39,93524,17,22,19,3,2,No,4,3,No
29,46211,3,7,47,3,3,No,3,0,No
30,51362,4,6,15,3,2,Yes,0,2,No
22,46485,1,3,12,1,3,Yes,8,5,Yes
54,91281,13,16,15,4,1,No,1,4,No
45,157121,19,26,37,1,4,Yes,8,3,No
25,18106,5,6,10,1,1,No,7,5,No
41,38948,0,0,44,2,2,Yes,8,1,No
38,55786,0,4,1,2,3,Yes,7,6,No
54,89458,2,21,30,3,1,No,7,0,No
24,45929,1,4,44,2,2,Yes,2,4,No
39,18077,1,1,28,2,2,Yes,5,2,No
58,34098,0,0,20,4,3,No,1,0,No
39,127838,17,23,14,4,3,Yes,5,3,Yes
21,18243,2,2,20,2,1,Yes,0,3,No
45,29514,4,5,38,3,1,No,5,6,Yes
57,34759,0,0,22,4,3,No,3,0,No
32,59083,5,13,10,2,2,Yes,0,1,No
58,67464,2,10,44,3,3,Yes,8,2,Yes
39,36497,3,9,45,1,2,No,7,0,No
32,85989,11,15,22,1,2,Yes,6,5,No
46,142826,4,19,17,1,3,No,2,3,No
60,157055,21,29,50,1,1,Yes,2,0,Yes
32,52142,4,11,15,3,3,No,8,3,No
28,75184,3,3,27,1,3,Yes,4,0,Yes
48,143580,14,28,24,2,2,No,6,2,Yes
39,78020,7,11,28,3,1,No,5,1,No
21,47969,3,3,36,2,3,No,2,4,No
50,83465,8,12,14,3,2,No,6,1,No
54,18811,0,2,39,1,2,No,5,6,No
28,48081,3,8,30,2,3,No,4,1,No
22,44329,3,4,10,2,3,No,6,2,No
29,70605,4,10,16,2,2,No,3,3,No
45,26449,0,3,28,4,1,No,6,5,No
52,45137,10,12,2,2,3,Yes,6,1,No
52,147546,6,27,39,1,1,No,7,3,Yes
26,18000,0,1,1,4,4,No,4,5,No
46,26816,0,2,30,3,1,No,7,6,No
58,61351,2,12,46,4,3,Yes,8,3,Yes
37,56402,0,7,8,3,4,No,1,0,No
42,55636,1,4,18,3,2,No,6,3,No
35,65296,0,13,9,1,2,Yes,6,0,Yes
34,103033,11,18,45,3,4,Yes,3,3,Yes
43,79670,9,9,14,2,4,No,1,6,No
39,86029,10,23,39,3,4,Yes,8,5,No
33,80484,12,13,16,1,1,Yes,5,6,No
35,103249,12,12,38,4,4,No,3,5,No
24,18000,7,7,36,2,2,No,0,2,Yes
48,40605,0,0,47,3,3,No,4,3,No
35,106470,11,17,45,3,4,Yes,4,3,Yes
48,83217,7,12,17,2,2,No,5,1,No
31,60766,2,13,9,1,3,No,4,6,No
22,45234,0,3,27,1,2,No,7,6,No
55,144678,3,31,33,3,4,No,3,3,No
35,62917,2,11,49,2,4,Yes,5,5,No
60,168142,2,26,27,2,2,Yes,0,5,Yes
33,65264,11,16,45,4,1,No,2,0,No
27,60764,0,10,32,2,1,No,1,3,Yes
43,18853,2,2,29,2,2,Yes,6,3,No
32,86752,4,16,47,3,2,Yes,3,4,No
29,82025,10,10,25,3,3,Yes,2,3,No
37,57028,1,13,2,3,4,Yes,1,1,No
57,138694,24,33,32,1,1,Yes,7,2,No
54,87572,4,23,28,3,1,No,6,1,No
60,136859,26,29,40,1,2,Yes,1,4,No
58,132419,18,31,45,2,4,Yes,1,3,Yes
38,47183,5,12,35,1,1,No,1,3,Yes
21,26929,1,2,12,4,4,No,8,5,No
58,184566,17,31,29,1,1,No,7,4,No
56,90903,9,9,37,3,2,No,7,3,No
53,61927,0,11,19,2,2,No,5,3,Yes
40,115598,6,23,35,1,3,No,7,2,No
31,73289,9,15,47,2,3,Yes,7,2,No
30,68805,8,16,40,1,2,No,8,1,Yes
31,88791,7,13,38,2,2,No,6,0,No
25,18410,1,7,5,3,4,Yes,6,4,Yes
22,41496,3,3,1,2,4,No,6,1,No
40,58366,2,15,28,4,1,No,3,5,No
32,67898,14,14,14,1,3,No,1,2,No
53,145309,12,32,16,4,4,Yes,1,2,No
53,77653,14,21,47,1,2,Yes,4,3,No
34,77053,3,16,33,1,2,No,6,4,No
45,57317,0,13,25,4,1,No,8,3,No
24,41413,5,5,3,3,1,No,6,0,Yes
52,36190,0,2,7,3,3,Yes,3,1,No
22,18000,3,5,27,4,1,Yes,4,0,No
53,45158,7,9,24,1,3,Yes,4,0,No
45,25628,1,1,7,3,4,No,7,3,No
29,67446,12,12,50,3,2,No,0,1,No
47,133294,28,31,26,2,1,No,0,0,No
39,34129,3,5,31,1,2,No,1,4,No
52,172138,9,30,46,1,4,No,8,4,No
56,86060,4,9,47,1,1,Yes,1,5,Yes
25,41525,0,8,13,1,3,No,6,4,No
54,107503,11,26,12,4,1,No,8,0,No
40,19034,2,4,6,2,3,Yes,3,2,No
43,91558,10,10,16,2,4,No,1,5,No
60,129055,5,16,18,4,2,No,6,0,No
42,56713,10,16,26,4,1,No,0,1,No
50,71945,7,8,29,3,3,No,4,1,No
58,75016,6,10,11,1,1,Yes,0,2,No
30,49538,4,13,14,2,2,Yes,3,1,No
33,54350,11,15,38,1,1,No,3,1,No
37,104783,12,16,16,1,1,Yes,0,3,Yes
55,71340,2,6,42,1,4,No,3,0,No
54,156249,24,33,11,3,3,No,1,6,No
27,83442,6,8,4,4,4,Yes,3,0,No
55,121444,30,31,32,3,3,No,2,6,No
22,26963,2,8,29,1,4,No,6,5,No
26,49542,3,9,1,4,2,No,6,5,No
39,30211,0,3,31,2,1,No,6,1,Yes
47,83858,8,12,38,1,1,Yes,2,5,No
41,18000,1,1,31,4,1,No,4,3,No
21,69034,4,4,43,2,1,Yes,7,0,Yes
36,18000,2,2,39,3,2,Yes,7,0,No
22,46304,3,6,26,2,1,No,7,5,No
28,51137,7,10,30,1,2,Yes,3,6,Yes
41,109419,14,18,46,3,3,Yes,8,2,No
27,76011,3,6,15,2,1,No,4,3,No
57,103956,11,19,26,1,2,No,3,3,No
24,43673,2,6,37,1,4,No,2,5,No
33,18000,0,0,3,1,1,No,3,6,Yes
60,147216,12,28,9,1,2,No,7,1,No
52,61710,0,14,20,2,2,No,5,1,Yes
57,173643,5,29,36,4,2,No,4,4,No
24,18000,5,8,22,2,4,No,6,3,No
41,121988,23,23,30,4,1,No,6,3,No
47,43875,0,9,10,1,3,Yes,4,4,No
38,41439,5,5,28,4,1,Yes,7,1,No
33,49585,1,1,21,4,4,No,8,3,No
39,74143,1,14,45,1,2,No,8,6,No
49,35188,3,7,9,2,2,No,8,2,Yes
57,181762,5,31,44,2,1,Yes,0,3,Yes
51,131466,13,31,5,3,2,No,3,3,No
22,37744,1,1,1,1,2,No,6,6,No
22,18000,1,1,29,4,1,Yes,2,0,No
57,128644,18,30,42,2,3,Yes,0,3,Yes
31,26161,0,3,43,2,2,Yes,4,4,Yes
38,26900,3,4,2,4,2,Yes,1,1,No
57,46361,0,0,5,1,1,No,1,6,Yes
26,49352,4,6,35,4,4,No,5,2,No
59,146990,12,30,1,2,4,Yes,1,0,No
24,71648,8,9,20,4,3,No,4,0,No
41,80746,6,10,31,4,1,No,5,1,No
23,50435,1,7,40,2,2,Yes,2,6,No
40,146388,7,22,50,4,3,No,7,4,Yes
40,108042,3,15,15,2,2,No,8,3,No
50,90945,11,15,46,4,1,No,2,1,No
33,70607,8,12,42,1,2,No,6,2,Yes
32,28359,1,3,31,3,3,Yes,5,0,No
59,132886,8,29,29,1,1,Yes,7,2,Yes
57,65959,5,11,42,1,1,Yes,7,6,Yes
27,45446,4,6,10,3,3,No,3,4,No
58,65467,9,11,48,3,2,No,5,6,No
28,52449,1,11,36,3,4,Yes,3,2,No
32,92065,10,11,15,1,3,Yes,8,4,Yes
48,34874,3,3,4,2,4,No,1,4,No
27,68364,3,10,25,4,2,No,1,1,No
40,45951,2,2,35,4,2,No,3,0,No
44,43796,5,5,33,3,3,Yes,6,6,Yes
26,64703,6,6,11,3,1,No,8,0,No
31,65534,14,14,38,4,1,No,0,1,No
59,89171,1,16,37,3,4,No,1,3,No
25,58380,9,10,24,3,2,Yes,7,0,Yes
36,86700,6,16,2,1,4,No,1,4,No
31,85981,4,16,13,4,1,No,7,1,No
55,81458,13,20,47,1,2,Yes,5,3,No
52,166972,25,32,12,3,4,No,1,5,No
22,19265,4,5,45,1,2,Yes,3,6,No
53,86754,7,7,35,3,2,No,8,3,No
27,55017,2,6,23,1,2,No,8,6,Yes
32,96595,8,14,26,3,3,No,1,0,No
53,39626,0,3,11,3,3,Yes,3,1,No
22,18000,2,2,45,4,2,Yes,4,2,No
44,102750,0,10,15,3,3,No,5,4,No
30,71072,11,12,45,2,1,No,0,1,Yes
26,18759,3,8,25,4,2,No,0,6,No
26,46221,0,5,24,4,1,No,1,3,No
52,66759,3,7,41,1,2,No,8,3,No
25,64049,7,7,3,1,3,No,3,2,No
44,137972,9,22,30,4,3,No,8,4,No
44,137893,24,26,35,3,3,No,2,6,No
25,35708,0,2,4,4,1,No,8,5,No
58,39251,1,6,19,1,2,No,0,0,No
31,56887,8,10,36,1,3,No,8,6,No
38,116014,11,19,23,1,2,No,7,3,No
39,110770,1,15,13,1,1,Yes,6,1,No
41,44202,7,7,36,2,4,No,2,6,No
25,19332,2,9,25,4,2,No,0,5,No
59,97400,2,19,44,1,4,No,6,3,No
39,30280,4,4,19,4,2,No,6,0,No
26,63164,1,7,19,4,4,No,5,2,No
51,79646,11,20,30,3,2,No,5,4,No
58,119748,29,31,20,1,1,No,6,5,No
30,46432,0,11,1,1,1,Yes,5,6,Yes
52,78513,3,23,7,3,1,Yes,0,2,No
50,157307,9,29,37,1,2,No,5,3,No
33,80867,5,5,37,3,1,Yes,2,4,No
31,81512,13,13,29,1,4,Yes,5,5,No
27,69902,9,9,31,1,1,No,6,3,Yes
52,115991,2,18,33,1,1,No,3,0,No
55,152067,28,30,29,2,2,No,3,6,No
40,99251,6,24,19,1,3,Yes,2,1,No
45,115233,3,18,5,4,4,Yes,6,1,No
26,22107,0,7,15,3,4,No,2,0,No
54,158179,26,34,15,3,3,No,0,5,No
29,79293,4,11,19,3,3,Yes,6,2,Yes
34,104306,1,18,34,4,4,Yes,4,1,No
48,156510,24,30,24,1,3,Yes,8,5,No
32,64444,0,0,37,2,2,No,3,4,Yes
50,28852,0,1,45,2,4,No,2,2,No
57,101401,3,19,47,3,2,Yes,4,4,No
42,90302,9,13,28,1,1,No,6,1,No
31,109037,1,15,38,4,3,No,4,1,No
48,94679,9,17,44,1,2,No,8,1,No
32,70358,9,12,32,4,4,Yes,3,4,No
27,69871,9,10,9,1,4,No,1,2,No
37,109840,12,14,16,1,1,Yes,0,2,Yes
51,170537,23,23,38,4,2,No,7,4,No
42,99762,6,22,20,1,3,Yes,2,2,No
43,43193,5,5,32,3,3,Yes,6,6,Yes
38,107309,11,21,20,1,3,No,5,2,No
55,130751,18,22,27,3,4,No,2,3,No
53,150199,11,26,28,4,1,No,3,2,Yes
59,55761,5,5,32,2,2,No,1,0,No
58,109519,4,4,5,2,2,Yes,6,4,Yes
44,87043,12,12,8,1,2,Yes,1,0,Yes
46,102189,9,25,26,4,3,No,1,3,No
60,72258,1,7,23,4,3,No,5,4,No
55,193862,15,34,26,3,4,Yes,6,3,Yes
51,167130,2,34,36,3,4,No,6,4,Yes
34,98811,9,16,6,1,4,No,6,6,No
41,31125,0,2,27,1,3,No,6,5,No
32,89179,4,12,1,4,4,No,5,0,No
24,25564,1,5,21,1,4,No,8,6,No
46,37003,1,1,49,3,3,No,3,3,No
55,43651,4,14,7,1,2,No,5,3,No
31,46109,7,16,31,4,4,No,8,4,No
48,97335,8,14,6,4,1,No,3,0,No
58,139620,1,26,13,3,3,No,7,2,No
57,64074,5,12,41,1,1,Yes,8,6,Yes
26,20782,0,4,50,1,3,Yes,2,6,Yes
39,105831,2,19,3,1,2,Yes,6,2,No
47,80598,9,16,2,1,2,Yes,1,0,No
34,28737,0,0,9,2,4,Yes,7,3,No
26,65684,0,7,2,4,1,No,5,0,No
47,89775,17,18,30,4,4,No,7,5,No
38,18982,0,0,21,2,3,No,7,4,Yes
48,53712,6,7,31,3,4,No,0,2,No
47,18351,1,2,11,1,1,No,5,6,Yes
40,124270,15,21,8,1,1,No,5,5,Yes
30,67829,3,11,26,3,3,No,2,4,Yes
45,122982,4,18,4,4,4,Yes,6,1,No
21,18000,2,2,50,2,4,No,2,0,No
23,32477,6,6,3,4,3,No,0,4,No
42,120465,18,24,24,4,1,No,2,2,No
51,180471,10,34,25,3,1,No,6,3,No
50,140531,8,28,6,3,2,No,8,5,No
32,117552,4,12,12,4,1,No,2,0,No
53,144671,29,29,10,3,1,Yes,8,4,No
41,77581,6,10,43,2,3,No,2,0,No
30,71212,5,15,49,4,3,No,1,2,No
24,39020,4,5,43,3,1,No,6,3,No
55,31214,7,8,10,4,4,No,8,5,No
33,112109,12,13,29,3,1,No,3,3,No
37,98146,7,20,22,1,4,No,2,6,No
59,24752,0,4,36,1,1,Yes,0,4,Yes
58,39085,3,3,22,3,3,Yes,4,3,No
59,194273,7,33,46,4,1,Yes,8,3,Yes
40,29851,2,8,41,3,1,Yes,4,1,Yes
43,149762,18,25,41,1,2,No,4,4,No
56,94315,7,18,47,1,1,No,8,2,Yes
40,133889,17,21,50,1,2,No,7,3,No
59,94782,10,13,29,2,2,No,5,6,No
38,46242,5,11,32,1,1,No,0,4,Yes
34,58800,2,18,27,2,1,No,0,4,No
29,18000,13,13,35,1,1,No,0,1,No
44,81033,10,11,28,1,1,No,6,0,No
60,111321,29,30,20,1,1,No,6,5,No
46,144018,19,28,33,2,4,Yes,8,4,No
35,105987,10,18,46,3,4,Yes,4,3,Yes
27,68301,4,8,15,1,4,Yes,8,6,No
27,27683,0,8,25,3,1,No,8,4,No
56,154765,3,32,42,3,1,Yes,2,4,Yes
58,83598,8,10,11,1,1,Yes,0,1,No
27,82498,8,9,33,3,2,No,7,5,No
53,169287,14,36,40,2,1,No,1,2,No
39,18000,0,0,46,2,3,No,7,1,No
58,35011,0,1,22,4,3,No,2,0,No
32,81256,9,9,37,4,1,Yes,2,4,No
48,64389,4,11,48,1,2,No,6,0,No
51,129670,26,32,26,2,1,No,0,0,No
43,135851,24,27,10,1,3,No,5,5,Yes
35,50250,1,3,21,3,3,No,5,2,No
56,172201,17,34,32,1,1,No,8,5,No
60,45731,4,16,14,4,4,No,1,5,No
23,64752,2,6,31,3,4,No,8,6,No
60,126347,5,16,21,4,2,No,6,0,No
44,76848,0,23,41,4,4,No,3,6,No
46,119436,8,19,28,1,4,No,5,0,No
51,19891,0,0,17,1,1,No,5,4,No
46,74984,0,9,26,2,3,Yes,0,3,No
22,68866,2,5,43,2,1,Yes,7,1,Yes
57,167586,3,33,45,4,1,Yes,0,3,Yes
36,32872,4,6,13,1,3,No,3,5,No
49,65566,8,9,4,4,2,No,0,1,No
60,123654,9,22,46,1,1,Yes,3,0,Yes
44,105461,6,20,37,1,3,No,2,0,Yes
29,49483,6,12,37,1,2,Yes,1,5,Yes
47,47193,2,13,10,1,2,Yes,1,2,Yes
33,90553,4,15,29,4,3,Yes,5,4,No
39,30658,3,5,2,4,1,Yes,1,3,No
48,71633,13,14,17,3,2,Yes,0,1,No
51,119092,3,29,24,2,2,No,6,4,No
56,117440,21,24,26,1,2,No,2,5,No
53,56967,0,11,21,2,2,No,5,1,Yes
58,132838,21,26,21,3,4,No,7,4,No
25,33039,4,7,10,4,3,Yes,8,1,No
46,74765,12,13,38,1,2,Yes,1,5,Yes
46,18000,1,3,46,2,2,No,0,4,No
50,72577,5,11,17,1,1,No,2,5,Yes
54,118120,13,28,29,2,4,No,8,6,No
57,119966,21,21,22,2,2,No,3,5,No
23,34431,3,5,36,4,4,No,4,6,No
48,60140,3,10,49,1,2,No,6,0,No
56,18167,0,4,16,2,1,No,5,3,No
44,141960,25,25,28,2,4,No,7,4,No
26,18255,0,8,9,3,4,Yes,8,5,Yes
27,62851,0,9,8,2,2,No,0,1,No
54,102727,10,10,32,2,1,Yes,7,2,No
26,57765,3,7,26,2,4,No,5,2,No
47,104534,9,16,6,4,1,No,2,0,No
49,146593,13,28,25,2,2,No,6,3,Yes
28,64009,1,14,22,3,4,No,7,1,No
44,131570,8,26,5,2,4,Yes,5,4,No
51,42055,1,6,14,3,2,No,4,0,Yes
31,59257,14,14,47,2,4,Yes,3,6,No
21,39282,2,4,26,4,1,No,4,5,No
36,63181,1,19,19,4,4,Yes,4,0,No
27,81151,7,11,4,4,4,Yes,2,0,No
44,86533,11,13,10,1,2,Yes,1,0,Yes
56,44909,4,15,7,1,2,No,5,5,No
46,120798,5,18,39,1,1,No,2,3,No
41,80003,6,16,45,2,1,No,3,3,Yes
36,113694,12,18,28,2,1,Yes,1,4,No
49,83221,3,16,12,4,3,No,6,6,No
29,47283,0,12,3,2,3,No,6,5,No
41,45584,3,8,34,1,3,No,5,4,No
42,81710,6,11,39,2,3,No,1,0,No
57,98127,11,11,20,4,2,Yes,7,1,No
27,67145,3,9,25,4,2,No,0,1,No
53,115734,26,30,25,2,2,No,0,4,No
54,109880,9,14,11,1,1,No,0,4,No
30,65163,4,12,34,1,1,Yes,2,4,No
46,69437,3,8,26,2,4,Yes,1,5,Yes
44,96484,1,11,17,4,3,No,4,4,No
50,57233,1,8,14,1,3,Yes,0,6,No
38,80286,1,22,23,3,4,Yes,0,1,No
37,126896,0,21,5,3,1,No,4,0,No
23,50884,7,8,9,2,2,No,3,2,Yes
50,101820,9,18,21,3,3,No,3,5,No
36,102410,2,17,36,3,4,Yes,3,1,No
29,23481,3,10,9,3,2,No,6,6,No
21,26501,1,3,13,4,4,No,7,5,No
33,18000,0,0,42,1,4,Yes,4,1,No
33,36734,3,4,46,2,1,Yes,0,6,Yes
46,34527,0,3,36,2,3,No,5,4,No
54,154380,18,31,47,3,4,No,8,2,Yes
55,69911,0,20,14,4,2,No,2,0,No
31,86556,1,6,35,3,2,No,6,3,No
54,24063,0,0,2,1,4,Yes,7,3,No
25,58712,1,4,33,2,4,Yes,3,6,Yes
23,48848,3,5,6,4,3,No,7,2,No
40,101959,10,19,10,3,4,No,3,5,No
55,81208,4,7,43,1,2,No,8,1,No
39,74426,5,6,2,3,1,No,0,6,No
48,31946,0,5,29,2,2,Yes,4,4,Yes
24,61316,5,7,6,2,3,Yes,3,1,No
24,37332,1,6,49,3,1,No,5,1,Yes
55,19055,0,0,16,2,1,No,3,3,No
54,189510,29,35,21,1,3,No,4,5,No
33,37556,9,17,40,3,1,No,8,1,No
58,166819,24,36,10,1,1,No,0,0,No
23,50085,4,9,13,1,4,No,7,0,No
50,18000,0,0,28,3,2,Yes,7,5,No
42,118263,1,24,34,4,2,No,7,4,No
39,87630,11,19,39,3,4,Yes,8,5,No
29,48842,10,13,13,1,4,No,3,2,No
52,118595,14,29,47,2,2,Yes,1,2,Yes
26,18500,6,10,13,3,1,No,8,1,No
26,58171,0,9,22,1,2,No,8,6,Yes
31,70895,3,15,41,4,3,No,5,0,No
57,95122,6,12,35,3,3,No,5,0,No
48,27278,0,1,43,2,4,No,2,1,No
36,106710,6,18,45,2,1,Yes,6,5,Yes
51,64633,7,14,24,4,3,No,4,1,No
44,60176,8,12,24,4,1,No,2,1,No
23,35609,1,4,30,3,4,No,6,6,No
38,103100,2,18,4,1,2,Yes,5,2,No
39,99243,19,19,47,4,2,Yes,0,2,No
38,103453,6,20,39,3,4,No,4,2,No
25,85670,6,8,18,1,4,No,2,3,No
24,47866,7,8,40,2,3,No,8,3,Yes
32,72292,4,6,30,2,2,No,2,4,No
57,87794,11,14,29,4,2,No,8,1,No
38,60223,9,9,9,3,1,No,2,3,No
60,132609,5,17,17,3,2,No,6,0,No
60,159211,33,33,48,1,2,Yes,3,1,No
36,123437,6,16,19,4,3,No,0,1,No
53,160989,9,30,33,3,2,No,5,0,No
53,61223,2,9,21,1,3,No,3,5,No
41,18000,1,1,30,4,4,Yes,3,5,No
36,120415,12,21,31,4,1,Yes,1,4,No
57,107114,14,22,43,2,1,No,7,6,No
21,41517,3,3,27,2,4,No,8,5,No
40,30364,5,9,43,2,2,Yes,3,2,Yes
46,18000,1,4,45,2,2,No,0,5,No
30,71324,4,13,33,1,1,Yes,2,4,No
46,54892,1,8,13,2,1,No,8,3,Yes
35,95197,16,16,7,3,1,No,6,3,No
40,110155,15,20,29,4,1,No,0,2,No
59,180722,0,35,1,3,3,Yes,8,4,Yes
26,85771,8,8,31,4,1,No,8,5,No
34,37715,12,14,42,3,1,No,8,1,No
24,18357,5,5,35,2,2,No,0,2,Yes
36,59538,2,17,23,3,2,No,1,5,No
24,18000,5,6,17,4,3,No,1,5,No
34,88306,7,16,41,3,4,No,7,5,No
51,102999,1,17,4,2,1,Yes,2,0,Yes
34,74184,7,13,30,2,4,Yes,7,1,No
52,117550,12,22,1,4,3,Yes,2,5,No
60,117164,30,30,15,2,1,No,6,6,No
23,44745,2,5,22,3,1,No,3,3,Yes
41,98509,2,19,13,3,3,No,2,0,No
39,44299,4,13,35,1,1,No,1,4,Yes
54,68445,1,20,14,4,2,No,0,0,No
25,47919,3,6,31,3,1,No,6,5,No
60,176905,0,34,4,2,3,Yes,7,5,Yes
37,66727,7,10,43,1,3,No,5,1,No
54,65592,3,12,48,1,3,No,1,3,Yes
22,38626,3,4,1,2,4,No,7,1,No
50,105148,31,32,13,2,3,Yes,2,6,No
50,50821,5,5,32,3,4,No,2,3,No
21,41680,2,4,45,4,3,Yes,7,6,No
21,42777,4,5,9,3,2,No,5,2,No
55,124040,28,29,5,4,3,Yes,3,5,No
38,20076,3,6,7,3,3,Yes,2,3,No
49,117589,17,24,7,1,1,No,8,4,No
59,127252,0,30,36,3,4,No,3,2,No
37,74845,0,7,6,1,3,No,0,3,No
50,137485,16,32,31,2,3,No,6,6,No
21,20812,0,3,3,2,1,Yes,0,4,No
44,64363,5,6,8,1,2,Yes,0,5,Yes
56,104032,8,23,46,2,4,Yes,4,0,No
25,55918,2,6,35,2,3,Yes,5,3,No
54,68749,17,17,32,3,4,No,3,5,No
32,63271,9,13,15,4,2,No,1,5,No
43,108698,5,19,37,1,4,No,1,0,Yes
26,20562,2,2,17,3,1,No,2,3,No
49,158780,11,30,17,3,1,Yes,7,4,No
22,47338,4,6,10,2,2,No,8,2,No
24,18605,5,5,8,3,3,No,4,2,No
55,46964,0,3,23,3,3,Yes,5,5,Yes
49,146969,11,28,21,2,2,No,6,4,Yes
29,67309,7,7,41,2,2,No,0,4,No
35,103811,1,19,32,3,4,Yes,3,0,No
60,54051,2,14,7,1,4,No,7,4,No
48,128385,0,26,12,1,1,No,3,6,No
54,87912,8,8,37,3,2,No,8,4,No
60,96486,3,18,6,2,2,No,1,6,No
28,42347,4,4,30,2,2,No,3,1,No
38,76594,7,12,7,3,2,No,0,3,No
27,58566,1,7,22,1,2,No,8,5,Yes
59,154693,14,29,22,3,3,No,3,5,No
29,57058,8,13,24,3,1,Yes,5,0,Yes
36,52638,3,8,2,3,3,Yes,4,6,No
43,121382,14,24,32,4,3,No,7,1,No
40,54645,3,6,26,2,3,No,0,5,No
58,28672,0,0,2,4,2,No,6,0,No
28,40389,7,11,36,4,3,Yes,3,3,No
42,33560,2,5,33,1,1,Yes,8,4,Yes
37,89299,17,21,39,2,1,No,3,5,Yes
50,60287,1,6,4,3,4,Yes,2,4,No
56,73250,4,5,31,4,3,Yes,5,3,No
47,119172,0,21,27,1,2,No,2,3,No
23,48383,4,4,36,2,2,No,4,3,No
47,159238,6,28,41,1,4,No,6,3,No
53,154136,19,29,46,1,4,Yes,3,0,No
25,18090,1,4,20,4,4,No,3,4,No
21,42229,0,0,38,3,3,No,1,6,No
47,101975,4,8,35,1,4,Yes,2,6,No
38,82786,17,17,4,4,3,No,2,5,No
37,34058,0,2,42,1,1,No,3,0,No
40,38866,7,7,6,1,4,Yes,6,0,No
27,91788,5,11,23,3,3,Yes,5,1,Yes
27,18793,0,0,7,3,4,No,7,5,No
21,19409,3,4,50,3,3,No,2,5,No
25,37271,2,4,5,4,1,No,8,6,No
22,45710,1,5,41,3,2,Yes,0,6,No
42,18000,1,1,33,2,4,Yes,6,3,No
42,136604,9,24,1,2,2,No,0,5,No
49,147204,19,31,38,1,2,No,0,1,Yes
31,24247,0,3,4,1,2,Yes,5,0,No
45,76349,0,17,10,4,4,Yes,8,2,Yes
26,52181,1,8,46,2,3,Yes,1,0,Yes
33,21155,0,2,37,1,2,No,2,2,Yes
26,54586,3,8,37,4,4,No,5,0,No
53,117382,13,25,27,3,4,No,8,4,No
42,118426,18,25,25,4,1,No,2,1,No
38,18924,0,0,22,1,3,No,4,4,Yes
43,123831,11,24,36,4,3,No,8,1,No
43,18530,1,3,30,1,4,No,8,6,No
25,53107,6,7,11,2,2,No,4,1,Yes
39,119581,7,21,24,2,4,No,2,5,No
34,83857,4,16,26,4,3,Yes,6,5,No
26,66486,1,8,21,4,4,No,6,1,No
28,83889,2,10,13,1,4,Yes,1,6,Yes
51,56197,1,3,9,4,4,Yes,3,5,No
36,88819,3,18,14,2,1,No,3,2,No
54,99159,22,26,43,1,2,No,6,0,Yes
27,61607,1,12,20,3,2,No,5,2,No
34,19817,0,3,37,2,1,No,2,3,Yes
55,155491,27,32,13,3,3,No,0,6,No
41,18360,1,2,8,1,2,No,5,6,No
22,21191,2,2,38,2,3,No,3,5,No
24,48863,2,6,50,1,4,Yes,0,5,Yes
57,110852,8,15,41,3,3,No,5,5,No
39,26909,4,9,43,2,1,Yes,2,2,Yes
38,78271,5,9,29,4,1,No,4,1,No
43,106609,10,11,14,3,2,Yes,0,3,No
40,104184,4,20,30,1,4,No,1,4,No
49,24548,0,1,8,3,3,No,8,6,No
42,117023,6,26,32,4,3,No,0,2,Yes
47,87034,8,23,17,1,4,No,2,1,No
47,39451,0,0,44,3,4,No,2,2,No
31,104338,3,14,11,1,3,No,5,0,No
44,128907,17,25,34,4,3,No,5,1,No
28,28883,1,10,44,4,1,Yes,6,0,Yes
52,90709,15,19,21,2,2,No,5,4,No
54,118224,12,23,28,3,4,No,5,4,No
45,138211,9,24,29,4,3,No,7,3,No
24,21698,0,7,12,2,4,No,2,1,No
23,24656,1,3,39,2,3,Yes,0,4,No
36,116177,12,21,40,3,4,Yes,8,6,No
26,73121,0,10,23,1,1,Yes,0,2,Yes
48,125220,11,18,12,2,1,No,2,5,No
41,66859,7,12,15,4,4,No,0,0,No
32,34879,1,7,9,4,3,No,8,3,No
43,50060,3,8,50,2,1,No,6,4,No
39,80449,6,21,36,3,4,Yes,8,4,No
46,149428,5,20,37,3,4,Yes,2,1,No
51,150536,19,28,40,1,1,No,0,1,Yes
45,109254,19,23,12,3,2,No,2,1,No
50,103928,8,13,26,3,4,Yes,1,0,Yes
23,49803,1,5,24,3,4,No,8,2,No
58,30064,0,0,1,4,2,No,7,1,No
36,85761,15,15,40,4,4,No,0,4,No
58,81448,4,7,46,1,1,Yes,0,6,Yes
51,175749,3,31,9,3,2,Yes,0,0,No
38,23243,4,5,19,3,1,Yes,3,0,No
37,54418,1,11,4,3,4,Yes,0,1,No
47,47155,3,3,14,1,4,No,0,1,No
57,132784,27,30,14,3,1,Yes,8,1,No
43,71634,7,13,47,4,1,No,0,0,No
48,18000,0,0,24,2,4,Yes,4,5,No
59,40969,0,10,1,2,1,No,8,6,No
23,47943,0,3,20,2,2,No,5,1,No
40,129110,4,20,49,4,3,No,6,4,Yes
25,18000,0,0,2,4,4,No,7,5,No
57,96646,10,11,15,4,1,Yes,8,1,No
47,153430,16,28,20,3,3,No,2,5,No
23,18000,5,6,18,4,3,No,2,6,No
50,128293,9,28,9,4,2,No,8,5,No
44,66477,7,15,25,2,4,No,4,6,Yes
45,118961,5,29,21,1,4,Yes,4,6,No
39,76069,6,12,30,4,1,No,1,0,No
41,65029,4,15,16,3,3,Yes,1,4,No
57,23919,0,0,1,1,4,Yes,8,3,No
36,89087,19,19,14,3,1,No,0,4,No
22,45570,2,4,33,2,4,No,2,3,No
53,71056,10,10,3,3,4,Yes,7,3,No
42,83469,6,13,19,1,3,No,0,3,No
27,96490,5,7,28,1,2,No,0,2,No
25,79208,8,8,28,3,1,No,8,4,No
34,76595,7,11,32,2,4,Yes,6,2,No
54,118476,12,25,29,3,4,No,7,5,No
28,18648,7,10,4,3,2,No,8,6,Yes
26,40232,6,8,33,3,2,Yes,6,3,Yes
57,59025,10,12,45,3,2,No,5,6,No
53,36064,0,0,48,1,4,No,5,2,No
52,94415,2,26,7,4,1,Yes,0,3,No
26,60084,8,8,11,1,3,No,4,2,No
52,100908,11,12,43,2,1,No,5,2,Yes
29,72226,10,11,46,4,2,No,5,3,No
40,95854,2,18,31,1,1,Yes,3,2,No
53,50103,9,11,3,1,4,Yes,7,1,No
32,75551,4,6,30,1,2,No,2,4,No
24,65718,2,6,31,2,4,No,8,6,No
28,60613,2,2,30,4,3,No,8,4,No
26,62316,0,10,8,2,2,No,0,1,No
58,134157,24,29,31,2,1,Yes,0,3,No
46,18000,3,4,41,3,2,No,4,2,Yes
30,68191,3,16,48,4,3,No,0,0,No
51,18151,0,2,27,2,2,Yes,8,5,No
26,54727,6,6,12,2,1,No,6,2,Yes
37,18401,0,0,26,2,3,No,5,4,Yes
53,112923,8,10,30,2,1,Yes,6,2,No
36,105253,15,17,23,1,1,Yes,5,6,No
37,53762,4,9,10,3,4,No,1,0,No
53,48380,10,12,5,1,3,Yes,7,2,No
28,54110,3,9,42,4,2,Yes,5,3,No
30,69780,1,12,27,3,3,No,5,3,Yes
24,19044,2,5,25,4,2,No,1,5,No
50,159940,2,32,15,3,2,Yes,0,0,No
50,143281,12,31,24,3,2,No,6,3,Yes
24,18315,2,3,14,4,4,Yes,8,6,No
56,146573,30,32,17,1,4,No,7,3,No
38,81216,3,13,38,1,1,Yes,1,4,Yes
34,90615,16,16,4,3,2,No,3,2,No
56,60124,6,10,7,4,2,Yes,4,1,No
25,92365,8,8,3,4,4,Yes,2,1,No
29,45509,2,9,46,3,3,No,2,0,No
50,96477,29,35,17,2,2,Yes,3,6,No
43,35366,2,8,32,2,2,Yes,8,5,Yes
28,53925,4,11,47,4,2,Yes,3,3,No
43,73001,8,12,25,2,4,No,5,6,Yes
24,28771,0,5,34,2,4,No,0,6,Yes
23,54223,3,4,39,3,1,No,0,6,No
32,63120,12,15,22,1,3,Yes,0,6,No
40,112328,17,20,6,3,2,Yes,7,5,No
37,89970,17,20,22,4,2,No,4,2,No
60,143228,16,33,17,1,3,No,6,2,No
43,149765,0,23,9,1,4,No,2,6,No
31,48391,4,13,38,4,1,Yes,5,6,No
30,68141,4,12,29,3,3,No,3,4,Yes
58,139892,2,24,12,4,2,No,8,2,No
30,83802,4,12,22,2,2,No,3,3,No
31,59222,9,13,16,4,2,No,1,4,No
27,41145,0,6,33,4,3,No,5,4,No
47,115510,3,19,4,4,4,Yes,6,2,No
22,46894,3,6,6,3,3,No,7,0,No
52,20089,0,1,22,3,3,No,2,3,No
32,61580,1,11,1,4,1,No,8,3,No
30,26151,1,1,6,1,2,Yes,5,0,No
41,61482,6,8,36,4,4,Yes,3,4,No
34,102273,1,18,8,3,2,Yes,3,3,No
26,38384,8,8,50,4,2,Yes,3,4,Yes
32,77466,6,9,37,4,2,Yes,0,4,No
24,50531,3,5,10,3,3,No,7,5,No
46,18838,0,4,23,2,3,Yes,0,5,No
54,125567,20,28,32,1,2,Yes,2,6,No
47,111270,19,22,12,3,1,No,3,0,No
55,18000,0,0,42,1,2,No,3,5,No
57,177290,18,32,33,1,1,No,6,6,No
23,64081,3,6,32,4,3,No,2,6,No
53,71663,10,10,3,3,4,Yes,7,1,No
41,64987,9,13,50,4,1,No,0,1,No
46,18715,0,0,28,4,4,No,7,5,No
26,69702,0,7,21,4,4,No,6,1,No
38,90339,6,20,13,2,1,No,1,2,No
57,157399,22,29,50,1,1,Yes,1,1,Yes
52,80994,7,7,34,3,2,No,8,4,No
59,102800,2,10,3,3,2,Yes,7,4,Yes
59,146022,10,26,1,2,4,Yes,1,1,No
32,29805,2,3,34,2,1,No,3,4,No
58,129925,17,30,45,2,2,Yes,3,3,Yes
56,69303,4,12,37,1,1,Yes,7,5,Yes
22,18000,3,4,50,4,3,No,1,5,No
30,86203,1,11,8,1,2,No,8,0,No
52,163441,26,26,46,4,2,No,5,3,No
57,178500,11,35,25,3,4,Yes,8,2,Yes
49,78319,5,13,15,2,2,No,5,1,No
39,114475,11,20,33,4,1,Yes,1,5,No
35,65163,2,14,38,4,3,Yes,5,0,Yes
27,45015,0,6,12,2,4,No,7,2,Yes
39,57387,1,9,11,3,4,No,1,1,No
39,20001,3,5,10,3,3,Yes,3,3,No
59,18000,0,1,3,3,2,Yes,2,1,No
36,53395,2,10,1,3,3,Yes,0,1,No
58,102201,6,19,29,4,4,Yes,1,6,Yes
38,61226,10,14,6,2,2,Yes,1,0,No
25,23188,3,10,21,1,2,No,2,4,Yes
28,62109,0,10,14,2,2,No,0,1,No
60,204732,6,29,43,4,1,Yes,8,3,Yes
21,28316,2,6,50,2,3,No,7,5,Yes
57,39733,0,3,7,1,4,Yes,8,2,No
38,55192,8,8,29,3,4,Yes,7,1,No
39,90470,10,17,5,3,4,No,6,2,No
46,166454,3,27,7,1,2,No,2,1,No
57,137392,12,25,8,1,4,No,0,2,No
38,27341,0,0,30,4,3,Yes,5,2,Yes
60,202790,7,30,45,4,1,Yes,7,2,Yes
28,89130,5,10,25,3,4,Yes,6,3,Yes
48,68495,7,13,13,2,2,No,6,3,No
21,47138,2,3,22,1,2,Yes,7,6,Yes
54,18250,0,4,42,2,2,No,5,4,Yes
55,44097,5,12,9,1,2,No,4,4,No
22,44173,3,4,30,1,2,No,8,6,No
49,120439,17,28,42,4,3,Yes,6,6,No
48,141573,28,32,25,2,1,No,0,0,No
37,43167,3,10,26,4,2,No,2,0,No
25,64851,5,7,20,3,1,No,1,0,No
50,69115,3,6,45,1,1,No,8,2,No
23,21660,2,2,25,3,2,No,3,6,No
39,45689,2,7,30,1,3,No,5,3,No
59,40639,0,8,3,2,1,No,6,6,No
24,26140,2,6,49,2,1,No,2,6,No
42,111076,15,18,10,2,4,No,4,6,No
58,138999,23,32,31,1,2,Yes,7,3,No
59,135687,24,26,29,2,1,Yes,0,3,No
45,57904,9,9,34,2,2,Yes,3,4,Yes
45,152485,2,28,44,1,2,No,5,6,No
55,94909,18,20,38,2,4,No,2,1,No
56,124576,20,23,25,1,1,No,1,5,No
54,169673,30,35,21,1,2,No,4,6,No
24,18000,3,6,17,2,3,Yes,8,1,No
32,67584,7,12,19,3,1,No,4,1,No
44,119078,3,25,3,2,3,No,0,1,No
42,18000,1,1,28,2,4,Yes,5,4,No
52,42485,2,8,17,3,2,No,4,1,Yes
56,138359,22,22,13,3,4,Yes,1,4,No
45,123226,3,27,44,3,2,No,3,6,No
26,57627,2,9,41,1,1,Yes,5,6,Yes
24,22357,0,8,13,2,4,No,1,0,No
51,61866,8,14,27,4,3,No,2,1,No
31,76871,6,8,37,4,1,Yes,2,3,No
25,63247,6,9,22,1,4,No,4,4,No
45,133032,0,27,42,1,3,No,1,1,No
34,59032,1,14,1,3,1,No,8,4,No
26,45699,1,7,33,4,4,No,3,3,No
46,31541,5,10,41,1,2,Yes,1,5,No
55,67532,1,19,14,4,2,No,3,1,No
34,65294,0,18,12,1,2,Yes,5,1,Yes
54,18517,0,1,6,3,4,No,4,2,No
41,31944,1,2,45,1,1,No,2,1,No
37,77537,4,14,36,2,2,Yes,5,1,Yes
54,34348,0,4,45,3,3,Yes,8,4,Yes
39,45585,5,10,29,1,1,No,0,4,Yes
42,126527,2,22,12,4,1,Yes,6,4,No
26,80149,7,8,31,3,1,No,8,5,No
29,74927,3,12,32,3,3,No,3,2,Yes
38,94973,15,17,4,4,3,No,2,4,No
38,105117,15,21,35,3,2,No,4,2,No
60,77042,5,13,24,3,2,No,2,2,No
35,34765,4,6,44,3,1,Yes,1,5,No
58,81096,0,9,23,3,2,No,2,0,No
58,84739,0,18,37,3,4,Yes,6,6,No
21,27309,1,2,15,4,4,No,7,6,No
56,106478,9,14,17,1,1,No,0,4,No
52,76211,2,11,31,4,4,Yes,2,2,No
55,86920,11,11,43,3,3,No,4,6,No
27,62051,8,10,4,2,1,Yes,3,2,No
34,94255,5,15,4,4,1,No,0,1,No
49,88182,7,17,43,4,3,No,8,2,No
26,18000,6,6,11,3,2,No,8,2,No
38,57880,7,9,27,3,4,Yes,7,1,No
30,82670,12,12,29,1,4,Yes,5,5,No
43,99759,10,22,11,2,2,No,6,3,No
51,121115,16,23,5,1,1,No,7,5,No
60,142702,10,29,3,2,4,Yes,2,0,No
43,117950,4,26,47,4,2,No,3,6,No
45,69177,5,5,7,1,2,Yes,0,4,Yes
22,18000,0,3,24,2,1,Yes,2,1,No
54,153700,25,33,14,3,4,No,1,5,No
45,62196,2,6,27,2,4,Yes,1,6,Yes
32,60984,0,14,1,4,1,No,8,4,No
37,54372,1,1,19,4,3,No,5,2,No
49,103480,3,7,33,1,3,Yes,2,6,No
56,78269,4,7,50,1,1,Yes,0,5,Yes
49,71140,6,13,50,3,4,Yes,2,0,No
50,33372,4,8,9,3,2,No,8,3,Yes
24,18000,0,4,26,3,2,Yes,1,2,No
52,97837,11,12,41,2,1,No,4,3,Yes
52,143088,7,26,38,1,1,No,7,3,Yes
26,24246,6,6,12,4,3,No,5,6,No
25,19052,1,2,35,2,3,No,4,2,No
48,50899,6,8,28,3,4,No,0,2,No
51,102381,29,33,18,2,3,Yes,4,6,No
26,48442,2,7,29,1,4,Yes,7,0,No
41,35503,7,10,3,1,4,Yes,6,0,No
53,53076,2,5,50,3,3,No,2,0,No
36,74184,4,14,36,2,2,Yes,5,1,Yes
21,19818,2,3,34,1,3,No,3,5,No
27,62268,7,9,5,2,1,Yes,2,3,No
38,98781,10,18,6,3,4,No,7,3,No
58,130577,5,21,23,3,4,No,8,3,No
38,85097,4,14,34,2,2,Yes,5,2,Yes
28,44592,3,5,26,1,2,No,1,0,No
60,46625,8,10,22,3,2,Yes,0,6,No
25,60712,5,5,12,2,1,No,8,1,No
28,70734,1,1,28,1,3,Yes,3,1,Yes
23,45634,1,4,37,1,3,No,2,5,No
36,115993,14,19,21,1,1,Yes,4,6,No
30,18319,0,0,50,3,3,No,1,2,No
26,68541,5,5,20,3,1,No,2,0,No
59,129279,25,27,39,1,2,Yes,1,5,No
45,141590,3,26,40,1,2,No,6,2,No
48,91150,6,16,43,1,2,No,5,2,No
45,161219,24,26,12,3,3,No,0,0,No
51,141457,17,21,26,3,3,No,1,4,No
29,95949,9,13,41,2,3,No,7,6,No
58,130779,6,22,22,2,4,No,8,4,No
42,140775,9,25,1,1,2,No,0,5,No
50,106625,0,17,4,2,1,Yes,3,0,Yes
38,99232,4,18,12,3,2,Yes,4,2,No
21,35384,0,4,44,1,1,No,4,3,No
28,27468,6,6,13,4,4,No,5,5,No
47,81593,7,15,48,3,2,No,1,4,No
37,123184,4,21,8,1,4,No,2,4,No
58,78761,0,14,23,3,1,No,0,0,No
25,51683,4,7,45,1,2,Yes,8,1,Yes
40,105630,10,23,34,3,4,Yes,5,2,No
39,80374,7,13,30,2,3,No,5,5,Yes
32,78300,7,8,34,4,1,Yes,1,4,No
57,32176,4,4,40,3,4,No,6,6,No
58,153807,4,25,27,2,2,Yes,0,3,Yes
22,36120,2,2,42,4,4,Yes,8,5,No
57,32592,0,5,19,2,4,No,4,3,No
33,39273,8,8,50,3,2,Yes,7,3,No
47,31595,0,4,29,2,2,Yes,3,5,Yes
32,93458,0,15,13,1,1,No,6,2,No
49,101990,7,7,33,1,4,Yes,2,6,No
32,32747,1,7,9,4,3,No,8,3,No
56,19463,2,3,32,2,3,No,6,0,No
53,101369,9,12,41,2,1,No,6,3,Yes
49,19100,0,4,29,1,2,Yes,8,1,Yes
38,113980,0,22,4,3,1,No,4,0,No
44,133641,9,22,32,4,3,No,7,4,No
49,58338,13,14,14,1,4,No,3,3,Yes
26,33516,1,5,27,3,4,Yes,6,6,No
39,98718,9,20,12,3,4,No,3,5,No
26,34296,4,6,14,4,3,Yes,8,1,No
39,104403,20,20,48,4,1,Yes,2,1,No
24,49233,4,4,16,4,4,Yes,8,3,No
40,18156,0,2,29,3,1,No,5,3,No
58,111072,8,23,26,4,1,No,5,2,No
21,37627,1,3,32,4,4,No,6,5,No
58,188929,4,26,1,1,2,No,1,5,No
34,21545,1,3,28,3,2,Yes,0,2,Yes
41,26200,5,9,47,2,1,Yes,1,3,Yes
47,22529,0,1,8,3,3,No,6,6,No
33,36012,2,4,46,2,1,Yes,0,6,Yes
34,62795,12,15,46,3,1,No,2,0,No
59,31907,1,5,20,2,3,No,3,2,No
49,151989,10,21,9,3,2,No,5,6,No
33,85662,6,15,2,4,1,No,0,0,No
40,65325,7,13,48,2,1,Yes,4,6,Yes
52,118362,14,25,1,4,3,Yes,1,5,No
60,154894,0,26,37,1,1,No,5,2,Yes
26,41448,2,2,34,2,2,No,4,2,No
42,25452,1,3,27,4,2,No,0,3,No
39,95298,18,20,45,4,2,Yes,0,3,No
60,18000,0,0,6,3,2,Yes,1,1,No
24,71093,7,7,18,4,3,No,5,2,No
40,111124,19,21,23,3,3,No,8,1,No
53,104825,0,16,6,2,1,Yes,4,0,Yes
47,40594,2,12,13,1,3,Yes,2,4,No
51,86645,21,21,12,3,4,No,5,6,No
52,61202,1,5,27,2,3,Yes,2,3,No
44,124841,3,23,5,3,3,No,1,2,No
21,27772,2,4,50,2,3,No,8,6,Yes
38,115470,12,19,22,2,3,No,8,0,No
25,61122,0,5,20,2,4,No,5,4,No
42,140239,8,26,1,1,2,No,0,4,No
58,52027,6,14,12,4,4,No,0,6,No
44,101405,3,18,12,4,2,Yes,6,4,No
46,18674,2,3,44,3,2,No,4,2,Yes
41,150018,10,22,1,2,1,No,1,5,No
43,58012,3,10,44,3,3,No,1,4,No
53,177053,11,34,12,1,3,No,7,1,No
31,78187,5,13,20,2,2,No,4,2,No
50,166393,12,32,48,2,3,No,2,6,No
36,98846,8,20,11,3,4,No,3,5,No
59,72987,1,11,11,4,2,No,2,5,No
25,87872,7,7,11,4,3,No,1,1,No
59,126414,26,27,41,2,3,Yes,2,5,No
58,34638,4,4,37,3,4,No,5,6,No
44,64548,7,12,15,4,4,No,1,2,No
40,54440,2,7,22,1,4,Yes,7,5,No
22,56086,0,5,38,2,2,Yes,8,3,No
29,60130,7,10,48,1,1,Yes,4,0,No
23,53576,3,7,44,4,1,No,0,1,No
31,86292,5,15,23,3,1,No,6,2,No
59,149629,13,28,11,1,2,No,7,1,No
46,31666,3,5,36,2,1,No,5,6,Yes
25,58045,0,3,27,4,3,No,7,4,No
50,176134,11,32,36,2,2,Yes,5,3,Yes
30,69364,3,12,28,3,3,No,3,4,Yes
36,86751,5,18,14,2,1,No,3,2,No
30,50783,9,14,40,2,2,Yes,3,6,Yes
40,35925,1,5,36,1,2,Yes,8,4,Yes
39,123116,13,19,42,3,2,No,7,4,No
24,73174,6,8,23,4,3,No,5,1,No
21,37349,2,2,43,4,2,Yes,7,5,No
48,122728,19,29,21,2,3,No,2,6,No
28,18000,0,2,41,3,3,Yes,6,6,Yes
32,56490,14,14,34,4,1,No,0,2,No
49,42573,0,8,32,3,4,Yes,2,5,No
25,60890,5,8,18,3,1,No,0,0,No
54,18587,2,4,50,4,1,No,4,2,Yes
54,18460,0,4,14,2,3,No,7,6,No
43,86365,10,13,33,1,1,No,8,0,No
25,25411,8,9,13,4,4,No,4,5,No
59,95698,12,17,28,1,1,Yes,8,3,Yes
37,64325,15,16,18,4,3,No,0,3,No
60,166295,2,36,5,3,3,Yes,8,4,Yes
37,30495,3,5,8,1,3,No,4,5,No
47,47142,1,8,49,2,3,Yes,8,0,No
26,65300,0,4,18,2,4,No,5,6,No
59,87542,6,22,47,3,2,Yes,5,1,No
30,41455,1,12,16,4,2,No,8,0,No
43,85233,11,14,9,1,2,Yes,2,0,Yes
40,102935,15,21,22,4,2,No,6,3,No
43,20418,0,2,43,4,4,No,8,5,No
51,169947,7,28,50,2,4,No,8,4,No
32,33226,4,8,6,4,3,No,7,3,No
31,62415,3,3,19,4,1,Yes,7,3,No
25,62412,3,9,16,2,1,No,4,6,Yes
42,26339,2,2,22,4,2,No,0,4,No
54,115989,9,18,10,4,2,No,1,3,No
30,103885,5,13,4,1,4,No,1,6,No
45,88492,6,22,13,1,4,No,3,2,No
55,153036,3,30,38,1,1,Yes,7,0,No
48,71148,7,8,3,4,2,No,0,2,No
25,51641,3,7,35,4,4,No,5,0,No
26,33922,5,7,11,4,3,Yes,8,3,No
26,25722,7,8,13,4,4,No,5,5,No
31,46811,3,12,40,3,1,Yes,5,6,No
32,74843,12,12,50,3,3,No,0,3,No
36,77827,9,16,11,2,3,No,2,2,No
57,89775,11,16,29,1,1,Yes,7,3,Yes
57,171961,5,35,46,3,1,Yes,1,4,Yes
23,55654,0,8,14,1,2,No,8,5,Yes
60,142142,17,33,9,1,3,No,7,1,No
45,132548,0,27,45,1,3,No,1,2,No
38,18644,0,2,24,1,3,No,5,4,Yes
50,109754,23,27,7,2,3,No,0,6,No
57,49323,5,10,46,2,4,No,1,3,No
59,121313,29,31,22,1,1,No,6,6,No
28,65576,0,11,41,1,1,Yes,7,2,Yes
23,40959,1,3,8,3,2,No,5,4,No
55,74951,3,5,40,1,2,Yes,6,4,Yes
35,73664,2,14,16,1,2,Yes,7,1,No
54,142033,31,32,24,3,2,No,5,5,No
28,85537,4,9,12,1,4,Yes,0,6,Yes
22,18000,0,2,47,3,2,Yes,4,3,No
44,152078,17,26,39,1,2,No,3,4,No
59,85483,12,15,15,4,1,Yes,2,5,No
28,59906,0,10,16,3,1,No,3,6,No
29,69803,4,11,29,3,3,No,2,3,Yes
27,58288,4,8,17,1,1,No,6,6,Yes
39,122617,17,17,36,3,1,No,1,5,No
45,123929,11,24,14,2,3,Yes,3,5,No
38,46897,0,1,16,4,3,No,3,1,No
31,72705,3,13,37,1,1,Yes,3,5,No
52,160544,1,34,36,3,4,No,7,3,Yes
38,134316,1,22,16,3,1,Yes,7,0,No
30,86462,3,15,50,2,2,No,1,5,No
25,28107,1,5,35,1,4,No,5,5,No
53,18598,0,2,39,2,2,No,5,4,Yes
39,121907,3,20,3,1,4,No,2,2,No
56,60855,1,1,42,2,4,No,2,6,Yes
25,52953,7,8,28,3,1,No,1,1,Yes
33,20145,1,10,31,1,2,Yes,2,4,Yes
52,143600,19,19,23,2,2,No,1,3,No
47,141572,11,26,32,2,4,Yes,5,4,No
28,23003,6,12,14,1,3,No,1,5,Yes
57,118821,19,23,22,1,1,No,0,5,No
21,50514,2,5,38,4,3,Yes,6,0,No
31,100670,9,14,35,3,1,No,3,2,No
43,102648,16,23,23,1,1,Yes,8,2,Yes
37,102309,15,21,20,2,1,No,6,4,No
54,60447,3,7,22,1,3,No,3,6,No
39,66266,3,12,14,2,1,No,6,5,No
45,18000,0,2,50,3,2,No,0,3,No
34,87945,9,15,17,1,3,Yes,7,5,No
34,24749,0,0,45,2,2,Yes,4,4,Yes
44,88946,11,11,10,1,2,Yes,1,0,Yes
57,172161,18,34,28,1,2,No,7,5,No
36,105307,17,19,31,4,1,No,0,3,No
27,60577,6,6,10,2,1,No,8,0,No
29,56723,0,10,8,2,2,Yes,8,3,No
42,24537,1,2,24,4,2,No,0,3,No
44,101580,4,21,38,2,2,Yes,2,3,Yes
37,66765,3,15,46,1,3,No,1,4,No
24,62450,4,8,9,2,3,Yes,3,1,No
24,44929,4,4,11,2,3,No,8,3,No
26,19445,3,7,19,2,3,Yes,8,0,No
56,117262,16,20,6,3,1,No,8,6,No
29,68325,4,10,6,1,4,Yes,2,5,No
31,50263,2,12,12,2,3,Yes,3,1,No
46,18339,1,3,27,4,3,No,8,6,No
21,25329,3,3,37,2,3,No,3,6,No
23,52959,0,5,3,3,4,No,6,1,No
43,100115,10,23,12,2,2,No,6,2,No
26,25304,7,8,15,4,4,No,4,4,No
32,70075,4,16,41,4,3,No,4,0,No
40,119087,9,23,21,2,3,No,5,2,No
58,19474,2,7,15,2,1,Yes,0,0,No
26,32432,1,3,7,4,1,No,8,4,No
47,146352,14,27,20,3,3,No,4,5,No
44,146220,3,29,3,2,2,No,2,2,No
56,21075,1,9,32,3,4,Yes,4,5,Yes
58,117883,7,24,18,4,1,Yes,6,6,Yes
38,127573,2,20,41,3,1,No,8,5,Yes
43,81351,7,16,45,3,2,No,4,2,Yes
54,150655,30,33,17,1,3,No,8,2,No
25,59689,0,7,16,4,3,No,2,3,No
30,49394,0,12,6,2,3,No,6,4,No
32,88085,2,15,40,4,4,No,2,2,Yes
49,43785,7,8,24,1,3,Yes,1,0,No
49,118746,20,28,20,3,3,No,2,6,No
60,18000,0,1,6,2,1,No,8,0,No
23,51459,1,6,20,4,2,No,1,2,No
50,63206,2,4,22,1,1,No,5,6,No
43,139627,6,23,40,3,4,Yes,0,0,No
52,139416,9,27,4,3,2,No,8,4,No
45,18000,2,4,24,3,3,Yes,1,6,No
49,67569,3,11,47,1,2,No,7,1,No
50,141715,12,21,11,3,2,No,4,6,No
32,97739,2,15,33,4,2,No,2,1,No
22,26690,0,2,15,4,4,No,8,6,No
40,84841,6,9,28,4,1,No,6,1,No
24,58876,1,6,9,4,3,No,0,6,No
27,62914,7,9,22,1,4,No,5,3,No
25,56043,5,6,30,2,2,Yes,1,1,No
45,141138,17,29,34,2,4,Yes,8,4,No
47,37172,0,0,50,3,3,No,2,2,No
24,44285,0,6,11,2,4,No,7,1,Yes
47,86470,16,19,31,4,4,No,7,6,No
44,113840,0,19,31,1,2,No,1,4,No
51,29611,1,2,40,2,4,No,4,2,No
50,51848,2,3,26,2,4,Yes,2,0,Yes
54,49155,3,9,34,3,1,No,6,5,No
43,111787,13,30,45,1,4,No,7,2,No
50,62291,1,3,42,2,2,No,3,3,No
41,112766,17,19,17,2,4,No,5,6,No
22,58215,0,4,36,4,1,Yes,8,4,No
33,21981,0,1,41,1,2,No,1,1,Yes
56,91774,15,15,26,4,2,No,8,2,No
26,31826,0,0,9,2,2,No,7,0,No
21,18000,3,4,24,2,1,Yes,1,2,No
41,31603,1,2,28,1,4,No,6,4,No
51,48814,14,14,1,4,4,No,8,5,No
32,27176,0,3,3,1,2,Yes,5,0,No
52,37348,0,3,12,4,3,Yes,4,2,No
24,26161,1,1,39,2,3,Yes,0,4,No
36,18000,0,0,10,4,3,No,1,0,No
26,58537,1,2,34,3,3,Yes,1,4,No
23,40968,0,5,13,2,4,No,7,4,Yes
48,154569,19,28,38,1,2,No,1,4,Yes
45,41937,1,10,13,1,3,Yes,5,5,No
42,53088,3,10,47,2,1,No,6,3,No
59,94549,4,17,22,4,4,Yes,2,6,Yes
38,114430,10,21,23,1,3,No,6,0,No
40,115439,9,23,22,1,3,No,5,3,No
50,152584,30,32,35,2,3,Yes,7,0,No
31,53299,5,10,49,4,4,Yes,3,2,No
49,18000,0,0,25,3,2,Yes,6,5,No
24,54208,3,7,42,4,1,No,0,2,No
55,45085,4,14,8,1,2,No,4,4,No
37,124683,12,17,41,3,4,Yes,8,5,No
35,112126,12,18,46,3,4,Yes,4,3,Yes
31,52041,5,5,13,4,2,Yes,0,1,No
30,70887,2,11,28,3,3,No,3,4,Yes
32,54404,1,12,1,4,1,No,5,4,No
34,77822,8,13,31,2,4,Yes,7,3,No
43,123465,18,25,43,2,4,No,7,1,No
57,140003,15,33,13,1,3,No,7,2,No
29,18000,0,1,30,1,2,No,6,3,No
59,43426,4,7,26,1,4,Yes,0,6,No
36,101371,4,18,41,1,1,Yes,6,1,No
44,125491,7,26,4,4,2,No,5,3,No
50,156160,3,30,45,3,3,No,2,4,No
53,45924,10,10,6,1,3,Yes,5,1,No
25,55991,7,8,20,2,1,No,0,3,Yes
45,43870,2,6,50,2,4,Yes,7,0,No
58,49751,1,3,6,1,1,No,1,3,Yes
46,41379,1,4,28,4,1,No,7,3,No
45,110406,6,27,23,1,4,Yes,5,6,No
38,107656,1,16,14,1,1,Yes,6,1,No
55,99747,15,25,18,4,4,Yes,2,6,No
36,71642,5,11,12,2,1,No,7,6,No
57,138023,1,31,16,4,1,No,8,6,No
36,67032,2,17,42,2,4,No,4,6,No
38,27207,0,1,29,4,3,Yes,5,2,Yes
26,18000,7,8,14,3,1,No,7,1,No
24,31296,6,6,4,3,3,No,2,5,No
43,18948,1,1,27,4,1,No,5,4,No
48,47772,4,10,14,1,2,Yes,1,1,Yes
53,142357,29,31,24,3,3,No,6,5,No
22,20941,0,3,5,2,1,Yes,2,4,No
40,100715,8,16,18,1,4,Yes,1,5,No
46,164736,26,27,43,3,1,No,4,3,No
36,109176,15,16,23,1,1,Yes,3,5,No
44,18000,0,4,26,3,3,Yes,2,5,No
41,102059,15,16,16,1,2,No,0,6,No
26,24693,0,7,44,2,3,No,3,0,No
46,93196,0,18,38,4,4,No,4,5,No
57,125737,1,31,16,4,1,No,7,5,No
60,88635,4,16,7,1,2,No,2,4,No
39,58899,3,6,32,4,4,Yes,3,5,No
36,34904,2,3,42,3,1,Yes,2,4,No
34,78473,3,18,29,1,2,No,6,3,No
36,97099,7,18,2,1,4,No,0,4,No
35,131563,8,15,22,4,3,No,1,2,No
26,49927,5,8,46,1,2,No,2,2,Yes
28,18234,5,7,5,3,3,No,8,6,Yes
22,30489,0,2,40,1,2,No,8,0,Yes
59,140857,16,34,13,1,3,No,6,2,No
23,42605,3,8,4,3,1,No,8,0,Yes
45,65835,4,9,49,2,4,No,4,6,No
51,113922,16,29,46,2,2,Yes,2,2,Yes
39,119012,13,20,9,1,1,No,5,6,Yes
57,146344,12,28,27,2,2,No,8,4,No
55,108918,5,20,43,2,2,No,5,1,No
30,51757,12,12,14,1,4,No,4,2,No
22,48594,1,6,22,3,4,No,8,1,No
38,129715,0,19,5,4,1,No,3,1,No
53,139865,15,21,50,2,1,No,1,4,No
28,57369,0,10,36,1,2,Yes,6,4,Yes
53,33556,8,8,9,4,4,No,8,6,No
24,59383,1,6,10,1,2,No,8,4,Yes
34,76892,2,16,29,1,2,No,6,3,No
45,121925,2,18,6,3,4,Yes,6,1,No
44,19040,0,2,44,4,4,No,8,5,No
25,30578,2,11,38,4,1,No,6,1,No
54,90652,9,10,37,4,3,No,7,3,No
21,44067,2,2,2,2,4,No,6,1,No
56,173743,14,33,26,3,4,Yes,6,2,Yes
39,105270,7,20,22,1,2,No,4,6,No
35,106218,1,18,30,4,4,Yes,2,1,No
29,65381,1,9,42,1,1,Yes,8,2,Yes
28,39869,7,9,9,1,4,Yes,3,0,No
21,45817,3,5,26,1,2,No,7,6,No
27,60913,6,6,11,2,1,No,8,0,No
34,81077,3,14,28,1,2,No,7,4,No
48,149507,7,27,41,1,3,No,4,4,No
43,128722,15,24,28,4,3,No,6,1,No
54,37533,1,6,41,3,2,Yes,7,3,Yes
23,28619,0,8,39,2,3,No,0,5,Yes
30,43982,6,10,29,1,2,Yes,3,5,Yes
30,42146,12,12,27,2,4,No,3,3,No
24,50001,1,5,50,1,4,Yes,1,6,Yes
33,102667,10,15,26,3,3,No,1,0,No
29,28807,5,12,6,1,1,No,3,4,Yes
59,34993,0,0,17,4,3,No,1,1,No
59,61278,2,11,43,3,3,Yes,8,2,Yes
41,18000,3,3,30,1,1,Yes,6,2,No
57,132763,23,23,8,3,4,Yes,2,4,No
52,79743,8,16,48,1,3,No,6,0,No
41,151863,19,25,39,1,2,No,4,4,No
26,39832,0,5,44,4,1,No,4,2,Yes
21,24068,2,2,39,2,3,No,4,6,No
60,87033,14,22,44,1,2,No,1,6,Yes
28,71926,4,10,7,1,3,Yes,1,5,No
60,72568,1,10,22,4,4,No,6,4,No
23,44936,1,1,22,3,1,No,4,3,Yes
57,57595,6,11,8,3,2,Yes,4,1,No
26,51927,6,7,15,3,2,No,5,1,Yes
29,71609,6,12,5,4,1,No,0,3,No
52,18967,1,3,25,2,3,No,1,3,No
42,106121,10,15,37,3,4,No,3,3,No
52,133950,31,34,8,1,4,No,8,3,No
32,22334,5,7,36,3,4,No,4,6,No
43,73146,8,14,28,2,4,No,4,6,Yes
22,36228,0,3,7,2,2,No,0,1,No
40,35426,7,7,9,1,4,Yes,5,1,No
24,43194,3,5,7,3,1,No,6,0,Yes
31,50697,4,8,16,4,1,Yes,2,6,Yes
56,118794,26,32,7,4,3,Yes,3,5,No
21,18000,2,3,45,4,2,Yes,4,1,No
23,48563,2,6,21,3,4,No,7,2,No
29,43705,2,13,15,4,2,No,8,0,No
40,68493,5,9,44,1,3,No,4,1,No
57,184609,6,29,40,4,2,No,2,2,No
48,107338,9,26,19,1,1,No,1,5,No
41,119818,1,23,14,4,1,Yes,5,3,No
23,44551,3,4,12,2,3,No,8,2,No
26,57739,9,9,18,1,3,Yes,3,5,No
58,84847,6,8,11,1,1,Yes,0,1,No
53,146142,31,33,15,1,4,No,8,3,No
46,106861,6,19,35,2,3,No,0,2,No
25,58245,2,8,32,2,2,Yes,6,1,Yes
42,120613,15,22,50,1,2,No,6,6,Yes
35,91358,4,18,47,2,4,Yes,8,6,No
31,53647,0,11,22,4,3,Yes,0,6,No
29,54692,3,12,46,4,2,Yes,5,5,No
52,102557,4,20,21,4,4,No,5,5,No
59,18000,1,1,1,3,2,Yes,2,1,No
54,81854,4,24,23,4,1,No,7,3,No
26,61024,1,9,2,4,1,No,6,1,No
54,182450,30,33,20,1,2,No,4,6,No
25,73761,2,7,17,1,1,No,3,1,No
25,70198,2,8,11,1,2,Yes,7,4,No
26,63639,0,6,16,2,3,No,6,3,No
33,99235,0,16,30,1,4,No,5,0,No
21,53089,3,4,39,4,1,No,1,6,No
37,93110,19,19,6,3,1,No,7,3,No
23,47039,3,4,8,3,3,No,5,1,No
58,50140,2,12,8,2,4,No,7,5,No
36,29926,0,1,8,1,3,Yes,7,2,No
54,106328,9,9,28,2,1,Yes,8,1,No
30,66979,3,11,36,1,1,Yes,2,5,No
24,18120,3,5,49,4,3,No,0,6,No
23,57116,3,6,13,4,2,Yes,8,2,No
57,52539,0,0,6,1,1,No,1,5,Yes
36,81072,13,20,20,2,1,Yes,4,0,Yes
55,103006,16,24,20,3,4,Yes,3,5,No
30,86861,4,11,22,2,2,No,4,3,No
50,74437,7,13,35,3,2,No,0,2,No
33,85865,8,8,44,4,1,No,5,5,No
40,65222,0,5,49,4,2,No,0,1,No
39,157934,1,23,19,4,2,Yes,2,3,No
50,119748,2,29,25,2,2,No,6,5,No
25,49784,5,5,34,1,2,Yes,1,0,No
51,57175,0,8,13,1,3,Yes,0,5,No
31,46935,7,14,30,3,4,No,7,4,No
39,93637,16,18,18,1,1,No,8,2,No
51,30602,3,6,37,1,3,No,4,4,Yes
30,69829,5,12,20,2,2,No,4,3,No
45,119991,26,26,30,3,3,No,2,6,No
32,43930,2,9,31,2,2,No,6,2,No
33,79197,4,16,33,1,1,No,7,4,No
60,137204,13,22,8,3,4,Yes,2,5,No
25,62351,0,7,13,1,2,Yes,6,2,No
56,89487,12,17,20,2,4,No,3,0,No
25,38546,0,4,44,3,1,No,4,0,Yes
39,41562,8,8,10,3,4,No,5,1,No
23,18419,5,6,19,4,3,No,4,5,No
47,43474,2,5,28,4,1,No,6,4,No
45,94901,10,19,1,3,3,No,3,3,No
32,100245,6,14,48,2,2,No,2,5,Yes
47,18000,1,2,7,1,2,No,6,1,No
25,53946,3,7,18,2,1,Yes,1,4,No
41,118784,1,25,37,4,2,No,8,6,No
59,103418,6,18,45,2,2,Yes,4,5,No
31,39044,0,6,36,1,4,Yes,5,4,No
24,44210,3,3,24,3,1,No,3,2,Yes
54,40159,1,2,17,1,3,No,4,4,No
52,163691,24,32,13,3,3,No,2,4,No
55,52518,6,11,48,1,4,No,0,1,No
49,146499,15,26,21,3,3,No,5,4,No
40,134693,5,22,50,4,3,No,4,5,Yes
25,25456,1,6,42,3,1,No,1,6,No
43,45420,1,9,7,4,4,No,1,3,No
44,121249,1,22,37,3,2,No,2,6,No
45,73910,11,11,34,2,2,Yes,2,6,Yes
51,131142,18,19,28,3,3,No,0,2,No
37,105987,12,16,15,1,1,Yes,0,2,Yes
29,95994,6,11,39,2,1,No,5,0,No
38,92695,0,20,21,4,4,Yes,0,1,No
24,64852,0,9,1,4,1,No,5,0,No
58,89626,4,10,36,2,3,No,1,5,No
60,190645,33,33,27,2,1,No,5,5,No
35,62944,4,13,43,2,3,No,0,4,No
45,18000,0,0,30,4,4,No,8,6,No
41,76351,6,18,22,3,1,Yes,1,1,No
33,21685,1,1,35,1,2,No,2,2,Yes
35,75911,4,17,7,3,4,Yes,2,6,No
42,63796,7,14,43,2,1,Yes,4,6,Yes
43,136300,25,27,10,1,2,No,6,5,Yes
26,67582,2,9,17,3,3,No,6,1,No
36,103069,3,18,11,3,2,Yes,3,2,No
52,61282,1,7,32,4,2,Yes,1,4,Yes
58,180262,3,25,1,1,2,No,1,6,No
49,60132,2,2,18,1,1,No,6,6,No
26,48392,5,5,46,1,2,No,0,2,Yes
58,44213,1,1,5,1,1,No,2,4,Yes
55,154123,20,28,42,1,3,Yes,2,0,No
51,90445,11,15,46,4,1,No,1,1,No
34,89457,5,15,22,3,1,No,5,0,No
44,155171,23,27,4,4,4,No,1,0,No
53,59108,8,14,25,4,3,No,2,0,No
55,83349,12,12,40,3,2,No,6,6,No
41,60667,3,15,26,4,1,No,3,5,No
47,18000,0,0,30,4,4,No,8,6,No
36,72867,4,19,8,2,4,Yes,2,6,No
42,39850,5,5,38,1,4,No,2,6,No
58,86544,11,14,19,2,4,No,3,0,No
26,55574,0,7,22,1,2,No,7,5,Yes
25,72687,7,9,41,2,3,No,0,3,No
42,18000,1,1,31,2,4,Yes,6,3,No
24,57962,3,8,20,1,1,No,6,6,Yes
47,136160,13,29,17,2,4,Yes,5,3,Yes
45,84927,11,12,1,2,4,No,6,3,No
37,61981,10,16,10,2,1,Yes,0,0,No
59,18000,0,0,3,1,1,No,7,0,No
24,20415,1,4,27,4,1,No,2,6,No
36,85084,7,17,14,2,1,No,4,3,No
46,18610,0,0,28,4,4,No,8,6,No
44,55905,8,14,26,4,1,No,0,1,No
47,25650,0,0,10,3,4,No,8,3,No
45,72010,2,15,30,2,3,Yes,3,6,No
36,70366,7,16,47,2,3,No,4,0,No
25,67355,3,9,40,4,3,No,5,6,Yes
47,44641,0,1,47,3,3,Yes,3,2,Yes
46,115268,3,19,7,4,4,Yes,6,2,No
51,153011,12,33,14,4,4,Yes,2,3,No
53,88584,6,15,49,1,3,No,7,0,No
39,105772,18,19,46,4,2,Yes,0,3,No
28,20991,1,5,50,1,3,Yes,3,5,Yes
36,32058,6,6,17,3,4,Yes,8,5,No
43,110896,13,25,40,3,3,No,8,3,No
24,18000,6,6,35,2,2,No,0,3,Yes
57,95264,9,13,28,2,2,No,5,6,No
48,103509,13,24,19,2,1,Yes,7,3,Yes
32,94674,6,14,26,3,1,No,4,1,No
50,175989,2,27,37,4,2,No,6,2,No
24,56501,0,6,13,1,2,No,8,4,Yes
44,62472,4,9,1,4,2,No,8,3,No
56,135366,2,32,17,4,1,No,8,5,No
21,18000,0,5,3,1,2,No,3,6,No
34,52710,11,16,38,1,1,No,2,0,No
45,129202,18,29,45,1,3,No,3,1,No
58,72571,6,13,28,1,1,No,5,4,No
49,70530,11,13,19,3,1,Yes,0,2,No
48,131311,12,27,21,2,3,Yes,4,2,Yes
27,60620,6,8,10,1,4,No,2,4,No
39,81129,9,21,39,3,4,Yes,8,4,No
60,128944,27,27,10,1,3,No,6,2,No
51,163805,8,30,50,2,4,No,8,4,No
25,44548,0,5,25,4,1,No,1,3,No
42,60160,0,5,15,3,2,No,7,6,No
43,113462,0,26,31,4,2,No,6,4,No
60,128876,4,17,17,4,2,No,6,0,No
58,64149,4,17,29,1,2,No,5,4,No
25,27397,2,7,29,1,4,No,7,5,No
48,124918,16,29,21,2,4,Yes,2,5,No
23,71169,5,5,26,2,4,Yes,3,4,No
39,150877,5,20,21,3,2,Yes,6,0,No
49,62712,9,13,25,4,3,No,2,1,No
34,86245,15,16,2,3,2,No,2,2,No
35,83601,14,19,21,2,1,Yes,4,1,Yes
46,132136,24,25,23,2,3,No,3,5,No
50,84871,22,24,13,3,4,No,4,6,No
56,117520,28,30,34,3,3,No,1,6,No
49,63169,8,8,34,2,2,Yes,4,3,Yes
51,117861,23,23,21,2,4,No,6,2,No
33,43870,4,10,44,4,2,No,4,0,No
33,88792,5,15,25,3,1,No,5,1,No
40,31353,0,5,36,2,1,No,7,1,Yes
36,85242,11,16,21,2,2,Yes,5,5,No
37,90692,4,18,2,1,4,No,1,4,No
54,96223,7,18,47,2,3,No,7,0,No
52,47962,0,7,31,1,2,No,8,1,No
40,45324,8,8,39,4,1,No,5,0,No
44,50252,0,2,17,2,1,No,6,6,Yes
37,106891,14,21,21,2,1,Yes,5,6,No
24,57660,2,6,46,2,3,Yes,0,0,Yes
51,62321,4,4,42,2,2,No,4,5,No
27,47270,5,5,25,1,1,No,1,0,No
35,54939,8,17,10,3,4,No,8,4,No
34,30924,0,0,9,1,3,Yes,7,3,No
58,76927,8,14,45,3,3,No,4,0,No
22,54082,2,3,14,3,2,Yes,8,0,No
21,47767,3,3,22,1,2,Yes,6,6,Yes
28,87270,4,10,24,3,3,Yes,5,1,Yes
28,34839,4,6,11,2,2,No,1,2,No
59,85399,11,14,20,3,3,No,4,0,No
30,50322,4,5,15,4,2,Yes,2,5,Yes
59,108144,4,24,37,3,1,Yes,3,3,No
44,143042,2,27,43,1,2,No,6,2,No
28,53902,4,11,45,4,2,Yes,5,5,No
29,26259,7,12,1,1,1,No,1,3,Yes
51,121021,13,23,5,4,2,Yes,1,5,No
27,76968,2,10,42,3,4,No,0,5,No
27,20937,3,4,17,3,1,No,3,5,No
42,30228,0,5,35,3,1,No,6,0,Yes
53,83611,6,14,47,1,4,No,8,0,No
29,81476,4,16,23,3,1,No,1,2,No
34,98990,9,13,28,3,3,No,0,1,No
51,85985,2,19,26,1,1,No,1,1,No
25,55713,0,4,19,4,3,No,1,3,No
59,167999,15,28,22,3,3,No,4,6,No
51,106638,12,23,21,1,1,Yes,8,3,Yes
52,61034,1,4,42,2,2,No,3,4,No
35,87868,5,18,16,2,1,No,3,1,No
26,56150,8,11,17,1,3,Yes,4,4,No
54,79760,2,6,44,1,4,No,3,0,No
55,61253,3,6,24,1,3,No,4,6,No
40,127039,21,22,32,2,1,No,6,3,No
26,56012,1,8,29,2,2,Yes,1,0,No
29,90378,10,11,41,2,3,No,6,5,No
39,102658,1,20,3,1,2,Yes,6,2,No
29,92421,0,7,34,3,2,No,7,2,No
41,96377,5,22,16,1,3,Yes,3,2,No
29,58051,1,12,4,2,3,Yes,6,1,No
51,75672,7,13,35,3,2,No,0,2,No
59,60360,12,12,1,1,3,No,1,0,No
40,131180,3,21,12,4,1,Yes,6,3,No
25,18000,6,6,9,4,1,No,5,1,No
35,110247,2,18,34,3,4,Yes,3,0,No
26,81256,2,8,49,4,4,No,5,2,Yes
38,34870,2,6,31,1,3,No,1,5,No
24,57074,0,7,13,1,3,No,8,4,Yes
26,74693,3,6,42,3,4,No,1,4,No
52,75319,2,11,28,4,4,Yes,2,2,No
42,19020,1,1,45,4,4,No,3,0,No
42,93670,15,17,16,1,2,No,0,5,No
22,32984,1,1,9,2,2,No,0,1,No
29,63398,0,10,6,2,2,Yes,8,1,No
28,68868,1,1,28,1,3,Yes,5,0,Yes
38,100982,12,16,18,2,1,Yes,0,3,Yes
43,81105,8,16,20,2,2,No,2,4,No
22,57352,0,0,9,1,2,No,1,5,No
50,32715,2,2,8,3,1,Yes,4,3,No
60,18390,0,0,6,1,1,No,8,1,No
51,18000,0,0,27,3,2,Yes,6,6,No
33,73492,15,16,30,3,3,Yes,7,2,No
26,62964,9,11,18,1,4,Yes,4,4,No
24,70514,7,7,22,4,3,No,5,1,No
22,46638,2,3,26,2,1,No,6,5,No
37,104992,14,18,21,1,1,Yes,6,5,No
27,18000,7,9,5,4,2,No,7,6,Yes
24,46255,5,5,21,1,2,No,5,0,No
46,104227,1,12,4,2,4,No,1,2,No
41,60229,3,7,42,3,3,No,1,4,No
38,18258,0,0,24,4,4,No,2,0,No
48,133991,10,30,4,3,3,No,3,4,No
54,167527,2,32,31,3,4,No,5,4,No
30,81076,13,14,31,1,4,Yes,4,5,No
41,18000,2,2,31,4,1,No,4,3,No
32,23225,4,4,34,2,4,No,3,6,No
51,113807,21,21,23,3,4,No,5,2,No
52,126585,8,24,1,1,1,Yes,4,2,Yes
54,31116,8,8,9,4,4,No,8,5,No
29,100087,9,13,17,1,3,Yes,8,3,Yes
43,126525,2,25,36,4,2,No,7,4,No
48,49162,5,7,30,3,3,No,0,2,No
26,79935,10,11,21,3,2,Yes,8,6,No
27,56209,7,7,18,1,3,Yes,4,4,No
24,60608,4,5,30,3,4,No,0,6,No
47,18000,0,0,10,1,2,Yes,5,3,Yes
43,75712,5,15,20,1,3,No,2,3,No
46,30278,4,8,39,2,1,No,5,5,Yes
38,120523,3,20,5,3,1,No,4,0,No
50,176925,11,32,36,2,2,Yes,4,3,Yes
38,78780,2,6,7,1,3,No,0,3,No
34,98255,9,16,5,1,4,No,6,6,No
54,67445,3,7,21,1,3,No,4,5,No
54,60983,0,11,22,2,2,No,5,2,Yes
38,139984,3,24,20,4,2,Yes,3,5,No
54,128658,21,26,23,3,1,Yes,6,4,No
48,54507,14,15,10,1,4,No,3,1,Yes
21,18285,0,3,44,4,2,Yes,4,2,No
44,49239,0,3,14,2,2,No,7,6,Yes
40,21221,2,5,14,3,2,Yes,3,4,No
60,127680,13,19,4,3,3,Yes,3,4,No
39,78938,8,20,37,4,4,Yes,8,5,No
38,31409,1,1,44,1,1,No,3,0,No
30,71134,7,12,33,4,4,Yes,2,4,No
59,80795,5,12,24,3,2,No,2,1,No
30,19153,12,12,33,1,1,No,1,0,No
58,128985,4,21,8,1,2,No,2,1,No
33,41861,9,11,49,2,2,Yes,5,6,No
51,52646,1,4,48,3,3,No,2,2,No
28,19919,2,3,50,1,3,Yes,4,5,Yes
39,73285,3,11,12,2,1,No,8,5,No
22,54407,0,4,22,4,3,No,2,4,No
34,63252,0,8,48,2,4,Yes,4,4,No
26,78591,4,8,36,1,1,No,3,1,Yes
31,71392,3,16,50,4,3,No,2,0,No
31,79074,6,9,39,4,1,Yes,1,3,No
38,138369,16,20,12,3,1,Yes,2,4,No
51,115100,14,24,4,4,3,Yes,2,5,No
27,77637,6,9,19,2,2,No,2,6,No
28,18000,6,9,28,3,3,No,3,4,No
43,48170,1,9,9,4,4,No,3,4,No
40,106911,19,22,5,3,2,Yes,7,5,No
58,92190,2,17,46,2,4,No,4,4,No
58,167630,24,34,9,1,2,No,0,0,No
48,112951,1,17,27,1,3,No,4,1,No
22,41598,2,2,38,3,4,No,3,6,No
37,106100,13,19,32,2,4,Yes,5,0,No
33,80272,8,12,29,3,4,Yes,8,3,No
42,139945,4,21,40,3,4,Yes,2,0,No
46,18130,0,1,27,4,4,No,7,6,No
57,119794,26,29,5,4,3,Yes,2,4,No
47,122265,13,23,22,1,3,No,0,4,No
48,151401,21,28,26,1,3,Yes,8,5,No
49,53043,6,6,34,3,4,No,1,3,No
53,58920,1,10,22,2,3,No,5,3,Yes
47,127071,15,30,16,2,3,Yes,2,6,No
50,125455,9,20,17,3,1,Yes,1,0,No
60,57066,10,10,2,1,3,No,2,2,No
43,70783,5,5,37,4,3,Yes,1,1,No
24,49574,2,6,28,3,4,No,8,1,No
55,63153,15,17,31,3,4,No,3,5,No
47,70526,6,12,17,3,2,No,1,6,No
31,98382,12,12,13,1,2,Yes,6,4,Yes
51,96906,10,13,44,4,2,No,2,0,No
37,97934,12,16,14,1,1,Yes,0,3,Yes
32,98396,1,15,34,4,3,No,3,0,No
21,21296,1,1,36,1,3,No,4,5,No
26,86310,7,8,20,1,4,No,1,3,No
38,79709,6,7,1,3,1,No,2,5,No
28,32539,5,5,10,2,2,No,1,4,No
36,40084,6,6,17,3,4,Yes,7,4,No
41,59237,0,4,50,4,1,No,0,1,No
27,19279,5,5,33,3,2,No,0,2,Yes
38,28709,0,0,27,4,2,Yes,5,2,Yes
53,82981,14,19,15,4,1,No,1,4,No
44,131001,15,25,48,1,4,No,0,2,Yes
33,89446,13,14,19,2,3,Yes,7,4,No
49,157688,12,33,17,4,1,Yes,7,4,No
59,147829,13,31,27,3,3,No,7,6,No
51,107974,30,32,16,1,3,Yes,3,6,No
59,60031,7,8,6,3,1,Yes,4,0,No
37,75224,2,15,18,1,2,Yes,8,4,No
56,149387,14,27,26,2,3,No,8,4,No
53,32214,9,10,9,4,4,No,8,5,No
29,54650,3,7,17,4,1,Yes,3,4,Yes
37,26240,0,0,28,3,3,Yes,5,3,Yes
59,75511,9,16,4,1,1,No,8,3,No
53,117948,27,29,26,3,2,No,1,4,No
37,96464,14,14,3,4,1,Yes,0,5,No
44,119434,6,27,42,4,2,No,3,6,No
33,69178,12,17,20,1,3,Yes,1,6,No
49,107089,15,16,3,3,4,No,2,5,No
54,48433,0,3,23,4,3,Yes,4,5,Yes
42,77957,6,16,46,2,1,No,3,2,Yes
37,96299,15,22,12,1,4,No,7,3,No
40,89753,13,14,4,4,1,Yes,0,3,No
51,168200,2,26,34,4,2,No,6,2,No
53,84996,21,24,15,3,4,No,4,6,No
40,30524,0,5,33,3,1,No,7,0,Yes
50,154155,13,30,24,2,2,No,6,4,Yes
52,161962,15,36,47,3,4,No,6,2,Yes
32,93730,8,14,47,2,2,No,4,6,Yes
53,54230,8,8,48,3,1,No,1,3,Yes
56,84560,11,12,14,2,4,No,4,0,No
45,30019,3,5,38,2,2,No,6,6,Yes
31,61797,12,14,47,2,4,Yes,2,6,No
32,83226,1,15,36,1,2,No,4,1,Yes
53,85312,6,15,47,1,3,No,7,0,No
27,78841,0,8,1,2,4,Yes,5,0,Yes
60,47095,8,8,4,2,1,No,2,2,No
33,99338,1,15,33,1,4,No,5,0,No
24,55980,6,6,30,4,2,Yes,4,0,No
22,18923,2,5,47,4,2,Yes,4,2,No
23,44527,5,5,41,3,1,No,8,2,No
51,171386,0,33,42,3,3,No,3,4,No
30,111106,4,9,15,4,1,No,5,0,No
25,47647,0,3,17,2,2,No,2,3,No
47,26090,0,0,10,3,4,No,6,4,No
33,70619,3,14,41,2,2,No,4,4,No
36,84683,14,18,19,2,1,Yes,3,0,Yes
29,83951,3,10,12,1,4,Yes,1,6,Yes
24,18000,3,4,12,4,4,Yes,8,6,No
47,84287,8,16,2,2,2,Yes,3,0,No
52,56189,7,8,47,3,1,No,1,4,Yes
39,102475,17,22,30,3,2,No,5,2,No
55,19849,0,9,33,3,4,Yes,6,6,Yes
60,133484,23,23,8,3,4,Yes,2,3,No
54,88129,2,16,19,3,4,No,6,6,No
36,98620,13,15,14,1,1,Yes,0,2,Yes
31,79391,11,12,48,2,1,No,0,2,Yes
43,133164,1,25,41,1,3,No,1,1,No
46,126125,15,29,15,3,4,Yes,3,6,No
46,43794,5,8,13,2,4,No,7,5,No
42,18000,2,3,29,4,4,Yes,2,5,No
21,18877,3,3,29,3,3,Yes,0,3,No
54,19372,4,9,13,2,1,Yes,1,1,No
21,28410,0,4,38,2,3,Yes,0,4,No
49,59747,9,9,7,4,3,No,0,1,No
54,111884,10,17,10,4,2,No,1,4,No
47,43697,0,0,48,3,3,Yes,4,2,Yes
37,110670,1,16,14,1,1,Yes,7,2,No
50,161385,7,28,48,2,4,No,8,5,No
24,44467,3,4,31,2,3,No,3,4,No
34,91660,2,13,1,1,3,Yes,2,6,No
34,18000,2,3,33,2,1,No,3,3,Yes
38,56227,3,16,24,4,1,No,3,6,No
25,20826,3,3,47,3,3,No,3,4,No
57,109484,4,21,46,3,1,Yes,4,6,No
25,53084,3,7,37,4,4,No,6,1,No
25,36734,6,7,49,4,1,Yes,2,2,Yes
38,75761,4,12,34,2,2,Yes,4,2,Yes
27,42978,4,8,15,4,3,No,4,5,No
24,18417,2,5,10,3,3,Yes,8,4,Yes
47,42640,0,10,11,2,3,Yes,3,5,No
39,79106,9,16,17,3,2,Yes,1,4,Yes
46,23076,0,1,42,1,3,No,8,5,No
51,97681,18,23,15,4,4,No,0,3,No
39,122509,9,21,24,3,4,No,1,4,No
58,24451,0,2,37,1,1,Yes,0,4,Yes
21,41480,3,3,27,2,3,No,8,4,No
34,20616,0,5,27,2,1,No,4,4,Yes
40,126146,17,18,31,2,1,No,0,4,No
39,61220,1,6,4,2,3,Yes,8,4,No
21,19231,2,2,32,3,1,No,6,3,Yes
51,59649,3,3,21,1,1,No,6,5,No
36,98246,2,19,8,3,2,Yes,3,2,No
42,101510,6,19,18,1,4,Yes,1,4,No
27,77601,7,11,40,2,3,No,3,3,No
39,18000,0,0,27,2,1,No,7,5,Yes
21,48183,2,2,37,3,2,No,0,5,No
45,118859,9,19,11,2,2,No,3,5,No
36,81923,3,17,30,1,2,No,5,4,No
33,31604,3,6,5,4,3,No,6,4,No
43,118494,15,24,41,4,3,No,8,2,No
25,54807,0,5,22,4,3,No,1,2,No
52,45007,2,8,12,3,3,No,4,1,Yes
41,123620,20,23,32,2,1,No,6,5,No
46,18000,2,5,48,2,2,No,0,3,No
39,75441,2,13,12,1,2,Yes,8,2,No
35,20722,0,5,27,3,2,Yes,1,2,Yes
45,136195,9,23,34,4,3,No,8,3,No
40,52205,2,4,25,2,3,No,0,5,No
53,148672,20,32,46,1,3,Yes,4,0,No
34,48749,0,0,29,4,4,No,8,5,No
44,68601,3,7,13,2,1,No,8,3,Yes
39,93719,10,19,7,3,4,No,7,3,No
21,43152,3,3,37,3,4,No,2,6,No
25,54981,3,8,32,1,2,Yes,6,1,Yes
60,147160,13,29,24,4,3,No,5,5,No
39,128321,18,21,48,1,2,No,8,3,No
54,80940,7,9,39,2,2,No,8,3,No
46,101616,5,22,13,1,4,No,1,0,No
50,90811,13,13,29,2,4,No,1,4,No
21,18000,1,3,3,1,2,No,3,6,No
54,138281,10,32,14,4,4,Yes,3,4,No
21,19331,0,3,2,2,1,Yes,2,3,No
58,102409,5,17,29,4,4,Yes,2,6,Yes
57,103485,4,16,27,4,4,Yes,2,6,Yes
44,126101,14,24,4,3,4,No,6,0,No
26,52354,1,8,47,2,3,Yes,0,0,Yes
38,101704,9,22,22,1,3,No,7,0,No
59,137663,12,29,7,1,2,No,8,1,No
32,31452,2,3,34,2,2,No,3,3,No
47,133644,10,19,23,1,3,No,3,0,No
56,82009,6,15,46,2,4,Yes,2,2,No
55,103723,8,15,16,1,1,No,0,5,No
21,27551,2,5,15,4,4,No,5,6,No
56,110608,8,15,11,1,2,No,0,4,No
53,51114,10,10,6,1,3,Yes,8,1,No
28,18000,5,10,28,3,3,No,3,4,No
21,18000,3,4,5,1,3,No,3,6,No
35,82272,3,16,4,3,4,Yes,2,6,No
48,18000,0,4,29,1,2,Yes,5,3,Yes
27,58952,10,12,6,1,4,No,2,5,No
34,92782,9,17,41,2,4,No,7,5,No
58,33321,0,0,19,1,1,No,3,6,No
52,142245,16,34,44,3,4,No,7,3,Yes
25,52536,3,6,50,2,4,No,5,0,Yes
25,38983,1,7,12,1,3,No,7,2,No
31,56952,13,14,38,3,2,No,4,0,No
33,117934,5,14,9,1,3,No,5,0,No
25,35578,2,4,5,4,1,No,8,5,No
49,69113,12,14,17,3,1,Yes,0,2,No
33,66193,5,16,39,4,3,No,5,1,No
43,106875,4,16,15,4,2,Yes,6,4,No
32,76293,3,17,40,4,3,No,5,0,No
57,24485,1,1,6,4,4,Yes,6,2,Yes
44,133864,25,25,29,2,3,No,6,6,No
54,88999,2,18,28,2,1,No,0,0,No
25,27880,1,8,22,1,4,No,7,6,No
24,48897,5,8,15,2,2,No,4,2,Yes
27,32163,1,9,37,4,2,No,4,1,No
24,54658,0,6,50,2,3,Yes,0,0,Yes
31,53968,2,12,12,2,3,Yes,7,1,No
30,83202,3,5,21,3,2,No,7,0,No
36,105461,12,17,14,1,1,Yes,0,1,Yes
41,78651,6,9,43,1,3,No,2,1,No
26,59114,2,9,23,2,4,No,4,2,No
25,46839,1,8,12,2,4,No,6,2,Yes
42,36363,2,5,35,1,1,Yes,8,3,Yes
45,144297,6,24,40,3,4,Yes,3,2,No
43,33346,2,4,33,2,3,No,6,5,No
36,74074,5,17,6,3,4,Yes,2,6,No
46,77800,8,16,2,2,2,Yes,2,2,No
36,58792,3,18,24,2,2,No,1,4,No
38,67807,3,12,9,2,1,No,8,5,No
31,39345,0,5,9,4,4,No,7,1,No
26,29043,0,7,42,2,4,No,0,5,Yes
22,20414,0,3,4,2,1,Yes,0,4,No
39,27142,0,4,28,4,3,Yes,4,3,Yes
30,60499,0,12,21,4,3,Yes,0,6,No
27,70026,3,9,20,2,2,No,2,6,No
50,119156,16,27,48,2,2,Yes,2,2,Yes
38,128444,1,19,1,3,1,No,4,0,No
28,58674,5,10,45,2,4,No,4,5,No
57,53697,1,3,1,2,3,No,2,5,No
40,56513,1,8,21,1,4,Yes,5,6,No
40,135853,7,24,39,3,2,No,0,2,Yes
52,85386,1,7,16,3,3,Yes,8,0,No
42,51543,3,9,48,3,2,No,6,4,No
31,57486,0,10,22,4,4,Yes,1,6,No
46,86596,12,12,2,2,4,No,6,2,No
56,101622,9,22,39,2,3,Yes,4,1,No
43,46270,0,11,6,4,4,No,2,4,No
51,181267,13,31,36,2,2,Yes,3,1,Yes
39,95092,2,21,40,2,4,No,5,3,No
32,97485,14,14,27,2,3,Yes,7,3,No
48,149215,20,30,38,1,2,No,1,2,Yes
22,18872,1,4,44,4,3,Yes,4,2,No
49,35676,3,6,14,2,3,No,7,3,Yes
54,163891,14,36,43,2,1,No,0,2,No
45,78279,1,18,24,2,3,Yes,4,4,No
40,91660,4,17,19,1,4,Yes,1,4,No
34,35998,4,4,44,2,1,Yes,0,5,Yes
60,121887,6,22,48,1,1,Yes,4,2,Yes
50,96459,1,16,41,1,2,No,3,4,No
44,163899,24,25,12,4,4,No,0,1,No
59,78388,7,12,14,1,1,Yes,1,1,No
54,18000,0,3,15,2,1,No,4,3,No
48,113728,7,25,21,1,1,No,1,5,No
59,34597,0,2,23,3,3,No,2,0,No
49,120905,23,23,20,4,2,No,3,3,No
23,18000,5,6,21,4,3,No,1,5,No
36,18000,0,3,7,3,4,No,2,0,No
39,98568,18,21,49,4,2,Yes,1,2,No
39,94684,18,18,46,4,2,Yes,0,3,No
54,37748,0,4,47,3,3,Yes,7,3,Yes
45,124285,15,26,17,2,4,Yes,3,6,No
24,54708,3,6,46,2,4,No,4,0,Yes
47,62717,7,9,2,2,3,No,0,1,No
41,25464,0,0,11,3,3,No,6,4,No
54,73596,3,8,48,1,1,No,7,1,No
23,79279,3,4,22,2,4,Yes,5,2,No
40,143279,0,22,15,4,1,Yes,8,0,No
31,52627,12,12,12,1,3,No,5,1,No
59,131665,0,31,30,3,4,No,1,1,No
27,29909,1,9,48,3,1,Yes,4,0,Yes
22,51245,2,3,38,3,1,No,0,6,No
49,156357,19,27,14,2,1,No,2,4,No
25,44084,3,8,29,2,3,No,6,0,No
55,138562,1,25,30,3,4,No,3,4,No
55,33868,3,6,42,3,4,No,5,6,No
41,36373,0,0,47,1,2,Yes,8,3,No
40,60915,2,16,24,4,1,No,5,5,No
52,161756,25,25,48,4,1,Yes,6,6,No
56,24524,0,0,5,1,4,Yes,8,3,No
50,163318,22,32,18,2,4,No,8,2,No
37,71147,1,5,6,1,3,No,0,3,No
30,65076,8,15,43,2,2,Yes,4,3,Yes
38,57776,4,4,33,4,4,Yes,1,4,No
28,25127,0,9,24,3,1,No,8,5,No
35,27038,0,0,23,4,1,No,7,2,No
23,49613,2,8,45,4,1,No,2,4,No
48,42141,0,8,29,3,3,Yes,4,5,No
47,37564,0,1,50,3,3,No,4,4,No
48,18093,0,1,24,2,4,Yes,3,6,No
25,20612,1,5,14,1,4,No,2,0,No
21,18000,0,2,3,1,2,No,3,5,No
25,18000,5,8,5,4,2,No,6,6,Yes
32,52539,8,11,48,4,4,Yes,2,1,No
45,131806,1,29,15,1,1,No,3,5,No
40,50952,8,10,42,3,2,Yes,0,4,Yes
43,18000,0,0,33,2,4,Yes,6,3,No
29,81816,6,9,7,4,1,No,0,3,No
42,43208,0,9,5,4,4,No,1,2,No
52,47097,4,11,38,4,4,Yes,5,4,No
25,67207,5,6,30,3,3,No,1,5,No
37,77970,0,5,4,1,3,No,0,3,No
55,148979,22,32,6,2,4,No,0,6,No
41,34865,2,5,33,1,2,Yes,8,4,Yes
52,59349,1,4,44,3,2,No,3,5,No
56,157872,8,31,11,4,1,Yes,1,6,No
43,18000,0,0,31,1,4,No,8,5,No
42,92747,0,11,15,4,3,No,5,3,No
43,65498,7,8,5,4,2,No,8,3,No
28,76245,10,11,5,1,2,No,8,6,Yes
32,69614,12,12,13,1,3,No,0,0,No
33,24422,0,2,2,1,2,Yes,4,0,No
52,18000,1,1,46,1,3,Yes,1,1,Yes
27,86813,4,9,23,1,2,No,2,2,No
44,121648,6,20,36,2,1,No,1,2,No
48,114031,17,26,42,4,3,Yes,7,6,No
35,79456,7,17,34,4,1,No,8,3,No
33,50622,0,1,23,3,4,No,8,4,No
53,173612,29,37,21,1,3,No,3,6,No
31,54350,0,9,7,2,4,Yes,7,1,No
39,113714,3,18,48,2,4,No,3,1,No
43,117288,17,25,26,4,2,No,2,1,No
22,100280,5,5,19,4,2,No,8,5,No
44,61271,9,9,17,3,4,No,1,0,No
24,20663,3,7,50,2,2,Yes,2,5,No
22,34266,0,1,17,2,4,Yes,6,1,No
38,18000,0,1,25,3,4,No,0,2,No
39,75261,3,7,7,3,1,No,0,5,No
29,18942,10,11,34,1,2,No,1,1,No
34,35735,2,5,43,3,1,Yes,2,4,No
33,31560,3,5,9,4,2,No,7,4,No
40,45760,4,8,31,4,2,No,2,0,No
47,107189,28,31,32,4,1,No,8,6,No
23,46208,2,7,34,4,4,No,5,0,No
27,72859,5,8,31,3,1,No,8,5,No
57,140414,22,24,20,2,4,No,8,4,No
41,82264,6,8,42,2,3,No,1,0,No
58,75294,10,13,1,1,2,No,7,3,No
38,54894,6,6,29,3,4,Yes,7,2,No
47,18645,3,6,9,1,2,No,5,0,No
52,73135,14,19,27,3,2,No,4,3,No
46,126653,16,28,14,2,4,Yes,2,6,No
54,86599,12,19,7,3,2,No,8,4,No
31,53261,5,12,50,4,4,Yes,2,1,No
53,39082,3,10,17,3,1,No,2,0,Yes
43,126311,3,23,6,2,3,No,0,1,No
21,32414,0,2,12,1,2,No,0,1,No
48,87828,6,14,44,2,2,No,2,6,No
26,64709,3,10,21,4,2,No,2,1,No
31,55429,7,14,32,1,3,No,8,5,No
49,112992,27,30,30,4,1,No,7,6,No
55,80776,6,16,47,2,4,Yes,2,2,No
40,73985,13,21,17,4,4,No,0,1,No
49,69038,8,11,17,1,2,No,7,3,No
23,39855,3,7,10,4,2,No,6,3,No
54,66642,0,10,18,2,2,No,4,1,Yes
60,154334,0,26,38,1,1,No,4,2,Yes
22,19404,2,4,50,3,3,No,3,4,No
32,43066,1,8,20,4,1,Yes,0,3,Yes
49,43777,1,6,31,3,4,Yes,1,6,No
59,103470,6,14,19,2,1,No,1,0,No
46,104429,1,10,4,3,4,No,0,0,No
22,46229,1,3,25,2,4,No,8,3,No
58,38064,3,7,16,1,2,No,2,0,No
43,111683,2,27,31,4,2,No,6,5,No
53,102686,0,16,7,2,1,Yes,3,0,Yes
25,41343,3,4,37,2,3,Yes,0,2,Yes
33,19269,1,4,26,2,1,No,5,4,Yes
21,44676,2,3,16,1,3,Yes,7,4,Yes
53,108431,13,26,30,3,4,No,5,5,No
50,19374,0,3,33,1,1,No,7,3,Yes
53,79167,2,5,48,1,4,No,3,0,No
44,48457,0,3,16,2,1,No,7,6,Yes
37,134266,15,20,41,3,3,No,7,3,No
42,112081,11,19,33,3,1,Yes,8,4,No
24,66525,4,6,31,3,3,No,0,6,No
32,28883,0,5,33,3,3,Yes,4,0,No
21,18000,2,2,23,2,1,Yes,0,3,No
28,70373,2,2,25,2,3,Yes,4,0,Yes
37,58537,9,16,10,3,4,No,7,5,No
58,81023,12,14,14,4,1,Yes,2,5,No
35,82122,9,18,31,4,1,No,8,4,No
36,108106,13,15,11,1,1,Yes,2,3,Yes
30,86441,2,5,39,4,2,No,5,2,No
36,109381,14,19,19,1,1,Yes,5,5,No
25,18973,0,6,4,3,4,Yes,8,5,Yes
28,39410,7,10,34,4,2,Yes,2,4,No
58,118526,5,23,41,2,1,Yes,2,2,Yes
37,44107,3,7,28,4,2,No,1,0,No
34,70395,5,17,46,2,3,No,6,1,No
34,82664,4,15,31,1,1,No,6,4,No
31,21769,0,0,37,1,2,No,1,1,Yes
37,62057,10,15,9,2,1,Yes,0,0,No
23,22805,2,6,25,2,3,Yes,0,4,Yes
42,37340,7,9,7,1,4,Yes,6,0,No
34,18287,2,5,32,2,2,No,3,3,Yes
29,49642,5,10,25,2,2,Yes,3,5,Yes
32,86575,12,14,19,1,2,Yes,5,5,No
59,68754,4,16,25,1,2,No,5,6,No
24,65664,5,5,30,3,3,No,0,6,No
33,55928,14,14,34,3,2,No,4,0,No
25,45469,2,6,24,3,1,No,1,4,No
46,114913,9,17,11,2,1,No,2,5,No
31,59629,1,10,22,4,3,Yes,0,6,No
27,59034,9,9,18,1,3,Yes,3,4,No
37,82618,4,16,14,2,1,No,5,3,No
47,122320,11,27,4,2,4,Yes,5,5,No
54,35512,1,1,48,1,4,No,5,1,No
51,33133,2,2,9,3,2,Yes,4,3,No
31,64854,8,11,10,4,4,Yes,8,5,Yes
53,33640,0,0,48,1,4,No,6,3,No
51,129680,23,27,9,1,2,No,0,6,No
24,60597,0,11,21,1,2,No,8,6,Yes
54,32284,2,2,45,2,3,No,5,4,Yes
23,34731,2,5,50,1,1,No,4,4,No
29,38991,7,9,32,4,2,Yes,4,3,No
54,18597,0,3,42,2,2,No,4,4,Yes
22,46807,3,4,34,2,3,No,1,5,No
59,45467,5,9,28,1,4,Yes,0,5,No
40,126531,4,25,36,3,3,No,0,1,Yes
41,59575,4,14,50,3,1,No,5,2,Yes
30,65644,5,12,32,1,1,Yes,3,4,No
28,54512,1,4,40,3,2,Yes,3,3,No
46,91520,10,22,10,2,2,No,5,3,No
38,46426,0,1,10,4,3,No,3,1,No
22,18000,2,4,13,4,4,Yes,8,6,No
55,153440,5,30,37,1,1,Yes,6,0,No
53,167973,27,34,18,3,2,No,0,5,No
51,18728,0,0,18,1,1,No,3,3,No
55,112687,15,24,13,3,4,No,2,3,No
51,50113,0,6,26,1,2,No,8,1,No
54,89140,13,17,16,4,1,No,1,4,No
42,103291,15,25,22,1,1,Yes,8,3,Yes
53,124122,1,22,30,1,3,Yes,0,4,No
42,152219,7,25,13,1,2,No,0,0,No
27,62831,1,10,38,1,1,Yes,4,6,Yes
51,60793,0,1,10,4,4,Yes,1,5,No
29,28006,0,10,41,2,3,No,4,0,No
48,151810,14,31,28,4,4,Yes,6,5,No
58,199888,7,31,44,4,2,Yes,7,2,Yes
59,151925,35,35,48,1,2,Yes,3,0,No
45,45471,5,9,36,2,3,No,2,4,No
49,34536,3,9,10,2,2,No,8,1,Yes
52,82120,6,16,36,3,2,No,0,3,No
39,135986,7,20,24,3,4,No,2,6,No
38,57696,3,16,20,4,4,Yes,4,0,No
32,99910,1,14,32,4,3,No,4,1,No
53,57346,0,4,47,3,3,No,2,1,No
60,104255,4,6,6,1,2,Yes,7,6,Yes
57,134075,1,29,17,4,1,No,8,5,No
26,58128,0,8,19,3,2,No,7,1,No
46,64070,2,7,28,2,4,Yes,2,6,Yes
55,143101,14,22,49,2,1,No,0,5,No
48,18346,0,0,9,1,2,Yes,5,3,Yes
25,33053,0,0,6,2,2,No,8,1,No
48,130473,7,27,23,4,3,Yes,2,5,No
48,89421,9,17,44,4,3,No,7,3,No
24,55243,1,4,10,4,1,Yes,8,1,No
44,118112,0,25,34,2,2,No,1,6,No
25,42272,2,2,23,3,1,No,4,2,Yes
40,41288,6,6,37,2,4,No,2,6,No
24,41957,0,5,11,2,4,No,6,3,Yes
31,57010,3,12,13,2,2,Yes,2,0,No
43,18018,2,5,31,2,2,Yes,6,2,No
42,79455,8,16,47,2,1,No,2,2,Yes
42,46036,0,10,8,4,4,No,1,3,No
49,51114,13,13,2,4,4,No,8,4,No
21,33087,0,4,19,2,4,Yes,6,1,No
25,60048,3,6,29,2,1,Yes,4,0,No
48,93764,8,17,44,2,1,No,6,2,No
33,90360,0,7,37,2,2,No,6,2,No
32,47212,6,13,30,3,4,No,7,5,No
44,108288,3,20,8,4,3,No,4,2,No
48,43059,2,10,11,1,3,Yes,3,4,No
51,64153,8,12,16,1,2,No,8,4,No
59,59419,2,11,42,3,2,Yes,7,2,Yes
33,102038,1,17,11,1,2,No,3,5,No
43,131374,11,24,15,3,3,Yes,4,5,No
28,49978,0,12,2,1,1,Yes,7,6,Yes
26,64123,0,0,34,4,2,No,0,0,No
40,131062,15,17,33,2,1,No,2,4,No
34,57251,7,14,28,2,3,No,1,6,No
27,22393,5,9,15,1,3,No,2,4,Yes
21,19085,2,3,31,3,1,No,6,2,Yes
37,112817,15,19,44,1,1,No,7,4,No
52,84525,3,24,1,3,1,Yes,0,3,No
46,79459,7,21,10,1,4,No,2,2,No
35,104130,7,16,19,2,4,No,4,2,No
21,41215,2,5,3,4,2,Yes,4,3,No
40,126981,17,17,37,2,1,No,1,6,No
24,60778,2,8,28,2,2,Yes,1,0,No
46,138934,23,24,14,1,2,No,5,5,Yes
51,165490,18,29,2,1,3,No,1,4,No
58,77295,7,8,15,2,1,Yes,0,3,No
49,33838,1,4,31,2,2,Yes,4,3,Yes
43,109471,13,25,17,3,4,Yes,4,0,No
52,18000,0,1,22,3,3,No,2,3,No
47,150100,7,28,44,1,3,No,5,4,No
47,132408,10,29,3,3,2,No,3,5,No
41,45180,4,4,38,2,4,No,2,6,No
49,18000,2,4,11,1,1,No,6,5,Yes
57,57898,6,13,39,2,1,Yes,8,6,Yes
27,79233,1,9,1,1,4,Yes,5,0,Yes
27,30965,0,0,28,2,4,No,5,6,No
37,86391,10,14,18,2,4,Yes,4,4,No
57,81711,7,9,7,2,2,No,2,2,No
37,18000,0,0,24,3,3,No,1,1,No
60,197097,31,33,20,2,1,No,6,6,No
44,135370,24,26,11,1,2,No,5,5,Yes
54,43662,1,2,22,4,3,Yes,4,6,Yes
39,94091,3,22,24,4,4,Yes,0,0,No
38,46218,3,8,33,4,2,No,1,0,No
37,50651,1,2,21,4,3,No,4,3,No
25,38073,5,5,48,4,1,Yes,2,3,Yes
54,18000,1,2,16,1,1,No,4,3,No
24,33148,1,1,6,2,2,No,7,1,No
58,92830,1,15,39,3,4,No,0,3,No
52,89712,3,20,24,1,1,No,0,0,No
48,94594,13,18,29,2,4,No,0,3,No
46,114412,17,21,14,3,1,No,3,2,No
35,66412,9,9,35,4,2,Yes,7,3,No
40,55513,3,14,25,4,1,No,3,5,No
21,47530,3,3,24,1,2,Yes,5,5,Yes
42,133353,12,23,45,4,1,No,5,4,No
46,93863,2,17,39,2,2,No,2,4,No
48,182143,27,27,47,3,2,No,2,2,No
59,127186,21,33,13,1,1,Yes,5,1,No
58,110377,8,23,27,3,2,No,5,1,No
49,28611,0,0,45,2,4,No,1,1,No
32,87069,5,14,14,4,1,No,8,1,No
26,78392,2,8,38,3,4,No,0,5,No
34,91180,9,14,4,1,4,No,7,5,No
30,47964,4,6,15,3,2,Yes,1,1,No
29,43516,3,6,30,1,1,No,1,0,No
48,153734,21,28,27,1,3,Yes,8,3,No
43,94427,0,11,18,4,3,No,4,5,No
58,77627,7,12,42,3,4,No,4,0,No
39,27230,4,9,46,2,1,Yes,2,2,Yes
38,108429,10,18,24,1,4,No,8,1,No
57,96196,11,14,16,1,4,No,2,0,No
31,64634,8,12,44,2,1,Yes,3,5,Yes
23,43782,0,5,13,2,4,No,8,3,Yes
30,73696,1,12,20,4,4,No,8,0,No
30,56192,6,11,7,1,3,No,6,2,Yes
32,110420,4,14,7,2,3,No,5,0,No
40,140302,0,23,16,4,2,Yes,8,1,No
37,18000,0,2,25,4,4,No,2,2,No
42,18543,1,1,28,3,4,Yes,1,5,No
39,87742,6,20,13,2,1,Yes,4,3,No
39,129099,1,21,22,4,2,Yes,1,4,No
41,35235,3,7,38,1,2,No,5,0,No
49,144503,10,22,11,2,2,No,5,6,No
24,29369,3,3,45,2,3,No,7,5,Yes
57,172520,4,27,1,1,2,No,3,6,No
44,139996,14,26,48,1,4,No,0,2,Yes
42,18000,1,3,32,4,1,No,4,4,No
55,18717,1,2,49,4,1,No,4,2,Yes
21,18853,4,5,16,1,1,No,8,4,No
57,91748,7,11,36,3,3,No,5,0,No
24,18000,1,8,12,3,4,Yes,8,4,Yes
60,60489,2,12,5,2,4,No,8,4,No
53,86547,1,15,24,1,1,No,1,0,No
49,109312,16,16,6,4,4,No,3,6,No
44,167074,2,27,43,1,2,No,5,4,No
51,118035,17,21,8,1,1,No,8,4,No
46,145525,13,31,32,4,4,Yes,5,4,No
55,92801,9,17,44,1,1,No,8,2,Yes
45,135217,17,27,46,1,2,No,4,0,No
38,78434,18,18,7,4,3,No,3,6,No
32,78916,13,13,28,1,4,Yes,4,5,No
55,171283,20,32,8,4,3,No,4,1,No
35,18193,1,2,6,3,3,No,3,0,No
43,123601,8,18,33,4,3,No,7,2,No
21,32787,1,5,10,2,2,No,0,1,No
32,61634,1,1,20,4,1,Yes,7,4,No
34,54027,1,2,24,4,4,No,8,3,No
28,38532,3,5,1,1,3,No,2,3,No
57,129730,24,24,21,2,3,No,7,3,No
46,139979,18,28,44,1,2,No,2,0,No
29,46849,5,10,29,1,2,Yes,3,5,Yes
26,54716,4,4,1,4,2,No,7,5,No
27,46726,1,8,27,2,2,No,5,0,No
54,145606,19,25,50,2,1,No,6,0,No
37,85830,18,21,13,2,1,No,0,4,No
50,67970,9,13,14,1,3,No,6,3,No
49,98292,13,15,29,1,3,No,1,5,No
52,89247,3,25,6,3,1,Yes,0,3,No
23,32984,0,2,24,4,1,No,5,6,No
39,36201,3,7,34,1,2,No,3,4,No
28,79821,10,10,28,3,3,Yes,2,4,No
34,75117,3,18,45,2,4,No,3,6,No
25,59560,0,3,39,2,3,Yes,3,3,No
47,18000,2,3,44,3,2,No,4,2,Yes
46,18219,0,1,30,3,4,No,1,0,Yes
26,47471,0,3,19,2,2,No,3,3,No
57,18851,3,5,35,2,2,No,6,0,No
55,121491,25,31,28,3,2,No,3,2,No
22,46041,1,3,38,1,3,No,2,5,No
36,47742,4,11,31,1,2,No,1,4,Yes
47,81638,8,17,1,2,1,Yes,3,0,No
25,28504,2,6,21,1,3,No,8,4,No
50,77620,15,17,45,3,3,Yes,0,0,Yes
52,60469,1,3,42,2,2,No,3,4,No
53,90682,8,10,36,3,3,No,7,4,No
24,26268,0,3,39,3,3,Yes,0,4,No
49,44499,1,7,30,4,4,Yes,3,6,No
50,80210,16,20,1,3,1,Yes,5,6,No
22,49273,0,4,39,4,3,Yes,7,0,No
41,90066,15,18,18,1,2,No,1,6,No
52,36016,0,5,45,3,3,Yes,8,4,Yes
49,152324,11,22,11,3,2,No,5,6,No
40,56454,2,3,1,2,3,Yes,7,6,No
58,77448,9,16,1,1,1,No,8,3,No
27,29271,0,1,26,2,4,No,6,6,No
26,91562,7,7,9,4,3,No,2,0,No
30,72555,9,13,41,4,2,No,5,4,No
34,35015,3,7,7,4,3,No,8,4,No
40,111917,4,21,29,1,4,No,2,2,No
53,18000,0,2,14,2,1,No,5,4,No
41,64541,5,15,46,4,2,No,7,2,Yes
26,63227,3,8,18,3,1,No,0,0,No
28,49928,0,10,6,1,1,Yes,7,6,Yes
52,148663,18,24,49,2,1,No,6,0,No
49,115067,19,27,18,3,4,No,2,6,No
35,69756,11,11,12,1,1,No,0,5,No
27,18191,8,10,5,4,2,No,7,6,Yes
27,22690,2,2,16,2,1,No,3,4,No
49,159527,8,29,42,1,1,No,6,3,No
56,30563,0,0,20,1,1,No,3,6,No
42,108893,16,23,24,1,1,Yes,8,2,Yes
43,128453,11,25,13,3,3,Yes,3,5,No
59,144754,16,32,10,1,3,No,7,2,No
44,76772,3,14,13,4,4,Yes,8,4,No
31,111052,5,14,3,1,3,No,6,1,No
38,71065,4,6,3,3,1,No,1,4,No
28,69810,1,10,15,1,4,No,2,0,No
45,134268,16,25,48,1,4,No,1,3,Yes
27,77687,1,6,44,3,4,No,2,4,No
54,18413,0,10,35,3,4,Yes,6,6,Yes
58,51826,2,2,2,2,3,No,2,5,No
37,31222,0,0,2,1,4,No,2,5,Yes
47,18000,0,2,47,2,2,No,1,5,No
47,149774,14,30,31,4,4,Yes,5,4,No
27,66254,1,8,19,4,4,No,7,1,No
51,119650,25,26,30,3,1,No,2,1,No
26,54529,3,8,23,2,4,No,6,4,No
21,41436,0,2,40,1,4,No,1,2,No
59,135898,5,23,25,2,4,No,7,3,No
48,95675,13,14,29,1,4,No,0,4,No
38,99848,19,19,49,3,1,Yes,1,1,No
47,59424,0,11,27,4,1,No,7,3,No
47,40879,2,2,27,4,1,No,7,4,No
49,85085,6,14,15,2,2,No,6,1,No
22,21372,3,8,50,1,3,Yes,1,4,No
55,38020,1,7,46,3,3,Yes,8,4,Yes
27,56351,7,8,11,1,4,No,2,6,No
49,109218,4,5,35,1,4,Yes,2,6,No
28,79695,10,10,4,1,1,No,7,6,Yes
30,72093,7,12,33,4,4,Yes,3,4,No
51,148715,28,33,26,3,2,No,6,3,No
25,59634,1,4,36,2,4,Yes,5,5,Yes
42,51100,0,5,25,3,3,Yes,6,2,No
56,93266,12,13,43,3,3,No,3,6,No
21,18664,2,5,5,2,2,No,2,6,No
28,38483,0,6,39,2,4,Yes,3,5,No
22,56536,0,3,36,1,2,Yes,8,2,No
27,44739,0,7,33,3,3,No,5,4,No
57,62946,2,12,42,3,3,Yes,7,1,Yes
27,80879,7,9,5,4,4,Yes,2,0,No
26,32311,1,5,3,4,1,No,8,4,No
53,115911,12,25,28,3,4,No,6,5,No
51,31157,0,0,45,3,4,No,2,2,No
31,18119,0,0,1,1,1,No,2,5,Yes
53,165272,10,33,6,1,3,No,6,1,No
33,56521,8,15,29,2,3,No,0,6,No
58,64589,5,12,40,1,1,Yes,8,5,Yes
38,33881,2,2,46,1,1,No,3,0,No
44,133632,25,26,27,2,3,No,6,5,No
55,75785,5,15,48,2,4,Yes,2,3,No
22,18000,2,5,15,4,4,Yes,8,5,No
25,41435,1,2,23,4,1,No,0,3,No
32,82438,14,14,25,2,3,Yes,5,2,No
32,37442,9,9,47,3,2,Yes,5,4,No
26,59872,7,8,13,1,4,No,3,5,No
53,123005,19,30,31,1,2,Yes,2,6,No
34,84431,4,14,48,3,2,Yes,3,2,No
32,49913,3,13,39,4,1,Yes,4,6,No
49,84616,0,17,14,4,4,No,6,5,No
25,18000,5,9,17,3,1,No,7,1,No
42,117307,3,22,7,2,3,No,1,2,No
49,18000,2,3,8,1,2,No,6,0,No
49,107696,2,18,26,1,4,No,4,1,No
39,45247,7,12,35,1,1,No,0,4,Yes
33,75466,7,7,39,3,2,Yes,7,3,No
38,101604,18,22,18,4,2,No,6,3,No
22,37744,4,5,31,2,4,No,8,4,No
46,133291,19,29,34,1,4,Yes,8,4,No
31,53591,3,11,15,2,3,No,6,3,No
28,32354,3,10,48,4,1,Yes,6,0,Yes
51,19164,1,1,41,1,3,Yes,0,0,Yes
21,30228,4,7,48,3,3,No,8,6,Yes
51,48487,4,4,14,1,4,Yes,1,3,No
26,59188,2,4,35,2,4,Yes,4,6,Yes
49,134547,29,32,39,2,3,Yes,8,0,No
23,19040,1,5,28,3,3,Yes,2,3,No
52,176023,11,31,10,2,3,No,6,0,No
26,76406,8,8,16,3,2,Yes,7,5,No
56,21629,0,10,34,3,4,Yes,4,6,Yes
38,62866,9,15,9,2,1,Yes,0,0,No
24,40929,4,6,7,3,1,No,6,0,Yes
58,112905,7,23,42,1,1,Yes,2,2,Yes
44,105462,12,23,14,4,4,Yes,5,0,No
23,40844,5,5,7,3,1,No,6,1,Yes
30,18000,0,0,47,3,3,No,2,3,No
47,135810,22,29,24,1,3,Yes,8,6,No
47,121346,13,23,23,2,3,No,0,4,No
42,97577,7,13,46,2,1,No,8,3,No
26,73907,1,9,38,3,4,No,1,4,No
43,138294,16,25,33,4,3,No,7,0,No
44,133536,9,17,37,1,1,No,1,2,No
23,57073,1,6,11,4,1,Yes,8,1,No
32,81126,0,14,28,2,2,No,4,0,Yes
23,18000,1,4,26,2,1,Yes,0,2,No
24,57894,1,6,13,4,2,Yes,7,1,No
51,176275,1,31,14,4,3,Yes,2,0,No
42,32972,2,5,33,1,2,Yes,8,4,Yes
51,84897,7,18,44,4,3,No,7,2,No
55,18000,0,2,20,2,1,No,2,4,No
44,111296,2,19,9,3,3,No,4,2,No
58,77398,0,10,26,3,2,No,2,0,No
57,58975,4,8,9,4,2,Yes,4,0,No
48,66678,4,13,46,1,2,No,7,0,No
25,60915,0,8,19,1,2,No,7,6,Yes
23,64649,4,5,44,2,1,Yes,6,0,Yes
23,41271,2,5,39,4,1,No,2,5,Yes
39,100894,7,21,15,2,1,No,1,2,No
54,89603,3,22,24,3,1,No,8,0,No
49,160614,9,23,11,3,2,No,5,6,No
37,117009,12,21,40,3,4,Yes,7,6,No
47,103464,15,17,7,3,4,No,2,6,No
52,101340,0,18,12,2,1,Yes,3,0,Yes
47,91062,17,19,34,3,4,No,7,5,No
50,174682,3,32,16,3,2,Yes,2,0,No
50,69217,6,12,14,1,1,No,2,4,Yes
27,28971,1,9,35,4,1,No,5,1,No
57,19506,2,7,17,2,1,Yes,1,0,No
32,84343,5,16,48,3,2,Yes,3,3,No
60,177233,0,36,1,4,3,Yes,8,4,Yes
29,21290,7,11,22,1,3,No,1,5,Yes
49,107741,2,19,20,4,4,No,6,5,No
44,156661,24,25,10,4,4,No,0,1,No
54,38356,2,2,5,1,4,Yes,8,2,No
23,56316,0,0,10,1,1,No,1,4,No
46,60630,2,9,27,4,1,No,8,3,No
48,92892,8,16,44,2,2,No,8,2,No
34,33710,1,5,41,3,1,Yes,1,3,No
37,110468,16,19,45,1,1,No,5,4,No
48,23582,0,0,8,3,3,No,7,6,No
37,101666,10,21,12,3,4,No,3,6,No
50,96990,9,18,19,3,3,No,2,4,No
31,88775,3,12,2,1,3,Yes,0,6,No
42,97321,7,17,18,1,4,Yes,2,5,No
34,68592,13,14,50,4,2,No,0,3,No
29,54102,6,11,8,1,4,No,2,5,No
36,75070,10,15,25,3,3,Yes,0,4,Yes
30,113048,10,12,16,1,3,Yes,8,4,Yes
26,69442,8,10,11,2,4,No,1,2,No
26,57979,0,8,1,4,1,No,4,0,No
48,83582,6,11,19,2,2,No,6,1,No
32,100157,11,16,26,3,3,No,1,2,No
24,46888,5,8,10,2,3,No,6,5,No
57,128577,25,26,42,1,2,Yes,1,3,No
32,60860,8,14,41,1,2,No,8,3,Yes
24,51280,5,5,11,2,2,No,3,1,Yes
24,47453,0,6,6,3,4,No,5,1,No
38,69782,5,12,14,2,1,No,8,5,No
41,18000,0,0,33,1,4,Yes,5,4,No
28,75596,8,10,38,2,3,No,3,2,No
35,100036,0,18,7,3,2,Yes,3,3,No
47,130305,15,26,15,2,4,Yes,1,6,No
22,32909,1,4,16,2,4,Yes,6,1,No
43,100657,14,16,25,2,3,No,3,5,No
51,55621,0,10,14,1,3,Yes,1,6,No
28,63700,10,11,3,2,1,Yes,2,3,No
35,63574,9,11,9,1,1,No,1,5,No
49,55238,6,14,27,3,4,Yes,0,4,No
45,30232,4,6,36,2,1,No,6,6,Yes
25,40057,6,7,48,4,1,Yes,4,4,Yes
56,117307,5,19,42,3,2,Yes,3,5,No
58,25499,0,2,41,3,3,No,0,0,No
22,37104,1,4,27,4,1,No,5,6,No
55,103562,13,25,50,2,1,No,8,4,No
40,51229,0,4,34,4,2,No,5,2,No
48,34907,4,7,10,2,2,No,6,2,Yes
27,73258,0,0,32,1,3,Yes,6,0,Yes
48,94288,8,18,43,2,2,No,7,1,No
39,85681,0,14,44,4,4,No,4,1,No
34,85008,17,17,2,3,2,No,3,3,No
24,18954,4,8,49,1,2,Yes,3,5,No
42,49804,8,9,39,4,1,No,5,0,No
47,46305,3,5,12,1,4,No,1,1,No
60,55501,10,10,1,2,4,No,2,1,No
44,133050,9,25,32,4,3,No,8,4,No
37,98126,9,20,37,3,4,No,3,3,No
25,24989,1,7,29,2,4,No,7,5,No
37,54199,3,12,1,3,4,Yes,0,0,No
21,18000,2,3,24,2,1,Yes,0,2,No
22,19787,0,6,50,3,3,No,3,3,No
47,154862,1,21,23,1,3,No,3,2,No
21,40166,1,1,2,1,2,No,4,6,No
54,35919,0,4,43,3,2,Yes,7,4,Yes
54,89220,7,9,38,3,2,No,8,4,No
23,43525,1,3,30,1,2,No,6,6,No
31,69079,4,13,50,4,3,No,2,0,No
51,18911,1,2,44,1,3,Yes,1,0,Yes
44,120332,10,19,14,2,1,No,3,6,No
37,103180,2,19,10,3,2,Yes,3,2,No
32,103674,9,12,26,3,3,No,1,0,No
38,114354,12,19,42,4,4,Yes,8,5,No
52,141620,20,31,40,1,2,No,0,3,Yes
28,77645,1,1,29,1,2,Yes,3,0,Yes
28,26213,0,10,27,4,1,No,8,4,No
37,64857,4,13,45,1,3,No,1,2,No
32,56371,0,0,34,1,1,No,5,4,Yes
41,111421,15,24,23,1,1,Yes,8,3,Yes
26,46687,0,12,29,3,3,No,8,0,No
30,44617,2,5,29,1,2,No,1,0,No
26,57783,3,7,18,1,1,No,5,6,Yes
33,88628,3,14,42,4,4,No,2,0,Yes
45,131232,16,27,46,2,4,No,0,2,Yes
24,18526,0,1,44,4,2,Yes,4,2,No
24,36820,1,6,40,4,1,No,4,4,Yes
57,184794,5,29,36,4,2,No,3,2,No
49,18825,0,5,29,1,1,Yes,8,2,Yes
35,81138,4,16,30,1,2,No,5,3,No
49,166387,11,34,35,2,2,Yes,6,3,Yes
44,102088,6,13,48,2,1,No,7,2,No
48,135134,13,29,25,2,2,No,7,2,Yes
46,75279,4,14,9,4,4,Yes,8,4,No
37,18000,1,1,45,1,3,No,8,1,No
41,70339,12,20,6,4,4,No,1,3,No
43,107417,12,14,15,3,2,Yes,0,2,No
48,107990,2,18,27,1,4,No,4,1,No
24,35681,8,8,6,4,3,No,0,4,No
45,97789,5,5,28,1,3,No,5,6,No
33,21875,0,2,36,1,2,No,2,1,Yes
44,94109,5,5,29,1,3,No,6,6,No
36,109202,3,18,34,4,4,Yes,4,1,No
46,145691,28,29,44,3,1,No,5,3,No
38,18905,0,0,42,1,3,No,8,3,No
26,26483,8,9,12,4,4,No,4,5,No
51,146776,19,25,15,2,2,No,2,4,No
55,103255,9,9,30,3,2,Yes,8,1,No
50,33264,1,1,6,3,1,Yes,5,4,No
24,41625,4,7,33,2,3,Yes,0,2,Yes
24,39767,0,3,27,4,1,No,4,6,No
27,37218,7,11,33,4,3,Yes,1,5,No
49,126078,10,19,19,3,1,Yes,2,0,No
34,76852,10,15,6,1,2,No,4,1,No
59,157117,8,27,10,3,1,No,6,1,No
26,52802,0,7,48,2,3,Yes,0,2,Yes
58,92703,11,16,26,1,1,Yes,8,2,Yes
56,160672,7,31,10,4,1,Yes,1,4,No
25,64992,5,6,30,2,4,No,0,6,No
21,39664,1,1,29,2,4,No,7,5,No
48,95345,8,17,45,3,2,No,7,2,No
30,49638,7,12,40,2,2,Yes,2,6,Yes
44,110113,12,18,2,4,3,No,2,3,No
23,18000,2,5,22,3,3,Yes,3,3,No
43,117222,2,18,10,3,3,No,6,4,No
28,53431,3,10,44,3,4,Yes,3,3,No
52,108132,1,30,23,2,4,No,2,1,No
53,62577,9,11,3,3,4,Yes,6,2,No
45,134269,9,25,5,2,4,Yes,4,5,No
50,137088,18,21,25,4,3,No,2,3,No
23,39605,1,5,40,4,1,No,3,4,Yes
52,171547,8,36,28,3,1,No,5,2,No
42,35766,3,5,31,1,2,Yes,8,4,Yes
58,108462,11,20,23,1,2,No,2,3,No
52,58075,14,17,3,3,4,No,7,2,No
59,26113,0,5,40,1,1,Yes,1,4,Yes
33,97087,12,13,12,1,3,Yes,7,5,Yes
43,94737,10,23,13,1,2,No,6,3,No
33,44794,3,10,41,4,2,No,4,0,No
36,78622,7,18,35,4,1,No,8,3,No
47,141922,14,29,20,3,2,No,6,5,No
44,80938,9,14,16,1,3,No,1,4,No
50,118147,18,24,6,1,1,No,8,4,No
24,21631,0,2,22,4,3,No,3,5,No
31,20415,0,3,21,2,1,No,4,4,Yes
44,133976,13,27,2,3,4,No,8,0,No
56,132213,23,23,9,3,4,Yes,2,4,No
49,55321,8,15,31,3,4,Yes,1,6,No
33,93681,5,14,11,4,4,No,5,6,No
26,68462,8,8,44,2,2,No,0,4,No
44,118000,8,20,13,2,1,No,3,6,No
34,104391,3,18,36,3,4,Yes,4,0,No
47,75835,9,17,1,2,2,Yes,2,1,No
26,25865,1,8,26,3,2,No,8,4,No
25,43838,2,5,30,4,1,No,0,3,No
37,38806,2,2,23,4,1,Yes,3,3,Yes
43,120123,18,24,24,4,1,No,2,2,No
58,47654,0,0,4,2,3,No,3,4,No
22,18000,4,4,34,2,2,No,0,3,Yes
26,24585,0,9,25,3,1,No,8,3,No
26,53812,5,9,36,3,1,No,4,5,No
49,153917,21,25,25,2,4,No,7,5,No
38,73665,8,9,38,2,3,No,4,3,No
40,34573,3,6,36,1,3,Yes,8,4,Yes
55,148994,10,26,5,1,4,No,0,3,No
25,89077,7,7,12,4,2,No,0,0,No
32,69489,4,14,48,4,3,No,1,1,No
25,48744,1,9,32,1,4,Yes,7,1,No
52,125437,8,24,1,1,1,Yes,4,2,Yes
35,18241,2,3,36,4,2,Yes,7,1,No
42,59854,9,11,15,4,4,No,0,1,No
48,83761,16,18,35,3,4,No,8,5,No
54,20074,2,7,17,2,1,Yes,0,0,No
30,86657,2,9,11,2,4,Yes,1,6,Yes
57,77179,0,9,27,3,1,No,2,0,No
25,52313,5,6,20,4,4,Yes,7,4,No
33,29044,0,3,29,3,3,Yes,6,1,No
25,59553,1,8,28,2,2,Yes,1,1,No
49,150914,9,27,39,1,2,No,5,4,No
40,83685,7,10,10,2,2,No,0,1,No
23,22210,1,6,12,2,4,No,1,0,No
24,27398,0,6,31,2,1,Yes,1,0,Yes
50,165613,15,33,46,3,3,No,6,3,Yes
46,70620,2,7,22,2,3,Yes,0,4,No
54,146091,18,29,46,1,3,Yes,4,0,No
52,18430,0,0,2,3,4,No,5,2,No
33,21283,0,5,22,2,1,No,6,3,Yes
24,63535,1,6,29,2,4,No,7,6,No
48,70707,0,12,20,2,2,No,2,6,No
33,98996,6,14,50,2,2,No,5,5,Yes
60,145891,0,25,38,1,1,No,4,3,Yes
27,81310,8,9,2,4,4,Yes,2,0,No
46,143677,7,31,2,4,2,No,5,3,No
24,49421,3,3,8,3,3,No,8,0,No
21,44092,2,3,29,2,4,No,8,4,No
40,67978,4,13,33,3,3,No,3,4,No
60,202772,7,31,43,4,1,Yes,8,2,Yes
45,112179,13,27,39,2,4,No,6,0,No
48,105278,20,22,15,3,1,No,5,0,No
42,18000,0,1,29,3,1,No,0,5,No
55,36377,1,2,24,3,1,Yes,5,5,No
42,69727,5,17,41,2,1,Yes,2,6,Yes
50,63445,2,4,6,2,4,Yes,2,4,No
24,18000,7,7,32,2,2,No,0,4,Yes
32,74602,6,13,31,3,4,Yes,1,3,No
33,33696,2,5,7,4,4,No,3,0,No
40,34475,0,1,8,1,4,No,5,6,No
21,18000,2,2,46,2,4,No,4,2,No
53,100013,3,17,23,3,4,No,6,6,No
42,137127,17,18,50,1,2,No,7,4,No
59,56501,4,5,31,2,1,No,1,0,No
24,50265,0,7,27,1,3,Yes,6,0,No
23,58225,4,4,11,4,2,Yes,8,3,No
30,42209,2,5,7,4,3,No,4,3,No
21,33676,0,3,28,2,4,No,2,4,No
31,57059,0,10,23,4,3,Yes,0,6,No
59,19367,4,4,31,1,3,No,6,0,No
60,88843,2,12,43,3,4,No,1,2,No
26,58557,0,9,8,2,2,No,0,2,No
36,69978,0,17,11,1,2,Yes,5,1,Yes
33,101967,0,15,11,1,2,No,2,5,No
37,118020,13,19,23,1,1,Yes,4,6,No
29,61479,0,11,7,2,2,Yes,8,2,No
33,98983,0,16,32,1,4,No,4,0,No
57,80959,7,9,9,2,2,No,3,2,No
32,43398,0,9,30,3,2,No,4,3,No
31,64286,0,15,10,1,3,No,3,6,No
60,84577,0,20,36,4,4,Yes,7,6,No
37,99320,3,16,43,1,1,Yes,8,1,No
39,99346,6,20,15,2,1,No,1,3,No
48,104392,14,16,4,3,4,No,2,6,No
27,18000,5,12,30,3,2,No,3,6,No
24,41884,0,8,40,4,1,No,3,4,Yes
43,113833,12,24,18,4,4,Yes,4,0,No
58,52846,9,10,19,3,1,Yes,0,6,No
59,100110,8,21,27,3,2,No,6,0,No
34,100871,6,16,21,2,4,No,5,2,No
38,136950,7,17,22,4,3,No,1,0,No
43,124679,15,25,31,4,4,No,6,0,No
49,104317,13,21,17,2,1,Yes,8,3,Yes
26,54524,7,10,34,3,1,No,4,5,No
41,110773,14,17,45,3,3,Yes,7,1,No
60,18000,0,0,1,3,2,Yes,2,0,No
38,95398,18,18,10,3,1,No,0,4,No
52,160376,9,32,28,3,3,No,7,1,No
22,52111,1,4,36,4,4,Yes,7,0,No
38,93404,15,16,5,4,1,Yes,0,4,No
26,44832,4,9,34,1,1,No,3,3,Yes
47,78013,3,19,13,4,4,Yes,7,1,Yes
41,81769,7,8,6,3,1,No,0,1,No
58,144893,9,28,1,2,4,Yes,2,0,No
41,31164,0,0,45,1,1,No,3,3,No
34,105665,1,15,33,1,4,No,6,0,No
34,66408,11,16,22,1,2,Yes,1,6,No
21,44668,2,2,29,2,4,No,8,4,No
26,60902,4,7,29,1,1,Yes,5,0,No
39,65874,14,14,18,4,2,No,0,3,No
22,18638,1,4,1,1,2,No,2,6,No
57,170466,17,33,32,1,1,No,7,5,No
59,130110,25,28,15,1,4,No,4,3,No
30,103402,9,12,17,1,3,Yes,8,4,Yes
56,91104,14,15,27,4,3,No,8,2,No
44,88564,16,17,49,2,4,No,1,6,No
24,40206,0,5,41,4,1,No,4,4,Yes
44,155970,4,28,8,1,2,No,1,0,No
26,28008,1,8,42,2,3,No,4,0,No
42,125168,10,25,14,3,3,Yes,1,5,No
28,49258,1,9,27,4,4,No,8,0,No
49,141121,8,26,22,4,3,Yes,4,6,No
41,74050,7,9,44,2,3,No,2,0,No
27,59218,7,9,9,1,4,No,2,5,No
50,124662,22,25,6,2,3,No,0,6,No
44,98301,9,12,29,1,1,No,6,0,No
48,18000,0,3,29,1,2,Yes,7,2,Yes
59,174578,35,37,46,1,2,Yes,3,0,No
52,85345,3,16,26,1,1,No,0,0,No
44,119982,1,21,30,1,2,No,1,3,No
50,71140,7,7,29,3,3,No,3,1,No
48,50241,7,8,26,3,4,No,0,3,No
52,18000,1,6,37,2,2,No,5,4,Yes
23,38239,3,3,5,2,4,No,6,1,No
46,130648,24,27,35,3,3,No,2,6,No
40,142730,3,19,29,2,2,Yes,5,2,No
30,111616,9,12,17,1,2,Yes,8,4,Yes
38,107951,4,19,35,4,4,Yes,4,0,No
31,37965,2,5,9,4,3,No,6,2,No
56,134482,23,26,20,1,3,No,8,4,No
56,95377,8,18,48,1,1,No,8,2,Yes
40,82574,13,20,19,4,4,No,1,0,No
42,118683,0,26,33,4,2,No,8,4,No
53,118016,23,26,9,2,3,No,1,6,No
47,75922,1,8,27,2,3,Yes,0,4,No
37,66748,1,18,19,4,4,Yes,3,0,No
60,157809,32,36,49,1,2,Yes,3,0,No
41,33462,0,1,11,1,4,No,3,6,No
29,25117,3,5,48,4,2,No,6,5,No
31,73299,6,13,31,4,4,Yes,3,4,No
44,56618,8,14,28,4,1,No,1,1,No
26,66646,5,11,5,1,4,Yes,1,5,No
24,50797,4,6,50,1,4,Yes,0,4,Yes
21,41878,3,5,41,4,3,Yes,7,5,No
59,88670,5,10,39,1,3,No,1,5,No
25,37062,2,8,48,4,1,No,5,0,Yes
41,81982,6,12,42,2,3,No,3,0,No
37,94178,16,16,10,3,1,No,5,3,No
26,21027,3,3,47,1,3,Yes,5,5,Yes
54,165579,14,32,27,2,4,Yes,7,3,Yes
38,34466,0,0,1,1,4,No,4,5,Yes
38,87918,17,17,5,4,3,No,3,5,No
28,75188,0,11,2,2,4,Yes,4,1,Yes
22,18353,1,1,32,3,1,No,6,4,Yes
51,114170,9,26,22,1,2,No,3,5,No
48,138071,24,27,22,1,3,Yes,4,4,No
37,95632,20,21,11,3,1,No,0,4,No
44,71792,9,17,29,2,4,No,5,6,Yes
45,155239,17,27,41,2,2,No,4,4,No
32,90190,5,13,37,2,2,No,6,0,No
40,128644,21,23,32,2,1,No,5,4,No
38,28050,4,9,44,2,1,Yes,3,3,Yes
35,98947,13,16,24,2,1,Yes,0,6,No
44,41442,3,4,31,3,3,Yes,6,6,Yes
22,54528,0,4,21,4,3,No,1,3,No
32,21537,4,5,36,2,4,No,3,6,No
21,32354,0,2,26,1,4,No,2,2,No
60,18000,0,0,7,1,1,No,8,0,No
57,183935,5,29,38,4,2,No,3,3,No
45,76200,12,12,34,1,2,Yes,2,5,Yes
27,41927,5,5,12,3,3,No,4,3,No
26,40684,4,4,31,2,2,No,3,2,No
31,83132,6,13,39,2,3,No,5,0,No
54,87834,2,23,23,3,1,No,7,1,No
25,20878,0,0,25,4,2,No,2,4,No
37,34447,0,0,1,1,4,No,3,5,Yes
26,43068,1,8,34,1,1,No,4,3,Yes
48,39127,0,0,47,3,3,No,3,3,No
24,48962,5,7,43,2,4,No,4,1,Yes
57,65479,3,6,31,4,2,Yes,6,4,No
21,19529,3,4,33,4,1,Yes,2,0,No
38,124364,5,19,4,1,4,No,1,4,No
47,146004,2,21,19,1,4,No,2,3,No
57,19884,3,5,34,2,3,No,5,0,No
24,41449,0,4,10,2,4,No,6,2,Yes
37,57325,3,12,11,3,4,No,1,1,No
29,32645,2,11,45,4,1,Yes,5,0,Yes
27,28872,1,1,25,2,4,No,5,5,No
47,128764,22,24,19,4,2,No,4,4,No
52,136564,9,26,32,4,1,No,3,3,Yes
46,143326,5,22,40,3,4,Yes,3,1,No
57,53078,0,0,2,2,4,No,1,5,No
38,88183,15,20,13,1,4,No,8,5,No
56,18088,0,0,4,3,4,No,5,0,No
57,126333,7,23,46,2,1,Yes,4,2,Yes
46,45501,5,9,35,2,2,No,2,5,No
32,56792,3,14,10,2,3,No,4,6,No
27,18000,3,10,29,3,3,No,3,4,No
43,124319,13,22,50,1,2,No,6,6,Yes
57,23723,2,2,8,4,4,Yes,6,3,Yes
52,94457,3,18,27,1,1,No,0,0,No
43,106806,9,22,10,2,2,No,5,4,No
42,141467,19,25,40,2,2,No,5,4,No
49,59709,14,15,8,1,4,No,3,3,Yes
26,66317,9,9,42,1,2,No,0,3,No
55,101705,16,24,18,3,4,Yes,2,5,No
31,44621,4,12,46,4,2,No,3,0,No
33,103768,11,14,25,3,4,No,1,0,No
22,35625,1,4,33,4,4,No,5,5,No
39,58732,5,11,1,3,3,Yes,6,5,No
29,25606,6,10,3,1,1,No,2,2,Yes
58,64769,4,6,30,4,2,Yes,7,2,No
49,77132,7,12,35,3,2,No,1,2,No
50,101917,32,32,18,1,3,Yes,2,6,No
54,86393,9,9,37,3,2,No,8,4,No
40,113142,1,20,7,1,2,Yes,5,2,No
27,83653,7,9,3,4,4,Yes,3,0,No
22,57998,2,3,37,4,1,Yes,7,4,No
51,169896,19,30,1,1,3,No,1,5,No
52,94041,1,9,13,4,3,Yes,8,0,No
53,63759,10,10,44,2,1,No,0,0,Yes
55,165686,18,33,7,4,3,No,5,1,No
23,50839,1,4,28,2,4,No,8,2,No
29,47371,7,10,28,1,2,Yes,3,5,Yes
53,34042,3,4,46,1,4,No,5,2,No
39,117251,13,18,32,4,1,Yes,0,6,No
36,40035,11,14,39,3,1,No,8,2,No
21,50787,2,2,47,3,4,No,1,2,No
45,121520,10,17,12,2,1,No,1,5,No
50,138462,31,31,37,2,3,Yes,8,0,No
39,24664,0,0,10,3,3,No,6,4,No
41,81730,9,10,15,3,4,No,1,5,No
41,90605,15,18,17,1,2,No,0,5,No
37,118322,13,18,39,3,4,Yes,7,6,No
23,97946,5,9,40,1,1,No,3,2,Yes
52,94801,3,9,15,3,3,Yes,7,0,No
53,80152,11,19,12,3,2,No,6,6,No
57,33169,0,0,21,4,4,No,1,1,No
47,145682,13,29,31,4,4,Yes,7,3,No
59,183738,0,35,3,3,3,Yes,7,5,Yes
42,51937,6,11,41,3,2,Yes,0,4,Yes
29,63187,7,13,43,2,2,Yes,3,6,Yes
41,61853,0,9,4,2,1,No,8,1,Yes
26,21399,0,1,15,3,1,No,2,3,No
52,71282,4,8,44,1,1,No,8,2,No
26,57014,3,6,35,1,2,Yes,6,1,Yes
21,18000,2,2,50,2,4,No,4,2,No
26,61717,0,0,31,4,2,No,2,0,No
38,38930,9,11,12,3,4,No,4,1,No
59,93995,1,13,38,3,4,No,2,2,No
47,130386,8,26,21,3,3,Yes,2,6,No
52,64150,3,6,31,4,3,Yes,1,3,Yes
42,18000,3,5,31,4,4,Yes,3,6,No
55,45350,0,3,21,3,3,Yes,4,6,Yes
30,68156,9,12,12,4,3,Yes,7,6,Yes
48,127240,22,24,19,4,2,No,4,3,No
27,35945,7,9,34,4,2,Yes,2,4,No
42,47267,0,1,36,4,2,No,5,0,No
34,77271,12,15,3,2,1,No,3,1,No
23,18000,0,5,31,3,4,Yes,2,2,No
58,73882,6,8,12,1,1,Yes,1,3,No
21,44026,2,2,35,3,4,No,4,6,No
25,62039,3,5,28,2,3,No,8,6,No
57,81595,11,14,18,3,4,No,2,1,No
52,58239,4,6,23,1,2,No,3,6,No
47,41878,3,4,28,4,2,No,7,4,No
25,55309,0,1,37,3,4,Yes,2,3,No
26,66698,4,8,25,4,1,No,1,0,No
55,123030,26,30,5,4,3,Yes,2,5,No
32,65088,2,17,41,3,3,Yes,4,1,Yes
51,70894,1,8,44,1,1,No,8,3,No
37,53308,0,12,1,3,4,Yes,0,0,No
49,40547,2,10,11,1,1,Yes,0,1,Yes
59,162955,3,25,27,2,2,Yes,0,5,Yes
34,63876,12,16,44,4,1,No,2,0,No
48,99094,6,13,42,3,2,No,2,6,No
38,36130,10,12,11,3,4,No,5,1,No
32,80709,4,14,50,3,2,Yes,3,2,No
26,19932,3,3,17,3,1,No,1,4,No
27,66396,7,8,25,1,4,No,5,3,No
50,31892,2,3,8,3,1,Yes,4,3,No
45,102380,0,18,9,3,3,No,5,3,No
59,18000,0,0,1,3,2,Yes,3,2,No
46,62511,2,7,26,2,4,Yes,2,6,Yes
26,77910,3,5,29,1,3,Yes,5,0,Yes
23,21642,2,7,27,2,3,Yes,0,5,Yes
40,94299,2,16,35,3,2,Yes,4,3,No
40,58091,4,6,34,4,4,Yes,3,4,No
47,18765,2,2,44,4,2,No,4,1,Yes
27,79032,7,9,40,2,3,No,3,2,No
23,18230,1,7,20,2,3,Yes,8,0,No
32,99234,12,14,12,1,3,Yes,8,5,Yes
21,19685,2,2,35,4,1,No,5,4,Yes
58,100261,5,10,20,2,1,No,0,0,No
44,90982,12,12,3,2,4,No,5,4,No
50,77636,21,24,17,3,4,No,4,5,No
21,18598,3,5,49,4,3,No,2,6,No
38,130866,0,20,3,3,1,No,4,0,No
45,138822,6,21,28,1,4,No,5,1,No
24,50867,3,4,45,2,4,No,4,1,Yes
34,18000,0,0,42,2,3,Yes,2,5,No
22,44914,1,6,27,2,1,No,6,4,No
39,40411,8,10,8,3,4,No,3,0,No
40,55593,7,14,41,3,2,Yes,0,4,Yes
23,18413,0,8,24,4,2,No,0,6,No
60,149588,0,24,38,1,1,No,3,4,Yes
57,82202,13,15,22,4,2,No,8,2,No
52,62548,0,7,35,4,2,Yes,2,3,Yes
49,185256,4,31,17,3,2,Yes,0,1,No
25,68739,1,7,16,2,4,No,5,4,No
47,88376,13,15,26,1,3,No,0,5,No
56,36535,0,6,28,1,1,Yes,4,4,No
52,34603,1,2,7,3,1,Yes,4,1,No
46,44789,3,3,29,4,1,No,8,5,No
33,73393,3,8,30,1,2,No,1,3,No
37,83784,13,18,21,2,1,Yes,3,0,Yes
52,94457,2,10,15,3,3,Yes,8,2,No
49,58349,0,5,17,1,3,Yes,0,5,No
58,58487,11,11,1,2,4,No,2,1,No
49,105281,12,18,2,4,3,Yes,2,3,No
52,77828,12,21,47,1,2,Yes,2,3,No
24,49026,3,6,50,1,4,Yes,0,6,Yes
36,106899,3,19,8,3,2,Yes,2,1,No
51,122271,17,22,12,2,3,Yes,1,2,No
36,96139,13,20,10,2,4,No,7,3,No
43,50381,0,2,12,2,1,No,7,6,Yes
47,18000,0,0,30,4,4,No,8,6,No
31,109350,5,15,10,1,3,No,5,1,No
31,58215,7,15,42,2,2,Yes,2,6,Yes
41,59141,3,15,18,3,3,Yes,1,5,No
26,60748,0,6,15,2,4,No,4,5,No
49,30648,0,2,44,3,4,No,1,2,No
26,57893,0,8,20,1,2,No,8,6,Yes
32,56840,13,18,9,3,2,Yes,4,6,No
46,91164,4,4,30,1,3,No,6,6,No
26,67644,2,3,33,4,3,No,6,4,No
44,136510,23,23,27,2,4,No,6,5,No
35,93712,15,15,40,4,4,No,1,5,No
26,50584,4,7,50,1,4,Yes,0,5,Yes
34,31800,0,1,5,1,4,Yes,6,2,No
36,18000,2,4,6,3,3,No,3,0,No
36,65242,4,14,46,1,2,No,1,5,No
44,112936,6,27,43,2,3,Yes,0,1,Yes
51,171322,2,31,10,3,2,Yes,0,1,No
34,91104,6,16,26,3,1,No,5,0,No
57,85142,0,19,38,3,4,Yes,8,6,No
43,18972,0,0,32,2,4,Yes,5,3,No
31,68065,8,13,39,2,1,Yes,2,6,Yes
40,94084,17,22,23,4,1,No,4,4,No
32,66371,2,14,40,3,3,Yes,5,0,Yes
47,117275,12,24,23,1,3,No,1,5,No
40,115356,5,19,30,1,4,No,1,4,No
46,148373,7,28,46,1,3,No,4,3,No
25,18000,6,8,21,4,3,No,2,5,No
25,79889,10,10,6,1,1,No,6,6,Yes
52,159366,27,33,16,3,3,No,1,5,No
39,28471,4,10,43,2,1,Yes,3,2,Yes
45,63969,4,5,7,1,2,Yes,0,5,Yes
49,74943,6,12,47,2,4,Yes,4,0,No
25,53020,6,8,30,2,2,Yes,0,0,No
39,118284,4,22,3,1,4,No,2,4,No
41,47465,1,5,35,4,2,No,4,0,No
43,123807,4,27,3,3,3,No,0,2,No
41,25344,0,0,9,3,3,No,6,5,No
33,78564,5,14,47,3,2,Yes,2,3,No
30,61115,0,11,6,3,2,Yes,7,1,No
45,116958,10,19,12,2,1,No,2,5,No
48,45568,0,0,15,1,4,No,0,1,No
32,100323,1,14,34,4,3,No,3,1,No
26,46833,3,8,13,1,3,No,6,0,No
43,68379,9,13,25,2,4,No,3,5,Yes
58,38969,0,7,4,2,1,No,8,5,No
52,162443,0,33,36,3,4,No,6,4,Yes
56,90504,3,23,25,3,1,No,7,1,No
48,18000,0,2,29,1,2,Yes,6,3,Yes
57,101274,7,13,20,2,1,No,1,0,No
25,47027,2,8,36,1,1,No,5,3,Yes
38,96008,20,21,49,4,1,Yes,0,2,No
55,38287,0,0,45,1,4,No,6,2,No
60,76729,5,13,27,3,2,No,3,1,No
41,24818,0,0,7,3,3,No,5,5,No
58,123986,21,25,22,2,1,No,2,4,No
26,38990,4,4,11,3,3,No,5,3,No
54,150352,26,32,10,3,3,No,0,6,No
51,89710,11,18,10,3,2,No,8,6,No
27,66469,0,9,1,4,1,No,5,1,No
53,58679,0,2,7,4,4,Yes,2,6,No
36,83191,17,17,6,4,2,No,3,3,No
24,66098,0,4,26,3,4,No,8,6,No
56,106500,11,19,20,1,2,No,1,2,No
38,111659,12,22,43,3,4,Yes,7,6,No
40,18000,3,3,7,1,2,No,5,6,No
49,125158,8,20,18,3,1,Yes,1,0,No
28,26319,5,12,9,1,1,No,2,3,Yes
24,47192,3,7,49,1,4,Yes,0,6,Yes
55,124095,21,30,32,2,3,Yes,1,6,No
60,18000,0,2,5,3,2,Yes,3,0,No
48,73008,9,14,17,3,1,Yes,0,2,No
27,37431,6,8,50,4,1,Yes,2,3,Yes
55,156153,10,29,27,4,1,No,2,2,Yes
51,63288,2,2,16,1,1,No,6,5,No
50,174569,8,29,50,1,4,No,8,4,No
52,192526,9,32,8,1,3,No,8,1,No
21,39585,2,3,43,4,3,Yes,8,5,No
26,79509,8,10,37,2,3,No,2,1,No
22,23029,2,5,48,3,4,Yes,4,5,Yes
28,76439,12,12,28,2,3,Yes,6,5,No
27,79406,3,11,50,4,4,No,5,2,Yes
21,42487,1,2,2,2,4,No,7,2,No
21,18000,2,6,25,3,3,Yes,4,4,No
59,184986,4,27,1,1,2,No,1,6,No
26,64460,0,8,24,4,3,No,6,1,No
40,115157,1,25,36,4,2,No,8,4,No
59,93180,2,14,37,3,4,No,2,2,No
31,63814,9,11,42,3,2,Yes,3,4,Yes
45,69129,2,10,21,3,2,No,1,6,No
55,78978,2,7,42,2,2,Yes,5,4,Yes
32,28063,0,0,44,1,2,Yes,4,4,Yes
53,157567,12,32,17,4,4,Yes,1,1,No
54,145056,25,31,37,3,1,No,7,0,No
38,114045,10,20,22,1,2,No,8,1,No
39,60657,4,19,25,3,2,No,0,3,No
40,46435,3,6,29,1,4,No,4,3,No
56,61105,2,2,42,3,4,No,2,6,Yes
42,65313,11,20,6,4,4,No,1,3,No
30,72671,7,12,32,4,3,Yes,3,3,No
39,34034,6,6,21,1,3,Yes,1,3,Yes
34,68817,4,16,37,2,4,No,2,6,No
26,65232,2,3,25,4,3,No,8,5,No
41,76544,5,17,19,3,1,Yes,1,0,No
31,67752,13,13,50,4,2,No,0,2,No
50,78195,17,20,1,3,1,Yes,5,5,No
21,29811,1,4,20,1,3,Yes,6,2,No
26,24421,2,11,28,3,1,No,8,4,No
48,18000,0,0,10,1,2,Yes,7,2,Yes
23,48048,6,6,9,2,3,No,6,6,No
39,128201,17,23,49,1,2,No,7,3,No
28,62402,9,9,29,1,1,No,8,4,Yes
40,142839,3,21,24,2,2,Yes,5,1,No
25,37293,4,4,13,4,3,Yes,8,2,No
30,63424,6,13,42,1,2,No,7,1,Yes
33,64993,12,16,42,3,1,No,1,0,No
41,82905,0,16,36,2,2,Yes,2,4,No
29,73275,5,11,16,2,2,No,3,4,No
54,111622,12,29,12,3,1,No,8,0,No
47,108873,18,21,17,3,1,No,3,1,No
28,61234,0,2,31,4,2,No,2,0,No
24,46887,5,5,18,1,3,No,6,0,No
38,95524,19,19,45,4,2,Yes,1,2,No
31,73440,10,12,43,4,2,No,5,4,No
55,182823,13,36,23,3,4,Yes,6,4,Yes
45,107180,6,30,24,1,3,Yes,5,5,No
24,76155,3,5,27,2,3,Yes,5,4,No
39,23338,4,6,21,3,1,Yes,2,1,No
34,79787,14,15,30,3,2,Yes,8,2,No
31,80563,1,11,4,1,2,No,8,3,No
32,55277,9,15,30,2,3,No,0,6,No
48,144237,14,30,28,4,4,Yes,6,4,No
46,102587,6,19,34,1,3,No,0,1,No
25,49845,0,3,15,2,2,No,2,3,No
54,146474,3,33,29,3,4,No,4,4,No
55,127286,21,23,27,1,1,No,2,5,No
59,133713,2,24,10,3,2,No,8,2,No
24,99656,5,6,18,4,2,No,7,5,No
39,36147,4,5,22,1,3,Yes,2,2,Yes
34,76324,12,15,49,2,4,Yes,8,1,No
28,82466,9,10,26,3,3,Yes,4,4,No
21,32848,0,3,7,2,2,No,0,1,No
25,87012,5,9,18,1,4,No,1,4,No
41,79784,5,17,41,2,1,No,1,1,Yes
31,77484,1,5,18,3,3,No,6,0,No
41,65524,5,15,48,3,2,No,5,1,Yes
22,56278,0,4,39,2,2,Yes,8,3,No
32,63774,11,14,46,2,4,Yes,4,6,No
60,128778,19,30,46,2,4,Yes,1,3,Yes
39,81690,7,11,8,3,2,No,0,2,No
32,61224,3,14,47,4,3,No,2,0,No
49,34195,2,4,10,3,1,Yes,3,4,No
49,142439,14,28,24,2,2,No,6,3,Yes
55,71667,4,15,7,2,2,No,6,2,No
37,18106,0,0,44,4,2,Yes,6,1,No
58,125522,27,28,41,1,2,Yes,1,5,No
27,73752,4,7,15,1,4,Yes,8,6,No
50,103722,6,9,36,1,4,Yes,2,6,No
54,47725,5,9,36,4,4,Yes,5,4,No
47,57404,13,13,7,1,4,No,2,3,Yes
60,162466,3,24,26,2,2,Yes,0,6,Yes
54,148604,22,28,48,2,2,No,4,0,No
34,75418,11,16,7,1,2,No,3,0,No
27,48404,1,8,48,2,3,Yes,0,0,Yes
28,47875,3,6,47,4,3,No,3,0,No
48,108870,2,21,25,1,4,No,4,1,No
36,97465,14,19,20,1,1,Yes,3,6,No
32,102438,11,15,14,1,3,Yes,8,5,Yes
23,35556,3,5,47,2,1,No,4,2,No
34,84636,13,15,45,2,3,Yes,6,1,No
54,19747,2,8,33,3,4,Yes,7,6,Yes
46,32090,4,7,37,2,2,No,6,6,Yes
43,97861,10,11,31,1,1,No,7,0,No
32,59252,14,16,40,3,2,No,4,1,No
36,34900,3,4,3,2,1,No,2,3,Yes
41,29353,3,9,41,2,1,Yes,2,2,Yes
52,169333,10,34,26,3,1,No,6,3,No
50,95257,4,18,44,4,3,No,7,3,No
21,52235,1,3,48,3,3,No,3,0,No
44,60378,5,5,4,1,2,Yes,0,6,Yes
30,40425,12,12,27,2,4,No,3,2,No
39,38367,0,0,46,3,2,Yes,8,3,No
38,58488,11,11,6,3,1,No,2,3,No
52,62904,5,14,49,1,3,No,1,1,Yes
50,111535,9,13,25,3,3,Yes,0,1,Yes
59,93959,3,13,35,3,4,No,2,2,No
59,71884,10,14,42,3,3,No,5,1,No
22,26946,0,6,32,2,1,Yes,2,0,Yes
48,20529,4,5,36,4,2,No,1,6,No
59,115705,8,22,45,1,1,Yes,3,1,Yes
47,46261,2,9,50,2,3,Yes,6,0,No
33,67368,3,16,36,3,3,Yes,6,0,Yes
47,71860,6,14,8,2,3,No,6,2,No
34,105992,2,17,35,3,4,Yes,3,0,No
39,129734,18,21,11,3,3,Yes,5,3,Yes
58,174240,10,32,1,1,1,No,7,1,No
28,67047,0,8,16,1,4,No,1,2,No
46,61736,8,9,35,2,2,Yes,3,3,Yes
41,130685,2,23,17,4,1,Yes,7,1,No
39,42857,0,0,14,4,3,No,3,2,No
51,45988,14,16,1,4,4,No,8,4,No
57,182217,24,34,12,1,2,No,0,1,No
41,102946,16,22,3,3,2,Yes,7,4,No
36,94277,18,18,44,4,2,Yes,0,2,No
47,123397,11,26,31,1,4,Yes,4,3,No
53,153501,21,28,43,1,3,Yes,4,1,No
39,56615,3,8,2,3,3,Yes,5,5,No
30,67115,3,11,37,1,1,Yes,2,3,No
42,127217,6,24,37,3,3,No,0,2,Yes
38,42900,3,5,27,4,1,Yes,7,1,No
52,168339,8,30,50,1,4,No,8,4,No
39,30028,4,8,50,4,1,No,6,3,No
48,101195,8,15,7,4,1,No,3,0,No
30,18241,11,11,35,1,2,No,0,0,No
25,79257,2,8,38,3,4,No,1,3,No
25,62072,4,4,30,4,4,No,0,6,No
39,22114,4,6,21,3,1,Yes,2,0,No
26,40984,4,7,27,3,2,No,5,1,No
26,23570,7,10,11,4,4,No,5,5,No
28,19925,2,2,50,2,3,Yes,5,4,Yes
27,39704,2,9,13,1,3,No,8,2,No
24,52159,4,6,22,4,4,Yes,7,3,No
25,92218,4,7,23,1,2,No,0,2,No
42,106041,16,24,23,1,1,Yes,8,2,Yes
40,93633,10,17,22,1,2,No,7,2,Yes
24,28409,0,6,31,1,3,No,4,5,No
22,48762,2,2,12,1,3,Yes,8,6,Yes
47,89321,7,17,42,4,3,No,7,1,No
50,85412,23,23,10,3,4,No,3,6,No
53,166120,28,29,30,3,3,No,2,6,No
46,128884,12,25,6,2,4,Yes,2,3,No
53,77478,2,5,41,2,2,Yes,3,4,Yes
44,120243,6,21,35,1,1,No,2,2,No
55,131580,0,24,30,3,4,No,3,5,No
21,46728,0,3,13,1,3,Yes,8,5,Yes
35,75443,10,13,20,2,2,Yes,5,3,No
28,18209,6,9,28,3,3,No,2,4,No
35,75810,13,13,30,3,1,Yes,1,6,Yes
46,102175,9,25,27,4,3,No,2,3,No
60,24738,0,1,43,3,2,No,2,0,No
42,20570,0,1,42,4,4,No,8,6,No
23,58154,0,5,36,4,1,Yes,8,3,No
60,94554,4,12,17,2,1,No,0,2,No
35,74542,10,14,5,1,2,No,2,2,No
25,56704,5,9,37,1,3,Yes,6,0,Yes
26,49492,1,9,25,3,3,No,8,0,No
50,119386,23,25,3,2,2,No,0,6,No
42,65187,8,10,50,3,1,No,0,1,No
24,18000,5,6,19,4,3,No,2,5,No
39,105571,3,15,13,1,2,Yes,5,1,No
32,51798,4,9,49,4,4,Yes,1,2,No
50,27846,0,1,44,3,4,No,1,2,No
21,46885,4,8,41,3,1,No,6,4,No
60,93184,11,12,25,2,2,No,5,5,No
43,68474,6,14,41,2,1,Yes,4,6,Yes
32,77352,8,15,28,3,4,Yes,2,4,No
46,28948,7,11,43,1,2,Yes,0,6,No
24,45580,0,5,20,2,2,No,2,4,No
60,60961,12,13,2,1,4,No,3,0,No
58,123680,1,32,34,3,4,No,2,1,No
47,48045,1,3,46,3,3,Yes,4,1,Yes
40,117088,12,20,39,3,4,Yes,7,6,No
24,59962,0,8,13,1,2,No,8,3,Yes
35,37887,2,6,31,2,2,No,1,6,No
26,47606,6,10,34,2,1,No,3,4,No
29,24522,7,10,6,2,1,No,3,2,Yes
51,151629,11,30,31,3,3,No,5,0,No
34,86444,6,17,36,4,2,No,2,2,No
53,95754,10,16,42,1,1,No,8,1,Yes
35,105656,16,21,21,1,1,No,7,3,No
44,110733,12,24,16,4,4,Yes,5,1,No
47,22161,0,0,7,3,4,No,7,4,No
37,94452,15,18,19,1,1,No,7,2,No
55,29493,1,1,11,2,4,No,3,1,No
41,101392,16,22,22,1,2,Yes,8,2,Yes
46,18000,1,2,21,3,4,Yes,2,4,No
54,147345,10,23,32,4,1,No,3,3,Yes
54,68927,5,16,7,2,3,No,7,1,No
51,18000,0,0,21,3,4,No,3,2,No
55,90932,10,15,43,1,1,No,8,3,Yes
40,132353,1,21,15,4,1,Yes,8,0,No
34,87765,5,17,31,3,4,Yes,3,4,No
39,67385,0,3,48,4,1,No,0,0,No
29,18000,1,1,50,3,3,No,1,2,No
25,60978,2,7,10,4,3,No,0,5,No
23,36787,0,7,34,1,4,Yes,1,4,Yes
24,51663,4,6,46,2,4,No,4,0,Yes
32,87879,5,14,22,3,1,No,4,1,No
21,41546,2,2,3,2,4,No,6,1,No
33,86871,13,14,20,1,2,Yes,6,4,No
45,83916,12,17,18,3,3,No,7,4,Yes
32,85955,3,15,1,1,3,Yes,1,6,No
49,70207,8,13,50,2,3,No,6,4,No
31,67487,6,13,41,1,2,No,7,2,Yes
53,31968,3,4,23,1,1,No,7,4,Yes
22,45207,1,4,37,1,3,No,2,6,No
27,58861,2,9,16,1,1,No,6,6,Yes
42,18000,3,3,31,2,2,Yes,6,3,No
33,79015,1,13,32,1,3,No,3,0,Yes
40,28054,4,11,41,2,1,Yes,3,2,Yes
43,54481,4,8,49,2,1,No,5,4,No
48,67086,9,11,17,1,2,No,8,3,No
55,24598,0,0,2,1,3,Yes,8,3,No
42,80006,2,8,18,2,1,No,7,1,No
57,108478,11,12,28,2,2,No,5,5,No
45,126507,11,23,42,2,4,No,5,1,No
56,26592,0,0,3,3,4,Yes,6,3,Yes
47,140987,24,25,22,1,3,Yes,3,2,No
60,46304,1,2,35,2,4,No,0,4,No
49,155665,10,31,16,4,1,Yes,7,4,No
53,59817,10,10,46,2,1,No,0,1,Yes
43,77152,4,4,37,4,3,Yes,0,1,No
54,18739,2,2,37,2,2,No,6,5,No
55,121215,15,21,4,3,1,No,8,6,No
30,39075,0,6,35,1,4,Yes,4,3,No
32,67426,12,12,11,1,3,No,1,0,No
32,31613,4,7,8,4,2,No,8,4,No
31,28817,1,3,29,4,3,Yes,5,0,No
58,50930,7,11,23,3,2,Yes,0,4,No
38,83272,2,20,23,4,4,Yes,0,1,No
26,62430,1,7,16,2,4,No,5,2,No
21,18303,1,6,12,4,4,Yes,8,6,No
40,53781,2,5,1,2,2,Yes,8,6,No
54,152706,29,30,30,3,3,No,3,6,No
38,70071,3,9,14,2,1,No,8,5,No
54,149311,19,30,46,1,3,Yes,5,0,No
21,18000,3,4,50,4,2,No,2,4,No
47,84358,8,12,34,1,1,Yes,3,5,No
39,28321,4,11,43,2,1,Yes,4,2,Yes
46,38307,1,2,25,4,1,No,8,3,No
25,37738,1,9,49,4,1,No,5,1,Yes
37,46623,2,7,30,1,3,No,5,3,No
41,18000,1,3,9,1,1,No,6,5,No
45,148118,14,27,21,3,3,No,5,6,No
51,69396,7,11,50,3,3,No,6,4,No
48,102787,13,25,16,2,1,Yes,5,3,Yes
28,66701,0,10,40,1,1,Yes,8,3,Yes
55,146989,10,26,5,1,4,No,1,3,No
24,52437,3,7,36,4,4,No,5,0,No
23,48592,0,2,40,1,3,No,2,3,No
37,105221,11,15,14,1,1,Yes,0,3,Yes
26,62401,7,8,9,1,3,No,4,2,No
55,109685,7,16,42,2,3,No,4,4,No
39,122867,15,19,42,3,3,No,5,4,No
60,109809,30,31,21,1,1,No,5,3,No
25,50408,2,7,13,1,4,No,6,0,No
22,19949,1,4,37,1,3,No,3,5,No
41,20035,3,6,10,4,3,Yes,1,4,No
50,45225,2,12,15,1,2,Yes,1,1,Yes
38,31654,6,8,50,4,1,No,7,5,No
52,156542,24,33,40,3,1,No,8,0,No
32,78598,7,9,37,4,1,Yes,1,4,No
29,74197,12,14,49,4,2,No,6,4,No
52,102962,9,20,23,3,3,No,4,5,No
47,88557,5,14,43,2,2,No,1,6,No
53,64218,8,14,29,4,3,No,3,0,No
47,135575,16,29,16,2,4,Yes,5,2,Yes
46,69961,2,20,12,4,4,Yes,8,2,Yes
21,46443,2,2,38,3,4,No,0,6,No
25,56672,3,6,24,2,4,No,4,2,No
24,27133,0,6,35,1,1,Yes,0,1,Yes
26,55514,0,3,38,3,3,Yes,3,3,No
25,18000,5,7,18,2,3,No,4,2,No
22,20927,2,2,26,4,2,No,3,6,No
52,184799,11,33,13,1,3,No,7,0,No
24,67492,2,6,13,1,2,Yes,7,3,No
42,89905,4,6,32,1,3,No,4,6,No
23,65469,3,5,12,1,2,Yes,7,2,No
40,67219,12,20,8,4,4,No,1,4,No
21,39405,0,2,44,1,4,No,2,2,No
50,169461,3,34,35,2,4,No,6,3,Yes
31,28060,1,4,26,3,3,Yes,5,1,No
27,28171,4,6,45,4,2,No,6,6,No
52,160960,10,33,10,1,3,No,8,1,No
33,88272,12,14,43,3,3,No,4,6,Yes
38,91346,12,14,3,4,1,Yes,3,5,No
35,70779,14,16,31,3,2,Yes,8,3,No
35,72484,8,12,27,3,4,Yes,2,3,No
31,50563,1,12,3,2,3,No,6,4,No
29,74849,6,10,7,1,4,Yes,0,4,No
49,76125,15,16,45,2,3,Yes,0,0,Yes
45,85885,12,12,12,1,2,Yes,2,0,Yes
38,87605,1,10,48,4,4,No,4,1,No
58,57557,2,11,43,3,4,Yes,8,3,Yes
40,104401,10,15,39,4,4,No,3,2,No
33,103283,6,14,48,2,3,No,4,6,Yes
51,96225,2,20,20,3,4,No,5,6,No
24,64079,5,5,27,3,3,No,0,6,No
33,75445,15,15,31,3,2,Yes,8,2,No
57,123559,22,24,12,1,3,No,6,5,No
21,44823,1,3,1,2,4,No,8,1,No
41,127135,7,21,21,3,4,No,2,6,No
40,31689,1,1,26,1,3,No,6,6,No
38,115118,17,20,47,1,1,No,6,5,No
40,56898,2,15,26,4,1,No,4,5,No
58,205000,7,30,43,4,1,Yes,8,2,Yes
39,31955,0,1,14,1,4,No,4,4,No
23,42031,5,6,1,3,1,No,7,1,Yes
44,141603,7,25,3,2,2,No,0,4,No
28,42932,4,9,30,2,3,No,6,2,No
53,31459,8,8,9,4,4,No,7,5,No
54,133796,15,24,48,2,1,No,1,4,No
53,77713,13,20,47,1,3,Yes,3,2,No
59,203658,7,33,43,4,1,Yes,8,2,Yes
35,100974,14,15,42,4,4,No,2,5,No
37,72966,3,13,14,1,3,Yes,8,4,No
21,18626,3,5,33,4,1,Yes,3,2,No
47,19119,2,2,44,3,1,No,4,1,Yes
22,18380,3,4,50,4,4,No,1,6,No
33,36203,1,4,6,4,4,No,4,0,No
40,78899,4,20,28,4,4,Yes,0,2,No
45,45402,5,6,35,3,3,Yes,5,5,Yes
44,125858,7,19,37,1,1,No,1,3,No
30,100957,11,14,31,3,1,No,2,2,No
27,42330,5,5,10,3,3,No,4,3,No
38,56934,3,17,17,4,3,Yes,4,0,No
40,36396,7,11,6,1,4,Yes,6,0,No
56,132363,25,33,31,1,3,Yes,8,1,No
35,33436,7,7,19,4,4,Yes,7,4,No
44,41861,3,3,32,3,3,Yes,6,6,Yes
21,27772,4,5,50,2,3,No,6,6,Yes
42,57658,3,15,23,4,1,No,5,6,No
49,113549,3,29,20,2,2,No,5,5,No
42,68108,8,12,49,4,1,No,0,1,No
34,44988,4,9,45,4,2,No,3,0,No
52,165333,9,30,30,3,3,No,5,0,No
37,84070,14,19,19,2,1,Yes,3,0,Yes
44,105974,4,18,40,1,4,No,2,0,Yes
46,92435,7,23,13,1,4,No,3,1,No
58,49900,8,11,18,3,2,Yes,0,6,No
35,105363,0,14,8,1,2,No,1,5,No
23,68470,3,7,30,2,4,No,8,6,No
48,112275,3,8,34,1,4,Yes,2,6,No
31,77225,0,14,22,4,4,No,8,0,No
49,72395,9,14,17,1,2,No,7,3,No
40,67148,3,13,17,3,3,Yes,0,4,No
21,43266,2,2,35,4,4,No,1,4,No
24,61907,4,6,43,2,1,Yes,6,0,Yes
55,34407,2,3,42,3,4,No,5,6,No
25,50384,0,8,13,1,4,No,6,0,No
30,67168,13,14,50,4,2,No,0,2,No
28,74785,2,8,20,2,2,No,0,5,No
50,124795,9,21,17,3,1,Yes,1,0,No
37,74883,6,13,26,4,1,No,1,0,No
38,44493,3,9,33,3,2,No,2,0,No
24,46426,1,5,42,2,2,Yes,2,5,No
29,47528,5,6,16,3,2,Yes,0,2,No
60,203472,7,33,41,4,1,Yes,8,2,Yes
58,49103,1,3,3,2,3,No,3,5,No
49,104942,3,21,21,4,4,No,5,5,No
49,67739,8,8,6,4,2,No,0,1,No
26,40150,7,8,33,3,3,Yes,4,5,Yes
42,20414,0,0,40,4,4,No,8,4,No
31,81836,1,1,21,3,4,No,6,1,No
23,18000,1,5,27,3,3,Yes,3,3,No
54,48088,10,11,4,1,3,Yes,6,1,No
26,64643,6,7,26,3,3,No,0,5,No
22,37373,0,2,1,1,2,No,5,6,No
33,67717,1,15,38,3,4,Yes,5,0,Yes
29,25414,3,11,8,2,2,No,5,6,No
48,102480,15,17,6,3,4,No,2,6,No
37,126483,6,18,25,4,4,No,0,2,No
52,160881,2,32,38,3,1,No,7,1,No
59,18503,0,0,6,1,1,No,8,0,No
29,44603,1,9,25,2,2,No,7,2,No
22,41084,2,4,8,3,2,No,5,3,No
52,52144,1,7,28,1,2,No,8,1,No
55,104712,8,13,10,1,1,No,2,4,No
27,44516,4,9,14,4,3,No,4,5,No
23,46217,4,5,9,2,3,No,8,3,No
59,110971,10,22,28,3,2,No,5,1,No
59,190364,2,26,1,1,2,No,1,6,No
25,19825,3,7,25,4,2,No,0,6,No
32,98610,7,17,23,2,4,No,5,2,No
23,48329,1,5,23,3,4,No,8,2,No
48,77405,13,14,23,3,2,No,0,2,No
41,46122,0,0,17,4,3,No,3,2,No
38,77275,5,13,36,2,2,Yes,5,2,Yes
30,53570,6,12,38,2,1,Yes,1,6,Yes
59,136954,22,24,12,1,3,No,6,4,No
42,28245,0,1,29,1,2,No,5,6,No
56,147998,14,27,31,2,3,No,8,4,No
28,83333,9,10,1,1,1,No,5,5,Yes
42,144535,25,27,7,4,4,No,1,0,No
40,18463,2,4,5,1,2,No,5,5,No
21,18000,0,3,31,3,3,Yes,1,2,No
36,46042,3,4,34,1,2,No,0,5,No
54,151450,20,31,6,4,3,No,4,2,No
52,125030,20,30,32,1,2,Yes,3,6,No
56,52804,0,0,9,1,1,No,2,6,Yes
22,58779,0,4,36,4,1,Yes,8,4,No
31,53524,7,12,47,4,4,Yes,1,2,No
58,18988,3,4,33,2,3,No,5,0,No
50,160043,1,31,36,3,1,No,6,1,No
36,99765,14,20,34,4,1,No,0,1,No
21,35384,0,0,3,1,2,No,5,6,No
26,38304,3,4,32,2,2,No,3,2,No
47,137246,9,27,4,4,2,No,3,3,No
40,85205,2,21,22,4,4,Yes,0,1,No
57,93988,9,10,20,4,2,Yes,8,2,No
58,102362,1,9,3,2,2,Yes,7,6,Yes
24,49324,0,4,26,3,4,No,8,2,No
60,85182,6,23,45,2,2,Yes,6,2,No
49,173301,20,29,1,1,2,No,0,3,No
41,26507,1,2,22,4,2,No,0,4,No
59,119959,7,18,22,4,2,No,7,1,No
45,135049,12,29,25,2,4,Yes,3,5,No
42,65212,4,15,20,3,3,Yes,2,3,No
47,38567,4,11,11,1,3,Yes,3,4,No
27,59086,0,9,23,1,2,No,7,6,Yes
30,83783,11,11,33,2,4,Yes,4,6,No
36,96709,9,19,39,3,4,No,3,2,No
28,61679,3,7,30,1,2,Yes,5,0,Yes
40,20176,2,5,9,3,3,Yes,3,3,No
25,58244,4,6,16,2,1,Yes,1,5,No
54,132945,18,23,24,3,4,No,1,3,No
24,18000,1,6,7,3,4,Yes,8,4,Yes
56,87295,0,17,45,1,3,Yes,4,2,Yes
45,18000,2,4,22,3,3,Yes,1,4,No
57,117877,19,23,23,1,1,No,1,4,No
59,51174,6,6,2,2,1,No,4,3,No
45,132602,23,26,13,1,2,No,5,5,Yes
47,73775,1,8,30,2,3,Yes,0,3,No
26,67124,8,8,42,2,2,No,0,4,No
25,90746,7,7,10,4,3,No,1,0,No
53,178391,31,36,20,1,2,No,4,6,No
43,100298,6,12,49,2,1,No,7,2,No
55,100601,8,13,10,1,1,No,0,5,No
51,58055,1,4,41,2,2,No,2,3,No
58,93222,6,19,29,4,3,Yes,2,5,Yes
55,70790,16,16,33,3,4,No,3,5,No
58,38844,3,5,20,1,2,No,0,2,No
38,54175,7,8,31,3,4,Yes,6,1,No
58,98404,13,15,18,2,4,No,3,1,No
45,148282,24,25,33,2,2,Yes,6,0,No
36,85013,5,17,18,2,1,No,3,2,No
58,129085,7,21,27,3,4,No,8,3,No
23,18000,0,4,8,3,4,Yes,7,5,Yes
41,104935,17,21,16,1,4,No,5,1,No
57,123962,17,26,13,2,4,No,3,3,No
23,26295,0,1,43,1,3,Yes,0,4,No
54,205000,29,36,22,1,2,No,4,5,No
25,34403,5,5,6,4,3,No,1,5,No
38,107483,15,20,20,1,1,Yes,3,6,No
43,57417,10,13,30,4,1,No,1,1,No
24,71491,5,5,31,3,3,No,0,6,No
54,86581,13,19,17,4,2,No,2,4,No
44,115265,13,25,50,4,1,No,4,2,No
46,133612,13,27,29,2,4,Yes,4,4,No
21,23997,3,3,38,1,2,No,3,6,No
58,154379,1,24,40,1,1,No,4,2,Yes
23,28383,0,5,31,1,2,No,5,6,No
32,97838,5,17,23,3,2,No,5,2,No
55,119432,29,30,31,3,3,No,1,6,No
41,85810,17,18,49,2,4,No,0,6,No
56,150235,4,32,31,3,4,No,3,4,No
38,145204,2,20,24,2,2,Yes,6,0,No
29,57819,1,9,15,2,1,No,3,6,No
58,139714,1,32,17,4,1,No,8,4,No
46,125858,16,28,18,2,4,Yes,2,6,No
49,172215,10,34,36,2,2,Yes,4,3,Yes
54,19422,3,7,50,4,1,No,3,2,Yes
54,90539,2,23,23,2,1,No,7,1,No
48,118917,9,22,18,3,1,Yes,1,0,No
30,25916,5,10,5,1,1,No,2,3,Yes
60,49938,7,8,2,2,1,No,2,2,No
43,98597,18,18,17,3,2,No,7,0,No
44,145778,18,27,47,1,2,No,3,1,No
35,73726,13,13,34,3,2,Yes,8,3,No
46,91716,8,15,41,1,2,No,6,2,No
25,36085,1,7,35,1,4,Yes,0,3,Yes
41,106950,11,25,33,3,4,Yes,7,5,No
35,22557,1,2,28,3,2,Yes,1,2,Yes
36,18000,1,3,8,3,3,No,3,0,No
50,183928,9,33,38,2,1,Yes,5,3,Yes
30,56782,2,13,8,1,2,No,4,6,No
44,94051,11,25,27,4,4,No,2,3,No
32,75387,3,5,27,1,2,No,1,4,No
38,83958,8,20,43,3,4,Yes,8,5,No
40,20345,3,3,7,2,3,Yes,2,2,No
46,108879,5,18,11,4,2,Yes,7,3,No
39,99292,11,11,48,4,1,No,2,4,No
57,148084,11,28,42,3,4,No,5,6,No
30,46295,7,10,32,1,2,Yes,3,4,Yes
42,93652,6,11,48,2,1,No,6,3,No
49,99626,13,18,7,4,1,No,8,5,No
47,95842,7,14,44,2,2,No,6,3,No
46,18000,1,4,22,3,3,Yes,2,5,No
23,54553,0,6,39,2,2,Yes,8,2,No
33,57071,8,14,30,2,3,No,0,6,No
43,51741,3,8,50,2,1,No,5,4,No
25,50849,4,4,47,1,4,No,4,0,Yes
39,42333,9,9,7,3,4,No,3,1,No
51,105491,4,18,34,2,1,No,2,0,No
31,68214,2,12,31,3,3,No,3,4,Yes
29,66725,3,4,31,1,2,Yes,4,2,Yes
38,35774,3,3,1,2,1,No,3,3,Yes
46,62340,8,9,36,2,2,Yes,3,3,Yes
59,146060,8,28,6,4,1,No,6,2,No
40,34354,0,1,9,1,4,No,4,5,No
57,61870,6,10,6,4,2,Yes,4,0,No
49,57347,6,7,28,2,3,No,0,3,No
25,27169,0,6,25,1,4,No,7,5,No
51,122413,0,21,33,1,3,Yes,0,4,No
22,42027,1,9,10,1,4,No,8,1,Yes
46,126751,0,28,13,1,1,No,2,5,No
32,56054,5,11,49,4,4,Yes,0,1,No
51,96399,2,22,21,4,3,No,4,5,No
51,144116,29,31,23,3,2,No,4,4,No
28,21347,2,3,17,3,1,No,1,4,No
46,22660,2,5,32,4,2,No,0,6,No
53,126993,25,25,35,3,1,No,2,0,No
52,45582,8,8,24,1,3,Yes,3,0,No
39,18000,0,1,24,2,1,No,6,5,Yes
36,35631,5,5,14,3,4,Yes,8,4,No
59,125925,6,25,21,4,1,Yes,8,6,Yes
31,101097,11,14,16,1,3,Yes,8,5,Yes
37,107033,13,19,31,2,4,Yes,5,0,No
48,18446,0,3,29,2,2,Yes,8,1,Yes
34,34184,7,7,14,3,4,Yes,7,4,No
32,84849,5,13,11,4,1,No,8,2,No
55,136418,27,29,12,3,1,Yes,8,3,No
50,75665,11,19,33,3,2,No,4,4,No
55,149458,25,30,40,3,1,No,6,1,No
36,99234,17,18,8,3,1,No,6,3,No
42,130287,16,22,33,4,3,No,6,1,No
44,128632,13,27,47,3,1,No,5,3,No
46,114033,6,28,23,1,4,Yes,5,6,No
47,42184,2,12,15,1,2,Yes,0,1,Yes
25,63553,0,7,16,2,4,No,5,4,No
57,63656,10,10,46,3,2,No,5,6,No
45,157702,5,20,42,3,4,Yes,3,0,No
27,62103,7,8,23,1,4,No,6,3,No
31,100923,4,14,50,2,2,No,5,6,Yes
42,131910,6,24,36,3,3,No,0,2,Yes
33,92008,6,18,13,4,4,No,5,6,No
56,76091,7,10,11,1,1,Yes,0,2,No
51,104316,9,9,28,2,1,Yes,8,2,No
51,178731,10,31,34,2,1,Yes,2,2,Yes
24,63440,3,4,13,1,2,Yes,8,4,No
25,18000,2,7,7,4,4,Yes,8,3,Yes
25,55446,7,8,9,2,2,No,3,1,Yes
49,71637,5,12,17,1,1,No,2,4,Yes
52,38279,0,5,10,3,3,Yes,3,0,No
41,93208,6,11,50,2,1,No,8,2,No
43,107625,19,19,16,2,4,No,7,4,No
49,77010,13,13,47,2,3,Yes,1,0,Yes
34,37144,1,6,7,4,4,No,3,0,No
30,28633,0,1,1,1,1,Yes,4,0,No
33,51709,14,15,39,3,2,No,5,0,No
31,99267,7,13,49,1,2,No,5,5,Yes
30,24859,6,10,4,1,1,No,3,2,Yes
51,43192,4,12,39,2,1,No,6,5,Yes
35,79991,9,17,44,3,4,No,7,6,No
60,156700,10,27,11,3,1,No,5,1,No
27,82436,2,10,49,4,4,No,6,2,Yes
47,40182,2,10,9,1,3,Yes,4,4,No
57,140414,23,23,12,3,4,Yes,2,4,No
56,89555,12,13,40,3,2,No,5,5,No
58,130979,8,26,27,1,1,Yes,4,1,Yes
39,55437,1,7,21,1,4,Yes,5,6,No
56,20090,4,7,12,2,1,Yes,0,1,No
57,44259,4,15,8,1,2,No,3,4,No
33,21688,2,4,26,2,1,No,5,5,Yes
41,106053,1,17,21,2,2,No,8,3,No
26,39118,4,6,5,1,3,No,4,2,No
30,69251,4,11,26,3,2,No,2,4,Yes
28,60885,8,10,9,1,3,No,2,5,No
58,198801,4,33,41,4,1,Yes,8,3,Yes
35,72270,3,18,6,3,4,Yes,2,6,No
40,81039,5,17,19,3,1,Yes,0,0,No
37,80565,6,17,35,4,1,No,8,3,No
38,107381,4,20,44,1,4,No,4,3,No
45,133363,0,27,45,1,3,No,1,2,No
55,117829,27,29,26,3,2,No,0,2,No
37,100291,18,20,8,3,1,No,7,3,No
41,77506,6,16,23,3,1,Yes,1,0,No
28,60093,6,8,25,1,4,No,5,3,No
50,91374,4,24,3,3,1,Yes,2,3,No
36,18422,1,3,3,3,3,No,3,0,No
31,40831,1,11,16,4,2,No,8,0,No
54,28247,1,1,12,3,4,No,3,1,No
47,46530,0,2,48,3,3,Yes,2,3,Yes
48,114097,1,18,30,1,4,No,4,1,No
41,93728,10,16,26,1,2,No,6,2,Yes
59,18000,0,0,4,3,2,Yes,2,0,No
53,112355,1,29,26,2,4,No,2,0,No
42,71126,5,11,30,3,3,No,2,5,No
50,116482,16,22,8,1,1,No,8,4,No
34,53635,5,12,13,2,3,No,7,3,No
52,145547,16,32,47,3,4,No,7,3,Yes
24,32636,3,6,25,3,4,Yes,6,6,No
35,78903,1,7,7,1,3,No,0,3,No
32,59478,0,12,3,4,1,No,7,4,No
40,61881,4,15,13,3,3,Yes,2,3,No
52,185670,14,34,41,3,1,No,0,0,No
48,96418,7,17,40,2,2,No,7,1,No
37,101266,11,22,22,1,2,No,5,5,No
38,129775,5,20,45,4,3,No,6,5,Yes
35,63730,11,11,11,1,1,No,1,4,No
27,58870,1,4,36,3,3,Yes,3,3,No
41,62148,6,14,14,4,4,Yes,1,3,No
25,44209,5,6,33,3,3,Yes,1,3,Yes
41,102579,18,20,17,3,1,No,7,0,No
41,63782,5,12,47,4,2,No,6,1,Yes
54,32833,6,8,7,3,4,No,7,5,No
28,48007,8,11,39,2,2,Yes,2,6,Yes
27,51333,8,11,31,1,1,Yes,2,6,Yes
27,70322,4,7,24,4,1,No,1,1,No
43,98145,7,23,14,1,3,No,4,2,No
33,108231,11,14,27,3,3,No,0,1,No
36,22998,1,1,27,3,2,Yes,0,2,Yes
42,128193,15,22,50,1,2,No,5,6,Yes
52,117288,6,25,19,1,1,No,1,6,No
24,48724,5,6,9,2,3,No,6,5,No
45,70708,11,13,35,1,2,Yes,1,6,Yes
25,53269,7,8,40,2,3,No,8,1,Yes
46,78666,1,8,25,2,3,Yes,0,3,No
57,85760,13,15,30,4,2,No,7,3,No
37,83044,5,18,14,2,1,Yes,3,4,No
25,72184,4,6,41,4,3,No,3,6,Yes
53,38703,0,2,12,3,3,Yes,3,2,No
37,93195,16,19,42,2,1,No,2,5,Yes
50,72636,7,11,13,1,1,No,2,6,Yes
53,68745,10,11,6,3,4,Yes,6,2,No
42,87223,10,10,12,2,4,No,2,5,No
23,49728,3,5,36,2,3,No,2,4,No
47,108918,5,18,38,1,1,No,1,2,No
24,50599,0,6,23,3,3,No,8,2,No
55,136062,13,22,50,2,1,No,1,4,No
22,44289,5,6,9,2,3,No,8,3,No
26,56138,4,5,50,1,4,No,2,0,Yes
58,131393,20,31,4,1,1,Yes,4,0,No
55,32375,4,5,40,3,4,No,5,6,No
33,30829,3,6,4,4,3,No,7,3,No
60,41013,3,10,27,1,3,Yes,0,6,No
49,89822,2,16,36,2,2,No,2,4,No
38,99298,9,20,22,1,3,No,2,6,No
22,18000,1,3,50,4,1,No,3,3,No
58,97833,4,18,27,4,4,Yes,1,6,Yes
39,99825,18,21,6,3,2,Yes,7,5,No
54,103043,15,25,11,3,4,No,3,3,No
21,18000,2,2,6,1,2,No,3,6,No
43,146880,18,25,42,1,3,No,4,3,No
39,28223,4,5,1,4,2,Yes,1,0,No
33,84158,5,8,42,3,1,No,7,5,No
38,80330,5,18,13,2,1,Yes,3,4,No
22,19017,3,3,47,4,2,Yes,4,3,No
46,41518,3,6,27,3,4,Yes,3,5,No
48,108097,14,15,1,4,3,Yes,4,1,No
59,152090,14,31,23,4,3,No,5,6,No
25,50693,5,7,12,2,2,No,3,1,Yes
27,45558,6,8,47,1,2,No,2,2,Yes
60,56587,1,11,43,3,3,Yes,8,2,Yes
46,135097,12,27,31,2,4,Yes,4,4,No
56,150385,14,27,25,3,3,No,7,4,No
57,176947,17,34,38,1,1,No,8,4,No
45,72895,2,15,10,4,4,Yes,8,4,No
24,48703,3,6,49,1,3,Yes,0,6,Yes
56,100521,16,24,19,3,4,Yes,3,5,No
38,77491,10,14,23,3,3,Yes,0,4,Yes
26,40635,1,6,1,1,3,No,2,3,No
42,18000,1,3,3,1,1,No,6,6,No
57,47332,1,4,2,2,3,No,3,5,No
35,57801,9,17,11,3,4,No,8,4,No
30,61231,11,13,10,4,2,No,0,6,No
46,64906,0,18,12,4,4,Yes,8,3,Yes
24,18000,2,5,11,3,3,No,4,3,No
49,97188,12,13,29,1,4,No,0,3,No
44,112180,2,26,45,4,2,No,2,6,No
54,115747,10,27,10,3,1,No,8,0,No
43,105767,5,20,38,1,4,No,2,0,Yes
41,127407,2,17,16,2,2,No,8,4,No
27,73649,8,9,15,4,2,Yes,6,5,No
59,171881,34,34,22,2,1,No,6,5,No
22,19046,1,3,30,3,2,Yes,0,2,No
53,65426,1,20,18,4,2,No,2,0,No
49,51772,7,17,27,3,4,Yes,0,6,No
32,36968,3,3,49,2,1,Yes,0,5,Yes
49,169239,1,32,13,3,2,Yes,0,1,No
36,70708,10,13,11,1,1,No,1,6,No
52,165277,28,33,12,3,4,No,0,5,No
50,102443,5,7,36,1,4,Yes,2,5,No
27,56810,4,8,41,1,2,Yes,7,1,Yes
35,30073,0,2,9,1,4,Yes,5,4,No
29,56974,6,12,43,4,1,Yes,4,4,No
30,39952,11,11,28,2,4,No,4,1,No
27,41178,5,7,34,3,2,Yes,6,4,Yes
59,32977,0,0,22,4,3,No,2,0,No
39,125860,17,18,35,2,1,No,1,5,No
50,93074,7,18,47,4,3,No,7,2,No
30,73220,5,11,5,4,1,No,1,3,No
52,123946,17,22,5,1,1,No,7,5,No
39,21745,5,7,21,3,1,Yes,3,1,No
35,94461,0,16,47,1,4,Yes,7,4,No
59,145554,11,27,13,1,2,No,7,1,No
32,107140,0,19,7,1,2,No,2,5,No
41,32781,0,2,27,1,3,No,6,5,No
32,82877,7,7,37,4,1,Yes,2,3,No
48,95951,8,16,43,2,2,No,7,2,No
41,91831,10,17,28,1,2,No,7,2,Yes
40,18044,0,0,26,4,1,No,4,3,No
49,115957,9,20,17,3,2,Yes,1,0,No
50,141650,7,30,10,4,2,No,8,5,No
29,95380,9,11,43,2,3,No,6,5,No
43,136656,19,26,45,1,3,No,4,4,No
57,111766,9,13,41,2,3,No,5,2,No
38,19019,0,0,26,4,4,No,1,1,No
36,86748,8,17,6,2,3,No,2,3,No
48,149266,11,22,11,3,1,No,5,6,No
31,70666,3,7,25,1,2,No,2,4,No
41,94175,9,15,26,1,2,No,6,1,Yes
60,63942,2,10,41,3,3,Yes,8,1,Yes
38,132497,14,19,42,3,2,No,6,5,No
32,63414,13,14,45,2,4,Yes,4,6,No
32,22253,0,2,34,2,2,No,2,2,Yes
60,19111,0,0,3,1,1,No,8,0,No
49,164015,22,31,1,1,3,No,2,4,No
34,18964,0,1,42,1,3,Yes,3,6,No
32,48413,8,12,29,3,3,No,6,4,No
50,158561,2,34,38,3,4,No,8,4,Yes
43,129198,14,21,50,1,2,No,4,5,Yes
54,154836,14,32,13,4,4,Yes,2,3,No
58,49923,1,2,2,1,3,No,2,5,No
25,53528,1,5,37,2,3,Yes,3,3,No
24,18000,4,4,10,3,3,No,6,3,No
43,43322,6,6,32,3,3,Yes,6,5,Yes
51,180995,5,31,41,3,4,No,5,4,No
38,89823,4,18,1,1,4,No,1,4,No
29,58917,6,8,23,1,3,No,6,2,No
30,90505,10,12,47,2,3,No,7,5,No
27,50288,1,9,27,3,3,No,7,0,No
40,101316,21,22,23,3,3,No,8,1,No
42,123102,3,25,2,3,3,No,1,3,No
27,40966,6,9,11,1,4,Yes,2,0,No
49,56572,6,6,33,3,3,No,0,2,No
44,154948,7,26,14,1,2,No,2,0,No
60,18529,0,0,4,1,2,No,8,0,No
56,98513,7,12,18,4,2,Yes,8,1,No
54,120734,18,27,27,1,2,Yes,2,6,No
29,62625,7,7,17,2,3,Yes,4,3,No
54,144172,11,27,5,1,4,No,0,4,No
43,124793,4,25,48,4,2,No,3,6,No
48,152869,20,32,1,1,3,No,1,5,No
48,95134,5,15,42,3,2,No,4,6,No
37,95500,16,18,45,1,1,No,1,5,Yes
39,73460,5,7,2,3,1,No,1,5,No
57,102235,9,15,40,2,3,No,6,3,No
40,136391,15,21,16,3,1,Yes,2,4,No
33,80871,6,16,3,4,1,No,0,0,No
30,60961,7,12,38,2,2,Yes,3,5,Yes
48,57448,7,9,3,2,3,No,0,1,No
45,54790,9,13,23,4,1,No,1,1,No
52,103459,8,10,26,3,3,Yes,0,0,Yes
32,65489,2,14,37,3,3,Yes,5,0,Yes
52,161587,15,30,44,3,4,No,6,3,Yes
31,46704,4,13,40,4,1,Yes,4,5,No
57,136139,22,25,21,2,4,No,7,4,No
58,160880,35,35,49,1,2,Yes,2,0,No
57,18337,0,11,34,3,4,Yes,5,6,Yes
45,71129,2,16,12,4,4,Yes,7,3,No
46,80851,9,19,3,2,2,Yes,2,1,No
21,49105,0,4,13,1,3,Yes,8,6,Yes
56,24229,0,0,4,4,4,Yes,6,4,Yes
31,79609,3,10,23,2,2,No,2,2,No
26,61600,2,10,37,1,2,Yes,5,6,Yes
57,184502,3,26,1,1,2,No,3,5,No
40,32007,3,3,32,1,2,No,0,4,No
52,114930,2,31,25,2,2,No,5,4,No
26,19462,0,0,6,4,4,No,8,4,No
24,93854,3,7,24,1,2,No,1,3,No
34,26332,3,3,31,3,3,Yes,4,1,No
26,80292,7,8,30,3,1,No,8,5,No
45,116735,12,26,41,3,3,No,6,3,No
22,53847,0,6,15,2,2,No,5,0,No
38,97646,15,22,15,1,3,No,7,1,No
42,72400,3,9,18,2,2,No,7,2,No
49,69906,12,14,20,3,1,Yes,0,1,No
26,59482,2,6,35,1,2,Yes,5,0,Yes
57,36200,3,4,19,1,2,No,1,0,No
60,42708,3,7,18,4,3,Yes,5,2,No
54,46700,10,12,3,1,3,Yes,7,2,No
28,20441,1,3,49,1,3,Yes,5,6,Yes
27,45938,7,9,41,2,3,No,7,1,Yes
26,28395,1,1,26,2,4,No,6,6,No
25,19608,1,6,21,1,3,Yes,8,0,No
58,44153,3,5,31,1,4,Yes,1,5,No
32,97770,6,14,50,2,2,No,4,6,Yes
39,36272,4,9,39,1,2,No,3,0,No
51,111116,22,22,21,3,4,No,5,1,No
30,85481,3,12,1,4,4,No,5,0,No
41,134436,20,21,31,2,1,No,7,5,No
43,19510,1,1,42,4,4,No,7,6,No
49,133187,22,27,21,2,4,No,7,4,No
35,71298,3,17,39,2,4,No,3,6,No
56,168119,18,34,35,1,1,No,8,4,No
39,32794,1,1,45,1,1,No,3,1,No
50,120639,4,16,37,1,1,No,2,0,No
36,27832,0,0,26,4,1,No,8,3,No
58,181828,3,26,1,1,2,No,2,6,No
35,82666,9,18,9,2,3,No,1,2,No
30,79782,13,13,31,1,4,Yes,3,5,No
23,18000,4,5,12,1,1,No,7,4,No
58,125949,21,24,15,1,3,No,6,4,No
39,130113,12,19,39,3,2,No,6,4,No
39,47281,0,1,10,4,3,No,3,2,No
31,89386,10,12,43,2,3,No,6,5,No
44,20675,0,2,45,4,4,No,8,6,No
51,125989,0,19,36,1,3,Yes,1,4,No
27,61116,2,2,31,3,2,No,8,5,No
50,149540,16,33,33,2,3,No,6,3,No
30,73668,11,12,47,2,1,No,0,1,Yes
57,165479,21,28,50,1,1,Yes,2,2,Yes
22,18000,1,3,46,4,2,Yes,4,2,No
42,24998,0,0,8,3,3,No,5,4,No
49,23108,0,0,6,2,3,No,6,6,No
30,72649,4,11,27,4,3,No,1,4,Yes
21,18000,0,3,19,4,3,No,1,5,No
25,28642,2,6,35,2,2,No,0,5,Yes
27,72758,9,9,18,3,2,Yes,6,5,No
30,58623,9,12,37,1,3,No,8,6,No
26,56385,4,6,32,1,2,Yes,7,2,Yes
39,100847,6,22,18,1,2,Yes,3,2,No
59,116118,7,22,45,1,1,Yes,3,1,Yes
38,78935,6,19,24,3,1,Yes,1,0,No
59,163042,8,25,11,3,1,No,6,2,No
40,133252,16,22,13,3,3,Yes,4,3,Yes
53,18228,0,1,20,3,2,No,1,2,No
24,18564,3,5,24,4,2,No,0,5,No
25,18799,1,7,15,1,3,Yes,8,0,No
27,41390,6,7,35,3,2,Yes,5,3,Yes
50,19515,0,1,15,1,1,No,4,4,No
27,51465,5,12,34,4,1,No,5,5,No
52,159000,26,26,47,3,2,Yes,7,5,No
59,52207,2,2,1,2,3,No,3,6,No
28,37268,5,8,2,1,3,No,3,3,No
48,137033,22,25,20,2,4,No,8,4,No
26,63952,8,8,21,1,4,No,5,3,No
43,43785,4,8,12,2,4,No,8,5,No
49,64388,7,7,6,4,2,No,1,0,No
28,58586,0,10,20,3,2,No,7,2,No
48,18000,2,3,8,1,2,No,6,0,No
59,36586,0,0,19,4,3,No,2,0,No
52,106560,17,22,6,4,3,Yes,1,4,No
52,87792,11,18,11,2,2,No,6,6,No
55,149024,11,28,29,4,1,No,4,3,Yes
39,72108,3,13,47,1,2,No,8,6,No
47,122625,12,22,19,2,3,No,1,3,No
41,75629,7,11,28,4,1,No,2,0,No
28,38532,3,7,2,1,3,No,2,2,No
53,140135,13,24,47,2,1,No,0,4,No
33,108302,2,14,32,1,4,No,4,0,No
27,58487,1,3,27,4,3,No,7,5,No
51,72364,5,12,12,1,1,No,2,4,Yes
38,127457,16,16,39,2,1,No,2,5,No
24,52447,0,7,29,4,3,No,1,2,No
55,86310,2,8,45,1,3,No,3,1,No
39,58249,1,15,27,4,1,No,3,5,No
22,39636,1,5,27,4,1,No,6,6,No
58,49256,7,17,12,4,4,No,0,6,No
23,46695,3,5,38,3,1,No,5,3,No
41,151201,9,24,1,2,2,No,1,5,No
29,82923,7,9,37,3,3,No,4,2,No
50,69129,7,11,15,1,2,No,7,2,No
46,24963,0,1,10,3,4,No,7,4,No
53,134742,12,23,50,1,1,No,1,4,No
52,144028,7,25,36,1,1,No,7,2,Yes
50,93288,11,15,49,3,1,No,3,0,No
25,56439,8,9,25,2,1,No,1,3,Yes
39,47199,4,11,28,4,2,No,2,1,No
38,123789,10,17,35,4,1,Yes,1,4,No
53,89921,10,18,9,3,2,No,7,5,No
55,60211,5,12,42,1,1,Yes,7,6,Yes
33,102115,11,15,16,1,3,Yes,8,6,Yes
50,57509,2,5,40,2,2,No,3,4,No
37,67012,10,11,15,1,2,No,1,6,No
27,28046,4,5,45,4,2,No,6,5,No
47,53577,7,16,29,3,4,Yes,1,5,No
40,50118,4,5,24,2,3,No,0,4,No
24,71409,2,6,41,4,3,No,5,6,Yes
26,43389,0,6,33,4,3,No,3,4,No
35,105045,14,16,32,4,1,No,2,2,No
31,85764,6,16,2,4,1,No,1,0,No
28,55101,1,9,43,3,4,Yes,1,3,No
54,119615,17,31,27,2,2,Yes,1,6,No
33,70903,5,15,41,4,3,No,5,0,No
21,18000,2,3,50,4,1,No,3,3,No
27,48447,4,6,31,1,1,No,1,0,No
33,79446,6,9,40,4,1,Yes,1,2,No
49,73727,8,14,37,3,2,No,0,2,No
53,35302,2,3,19,1,1,No,8,5,Yes
57,36167,3,3,28,2,2,Yes,3,5,No
38,43904,2,5,31,1,3,No,6,3,No
56,29909,0,0,7,3,4,No,5,6,No
60,121197,16,21,6,3,3,Yes,3,5,No
51,128141,8,29,4,3,2,No,8,5,No
48,45907,3,3,14,1,4,Yes,0,4,No
51,31931,4,6,46,4,4,No,3,4,No
48,18594,0,0,37,1,2,No,7,5,Yes
51,118590,21,23,20,2,4,No,3,1,No
31,71961,4,14,45,4,3,No,1,1,No
58,123908,20,33,13,1,1,Yes,6,1,No
37,54370,2,11,2,3,4,Yes,0,1,No
28,73353,11,13,45,2,1,No,0,2,Yes
54,153357,24,31,39,3,1,No,6,0,No
59,53933,6,10,24,2,2,Yes,0,6,No
35,102096,5,18,15,4,2,Yes,3,3,No
27,57121,4,5,36,2,2,Yes,6,0,Yes
56,89977,14,24,22,3,4,Yes,2,6,No
44,96207,2,12,14,4,3,No,4,4,No
22,49583,0,3,41,2,2,Yes,0,5,No
57,151505,24,35,5,2,4,No,1,5,No
33,83916,5,15,46,4,2,Yes,4,3,No
34,93693,17,17,23,2,3,Yes,7,4,No
55,30954,2,3,42,3,4,No,4,5,No
44,154691,25,26,6,4,4,No,0,1,No
37,55984,8,11,6,3,1,No,2,3,No
59,75399,9,18,1,1,2,No,8,2,No
37,99105,7,21,39,3,4,No,5,1,No
41,99383,13,13,48,4,1,No,2,3,No
42,18213,0,0,25,1,4,No,8,4,No
59,68016,4,5,26,4,2,Yes,6,3,No
43,118898,10,26,5,2,4,Yes,4,4,No
51,80850,2,11,28,4,4,Yes,3,1,No
58,139033,23,33,7,2,4,No,1,6,No
43,64074,6,10,4,4,2,No,8,3,No
35,32129,5,11,47,4,1,No,6,5,No
48,18420,0,0,10,1,3,Yes,6,3,Yes
58,167231,31,35,23,2,1,No,6,5,No
49,62595,11,15,18,3,1,Yes,0,1,No
40,138408,5,22,45,4,3,No,4,6,Yes
33,68814,4,15,39,2,2,No,5,4,No
26,36938,5,6,11,4,3,Yes,7,2,No
30,90410,7,11,41,2,2,No,7,0,No
46,146099,23,24,21,1,3,Yes,4,2,No
30,49967,4,5,15,3,2,Yes,0,2,No
33,100012,16,18,4,2,2,No,4,2,No
51,98951,18,21,17,4,4,No,1,4,No
36,70225,9,16,37,4,1,No,7,3,No
45,71951,2,19,11,4,4,Yes,8,2,Yes
58,98837,6,10,18,2,1,No,1,1,No
56,82637,4,8,47,1,1,Yes,0,6,Yes
46,32226,6,10,41,1,2,Yes,1,6,No
49,18000,0,1,38,1,1,No,6,4,Yes
28,18504,5,9,24,3,3,No,4,4,No
21,41911,3,4,28,2,4,No,8,3,No
40,128491,8,21,21,2,4,No,1,6,No
47,74552,2,14,9,4,4,Yes,8,5,No
55,121601,20,24,24,1,1,No,0,6,No
57,199348,3,26,1,1,2,No,3,5,No
45,68952,3,13,11,2,3,No,7,4,No
55,155623,3,32,37,3,4,No,3,4,No
55,33470,7,8,12,4,4,No,7,6,No
33,71249,3,14,38,2,2,No,3,4,No
54,24499,0,0,5,1,3,Yes,7,3,No
37,111926,4,22,27,1,4,No,1,2,No
44,99665,6,12,49,2,1,No,5,2,No
50,167274,20,30,2,1,3,No,0,4,No
58,29878,0,0,1,4,2,No,7,1,No
36,102564,6,20,46,2,1,Yes,6,5,Yes
46,48168,0,2,16,2,1,No,7,6,Yes
50,129076,4,20,35,1,1,No,1,0,No
50,18000,0,2,24,3,4,Yes,4,5,No
55,121761,29,30,6,1,4,Yes,6,1,No
28,86666,2,10,14,1,4,Yes,1,6,Yes
60,60717,11,11,1,1,4,No,3,1,No
41,94521,8,22,16,2,3,Yes,4,1,No
24,103476,5,7,15,4,2,No,6,4,No
28,65804,8,8,29,1,1,No,7,3,Yes
53,132394,13,22,50,2,1,No,1,4,No
33,85723,0,12,28,1,2,No,4,1,Yes
37,112580,16,20,43,1,1,No,7,5,No
38,49332,0,2,22,4,3,No,5,3,No
40,42084,0,2,41,2,2,Yes,8,2,No
31,70811,0,12,22,3,4,No,8,0,No
54,153596,5,34,32,3,4,No,5,4,No
23,44132,1,5,14,2,4,No,8,3,Yes
24,61064,0,6,11,1,1,No,7,4,Yes
24,77543,7,7,29,3,1,No,8,6,No
21,47047,2,5,49,3,3,No,3,3,No
50,64937,5,9,48,1,2,No,0,0,Yes
33,49950,0,7,24,3,1,Yes,1,2,Yes
59,133415,2,23,9,3,2,No,8,2,No
44,68422,4,7,49,2,4,No,3,5,No
30,18000,0,1,25,1,2,No,6,3,No
25,33047,3,5,38,1,4,Yes,1,2,Yes
57,70203,6,17,31,1,2,No,5,5,No
37,30841,4,9,50,4,1,No,6,4,No
53,175423,25,26,43,4,2,No,5,4,No
51,134295,18,24,12,2,3,Yes,1,1,No
28,69844,0,6,19,4,4,No,6,0,No
30,57563,2,12,8,2,3,Yes,5,1,No
28,65926,4,9,15,1,4,Yes,6,6,No
33,58241,1,14,1,4,1,No,7,5,No
26,71003,1,10,20,4,3,No,1,0,No
52,124433,18,26,10,2,3,Yes,0,1,No
58,27524,0,0,9,3,3,No,8,2,No
21,29629,0,1,42,1,1,No,8,2,Yes
50,69891,7,13,49,3,4,Yes,4,1,No
55,64282,5,13,42,1,1,Yes,8,6,Yes
26,54790,3,8,24,2,4,No,5,2,No
48,110968,25,28,50,4,3,Yes,8,3,No
25,25676,0,6,31,2,1,Yes,2,0,Yes
27,28783,0,9,35,4,3,No,6,1,No
30,77640,3,4,26,2,3,No,7,0,No
43,130865,15,21,50,1,2,No,5,5,Yes
44,147687,6,23,42,3,4,Yes,3,1,No
59,113713,11,13,40,3,4,No,5,3,No
57,26610,0,0,7,3,3,No,7,3,No
24,43198,2,6,40,3,1,No,6,3,No
46,104164,7,19,35,1,3,No,0,2,No
36,65610,9,17,7,2,1,Yes,0,0,No
31,105867,9,14,25,3,4,No,2,1,No
27,50567,6,7,41,2,3,No,8,1,Yes
44,62028,2,6,15,4,2,No,6,4,No
39,53065,2,7,22,2,4,Yes,5,5,No
57,79004,4,11,38,3,3,No,2,6,No
33,68959,10,10,33,4,2,Yes,8,2,No
42,53842,0,11,24,4,1,No,8,4,No
47,18257,0,2,33,4,4,No,8,6,No
44,120679,17,28,18,2,4,Yes,1,6,No
36,36251,8,8,16,3,4,Yes,8,3,No
41,54649,3,10,42,4,3,No,3,3,No
40,99745,7,22,10,2,1,No,3,2,No
30,26140,6,12,3,1,1,No,1,4,Yes
60,88985,6,20,50,3,2,Yes,5,1,No
41,43915,4,4,36,2,4,No,1,5,No
39,59919,2,10,13,3,4,No,2,0,No
22,18000,0,3,46,4,2,Yes,4,1,No
57,94761,6,10,38,3,3,No,5,0,No
46,87946,13,18,18,3,3,No,4,3,Yes
33,73991,14,14,28,4,3,Yes,2,6,Yes
35,94966,4,17,34,4,2,No,0,2,No
27,59382,0,5,34,2,4,Yes,4,4,Yes
58,33267,0,2,18,1,1,No,3,6,No
57,64520,2,4,29,4,2,Yes,4,5,No
50,18021,0,0,30,3,2,Yes,8,5,No
30,51936,4,13,18,2,2,Yes,2,1,No
50,112008,17,28,21,3,3,No,2,6,No
51,90334,8,19,7,3,2,No,8,6,No
48,99150,4,19,40,2,2,No,3,4,No
21,31282,0,2,39,1,1,No,7,1,Yes
23,78949,4,6,24,2,3,Yes,5,3,No
55,60183,0,3,42,3,4,No,2,5,Yes
26,36637,7,8,35,3,3,Yes,7,3,Yes
59,86838,0,18,35,3,4,Yes,7,5,No
40,55429,6,13,46,3,2,Yes,1,6,Yes
23,23298,1,6,48,3,4,Yes,3,3,Yes
47,74289,1,6,25,2,3,Yes,0,4,No
47,114557,2,26,11,1,1,No,4,5,No
49,165345,11,33,50,2,3,No,2,6,No
29,62501,9,13,38,2,2,Yes,1,6,Yes
44,118830,7,20,32,1,1,No,1,2,No
58,98752,8,19,39,3,4,Yes,4,0,No
53,153139,31,31,12,1,4,No,8,4,No
40,61324,0,6,48,4,1,No,0,1,No
22,38136,2,5,40,4,1,No,2,4,Yes
45,131722,10,26,2,2,4,Yes,4,4,No
37,69291,14,16,17,4,3,No,0,4,No
49,21727,0,0,8,3,4,No,7,6,No
54,26575,0,0,5,2,4,Yes,7,3,No
52,116258,13,22,5,4,3,Yes,1,6,No
38,123084,1,20,4,3,1,No,4,1,No
32,27529,0,0,5,1,2,Yes,5,0,No
54,128800,19,23,26,3,4,No,3,4,No
30,47359,6,15,42,2,2,Yes,2,6,Yes
53,116920,27,30,24,3,2,No,2,4,No
38,96182,19,21,44,4,2,Yes,0,2,No
37,44086,2,2,26,4,1,Yes,7,1,No
58,154469,32,34,50,1,2,Yes,2,1,No
45,154973,25,27,12,4,4,No,1,0,No
43,104245,8,22,12,2,2,No,6,2,No
43,101136,6,6,32,1,3,No,6,6,No
42,67304,6,15,44,2,1,Yes,4,6,Yes
45,18454,2,5,18,4,3,Yes,2,4,No
39,78564,7,10,28,4,1,No,4,1,No
46,147374,2,19,17,1,3,No,3,2,No
24,18404,0,2,45,4,2,Yes,4,2,No
24,53597,1,5,11,4,2,Yes,8,2,No
53,39788,1,3,15,1,3,No,3,3,No
57,190275,5,31,40,4,1,No,2,3,No
30,69752,5,11,17,2,1,No,3,3,No
32,52226,4,11,14,2,3,No,7,3,No
36,18000,0,0,46,1,4,No,8,1,No
26,63885,2,4,32,3,4,No,8,5,No
56,158753,10,27,27,3,1,No,4,3,Yes
44,103983,7,12,50,2,1,No,7,3,No
25,28150,3,7,25,2,4,No,7,5,No
36,71846,5,18,45,2,3,No,5,0,No
44,123402,14,25,1,3,4,No,7,1,No
52,76602,4,15,12,2,2,No,7,2,No
52,18000,0,2,17,1,1,No,5,4,No
34,18200,1,1,38,4,2,Yes,6,0,No
60,126786,6,16,17,4,2,No,6,0,No
45,124685,17,29,15,2,4,Yes,2,6,No
22,26083,0,4,47,3,4,Yes,3,3,Yes
32,72431,13,13,13,1,3,No,1,1,No
51,18000,1,3,36,1,2,No,5,5,No
32,57188,14,14,40,3,2,No,4,0,No
30,85177,5,13,24,2,2,No,2,3,No
57,130808,18,30,44,2,3,Yes,1,3,Yes
46,144528,30,30,48,3,1,No,5,3,No
35,71543,14,21,24,4,1,No,4,5,Yes
30,81323,0,13,5,1,2,No,7,2,No
55,114851,13,26,25,3,4,No,5,6,No
25,57911,1,3,10,4,2,Yes,7,2,No
38,123365,1,20,4,3,1,No,2,0,No
28,62868,5,7,12,1,2,No,7,0,No
35,102727,2,18,31,4,4,Yes,4,1,No
41,116976,16,18,17,2,4,No,6,6,No
26,81672,4,9,17,1,1,No,2,4,No
56,132187,0,24,24,3,4,No,1,5,No
57,61550,1,1,42,3,4,No,2,6,Yes
57,112714,5,19,43,3,2,Yes,4,4,No
53,62796,10,10,43,2,1,No,0,1,Yes
31,85983,3,16,1,4,3,No,5,0,No
41,72725,5,16,23,3,1,Yes,0,0,No
41,86748,19,24,15,1,1,No,3,5,No
37,18091,0,0,26,4,4,No,0,2,No
21,50358,2,7,38,4,1,No,0,5,No
41,131061,21,21,31,2,1,No,6,4,No
49,78503,23,24,12,3,4,No,2,6,No
58,122526,8,21,41,1,1,Yes,4,1,Yes
52,84885,3,14,46,1,3,No,8,1,No
37,83349,15,15,12,3,1,No,0,3,No
38,109878,2,19,1,2,2,Yes,5,2,No
52,19604,0,3,37,1,1,No,6,4,Yes
60,130446,13,20,7,3,3,Yes,3,5,No
48,132184,8,27,22,4,3,Yes,2,6,No
41,54878,0,16,29,4,1,No,6,4,No
23,33410,3,4,35,4,4,No,4,5,No
23,35411,4,6,42,3,3,No,3,0,No
27,79394,3,9,50,4,4,No,6,3,Yes
55,188725,19,31,5,4,3,No,4,1,No
28,42905,1,6,33,4,3,No,4,6,No
50,80349,21,23,11,3,4,No,3,6,No
37,114868,14,16,23,1,1,Yes,4,6,No
54,106511,11,26,12,3,1,No,7,0,No
36,133145,13,18,42,3,2,No,6,6,No
37,18202,0,0,24,1,2,No,5,5,Yes
45,111095,1,19,3,4,4,Yes,5,0,No
47,127385,22,28,27,2,4,No,7,5,No
39,145152,3,20,18,2,2,Yes,5,1,No
52,124007,13,30,47,2,2,Yes,3,3,Yes
60,53333,1,13,6,2,4,No,7,5,No
59,26146,0,1,7,4,3,No,7,3,No
40,101527,6,22,13,2,1,No,1,2,No
39,102109,16,21,16,1,3,No,6,0,No
27,28823,1,10,50,4,1,Yes,6,0,Yes
34,21116,0,2,42,1,2,No,3,1,Yes
57,122164,21,24,23,1,1,No,0,5,No
49,175247,0,26,34,4,2,No,6,3,No
41,99000,13,15,49,4,1,No,2,4,No
40,88339,18,19,18,4,2,No,6,3,No
23,18000,0,5,21,4,3,No,2,5,No
57,92176,12,16,30,1,1,Yes,8,3,Yes
60,141070,10,25,27,1,1,Yes,6,2,Yes
37,26065,3,3,19,4,1,No,7,1,No
25,53467,1,8,32,1,4,Yes,8,1,No
44,111407,10,15,25,3,3,No,3,5,No
41,101647,15,22,24,1,1,Yes,8,1,Yes
42,57626,1,7,18,3,2,No,8,4,No
39,29742,4,8,50,4,1,No,5,4,No
54,149703,19,30,44,1,3,Yes,3,0,No
55,138485,13,20,49,2,1,No,2,5,No
54,18000,1,3,10,3,4,No,7,1,No
55,97719,10,11,20,4,2,Yes,8,2,No
39,55251,6,6,28,2,4,Yes,6,0,No
49,55954,12,13,11,1,4,No,2,3,Yes
46,21154,3,6,32,4,2,No,0,6,No
48,18049,0,0,11,1,2,Yes,6,3,Yes
30,49288,7,13,39,2,3,Yes,1,6,Yes
39,123016,7,21,22,2,4,No,2,5,No
42,78828,10,11,11,2,4,No,2,4,No
48,126788,7,28,6,4,2,No,4,2,No
60,18210,0,2,2,3,2,Yes,1,1,No
41,98562,4,22,43,2,3,No,4,3,No
56,61833,10,13,45,2,2,No,6,6,No
59,172795,5,26,1,1,1,No,3,6,No
53,168706,11,34,7,1,2,No,6,2,No
53,68429,4,9,28,4,4,Yes,2,2,No
57,58815,5,9,7,4,2,Yes,4,1,No
46,134967,0,28,14,1,1,No,1,5,No
52,19010,0,6,13,2,3,No,8,5,No
32,87164,3,13,14,4,1,No,8,1,No
34,71956,15,16,28,3,2,Yes,2,6,Yes
33,49088,4,11,15,2,3,No,8,3,No
47,18845,1,1,25,2,4,Yes,3,5,No
22,20262,3,3,49,3,3,No,4,4,No
21,39922,2,5,3,2,3,No,8,2,No
26,64434,0,8,40,4,3,No,4,6,Yes
48,99855,15,16,9,3,4,No,2,6,No
57,106445,9,15,40,2,3,No,5,3,No
47,84446,9,17,3,2,2,Yes,3,1,No
39,145252,3,21,22,2,2,Yes,7,1,No
52,111902,8,8,33,2,1,Yes,8,2,No
56,134141,14,27,25,2,3,No,8,5,No
41,63351,0,6,9,2,1,No,8,1,Yes
47,23959,0,0,9,2,4,No,7,4,No
35,82511,10,13,18,2,3,Yes,5,4,No
41,88178,15,17,12,1,2,No,0,6,No
27,49194,4,8,15,2,1,Yes,2,4,No
24,70270,5,6,25,2,3,Yes,6,4,No
31,77552,1,5,27,3,3,No,6,0,No
54,86833,1,6,42,2,2,Yes,4,2,Yes
51,68277,6,14,50,1,3,No,0,1,Yes
60,57939,3,11,5,2,4,No,8,4,No
54,105718,9,9,33,2,1,Yes,8,3,No
54,83693,11,22,12,3,2,No,7,5,No
55,101771,15,25,18,3,4,Yes,4,5,No
60,175770,11,27,33,1,4,Yes,8,2,No
28,79190,2,2,31,1,3,Yes,3,0,Yes
33,70838,11,14,41,4,2,No,6,5,No
50,106442,11,13,43,2,1,No,5,2,Yes
28,47230,0,11,26,3,3,No,6,0,No
39,28729,4,10,44,2,1,Yes,4,3,Yes
44,138738,0,24,7,1,4,No,2,5,No
59,130734,26,27,42,1,2,Yes,1,4,No
25,18653,0,5,23,4,2,No,0,6,No
54,102140,0,16,7,2,1,Yes,2,1,Yes
23,18000,1,5,27,3,3,Yes,3,3,No
41,64762,5,15,17,3,3,Yes,2,4,No
56,128811,30,30,4,1,4,Yes,6,2,No
45,113533,7,29,26,1,4,Yes,5,4,No
27,65159,1,9,37,1,2,Yes,6,4,Yes
24,43124,1,6,7,2,4,No,7,3,Yes
48,89621,9,18,45,2,2,No,6,2,No
27,60011,9,9,3,2,1,Yes,3,3,No
24,52173,5,9,45,1,2,No,4,2,Yes
47,133296,8,20,25,1,4,No,5,1,No
59,158479,4,24,28,2,2,Yes,1,6,Yes
40,29994,4,10,42,2,1,Yes,2,2,Yes
54,144931,20,24,45,2,2,No,6,1,No
48,70827,13,15,21,3,2,No,0,5,No
43,99973,12,22,12,1,2,No,6,3,No
27,18000,0,0,2,4,4,No,7,5,No
46,116336,27,28,50,4,4,Yes,8,2,No
45,85487,11,11,2,2,4,No,7,2,No
49,156779,10,23,9,3,3,No,4,6,No
53,183865,28,37,22,1,2,No,4,6,No
26,50318,3,6,48,1,3,Yes,0,6,Yes
23,49338,1,6,41,4,1,No,0,3,No
37,110459,14,19,21,1,1,Yes,4,6,No
29,64332,2,9,49,2,4,No,4,3,No
39,86942,8,22,40,3,4,Yes,8,4,No
45,62028,4,6,5,1,2,Yes,0,5,Yes
38,150106,2,22,22,2,2,Yes,5,1,No
28,56128,0,9,38,1,1,Yes,5,5,Yes
33,22225,1,3,26,3,1,No,6,3,Yes
57,82919,3,8,40,2,3,No,1,5,No
28,69795,3,9,24,4,2,No,1,1,No
58,171818,19,29,50,1,2,Yes,1,1,Yes
47,75992,9,13,35,1,1,Yes,3,4,No
59,97579,13,24,44,1,2,No,0,6,Yes
53,122964,12,23,50,3,1,No,0,4,No
41,130834,21,23,33,2,1,No,5,3,No
26,59088,7,9,20,1,4,No,5,2,No
37,99210,3,18,9,3,2,Yes,3,3,No
58,73326,2,9,20,4,2,No,5,5,No
33,89341,7,16,1,4,1,No,0,1,No
59,18000,0,2,1,3,2,Yes,2,1,No
50,114851,16,20,3,1,1,No,7,4,No
25,38293,6,7,7,1,4,Yes,0,0,No
25,43757,6,9,8,1,4,Yes,1,0,No
55,164971,6,33,31,3,4,No,4,3,No
41,24758,0,1,8,3,3,No,5,3,No
36,76083,9,14,18,2,3,Yes,5,4,No
38,97213,17,19,12,2,4,No,8,5,No
33,44215,4,7,45,4,2,No,4,0,No
50,93984,11,14,45,4,1,No,1,2,No
34,70488,0,16,11,1,2,Yes,6,0,Yes
52,134404,13,20,50,2,1,No,1,4,No
46,143217,2,19,16,1,4,No,3,2,No
31,75944,2,6,19,4,3,Yes,1,2,No
42,29200,0,2,30,1,3,No,7,5,No
21,59255,0,5,41,1,2,Yes,8,4,No
24,42799,1,7,37,1,1,No,4,3,Yes
54,81268,3,7,40,1,4,No,5,1,No
26,62576,8,9,1,2,1,Yes,2,3,No
23,49256,4,4,20,1,1,Yes,3,0,Yes
32,86174,2,16,43,4,4,No,2,0,Yes
35,71691,11,11,13,1,1,No,1,6,No
29,38662,2,4,10,4,3,No,6,1,No
52,43819,1,7,16,3,2,No,3,2,Yes
58,105690,4,19,43,4,3,Yes,5,4,No
52,58340,1,10,18,2,2,No,5,1,Yes
28,62984,4,8,47,2,4,No,4,4,No
28,55668,7,7,27,2,1,No,0,2,Yes
24,18892,0,5,26,3,3,Yes,2,4,No
25,64002,1,8,16,2,4,No,5,4,No
45,64729,2,6,15,2,1,No,8,3,Yes
21,48809,2,3,47,3,3,No,2,2,No
49,71857,6,11,49,3,2,No,6,4,No
55,46140,4,12,5,1,2,No,4,4,No
26,67845,1,8,20,4,4,No,5,0,No
33,35817,0,3,7,4,3,No,3,0,No
40,80911,7,10,27,4,1,No,5,1,No
42,52113,4,8,50,2,1,No,4,4,No
32,89713,0,15,1,1,3,Yes,1,5,No
38,87203,8,11,7,4,2,No,1,2,No
36,90970,15,17,25,2,3,Yes,4,3,No
40,129938,8,21,22,2,4,No,1,6,No
29,68595,4,7,46,2,4,No,4,3,No
51,111609,17,28,45,3,3,Yes,7,6,No
43,88764,12,13,9,1,2,Yes,1,0,Yes
41,32993,1,3,31,2,1,No,6,1,Yes
50,18000,0,2,26,3,2,Yes,6,5,No
54,106219,7,14,13,1,1,No,1,5,No
22,66790,2,5,44,2,1,Yes,5,0,Yes
33,86112,6,10,44,3,1,No,6,5,No
41,99019,7,19,15,2,1,No,1,2,No
33,58546,14,16,7,4,2,Yes,6,5,No
49,157036,20,29,38,1,2,No,2,1,Yes
54,40550,0,3,12,3,3,Yes,4,0,No
36,98210,5,18,34,4,2,No,2,1,No
38,32100,1,2,46,2,1,No,3,1,No
25,18000,3,4,10,3,3,No,5,2,No
26,59467,2,8,36,1,2,Yes,6,0,Yes
45,83414,12,12,6,2,4,No,7,3,No
41,102777,4,19,40,1,4,No,2,0,Yes
36,54387,3,10,1,3,4,Yes,2,2,No
26,65060,7,8,8,3,3,Yes,3,2,No
52,89450,6,12,27,3,3,Yes,0,0,Yes
29,18000,0,0,48,2,3,No,1,2,No
60,127289,20,26,13,1,3,No,6,4,No
43,95604,9,22,8,2,2,No,7,2,No
39,32797,0,2,25,1,3,No,6,4,No
36,65800,16,17,18,4,3,No,0,3,No
34,41867,9,9,49,2,2,Yes,6,4,No
51,92569,2,24,3,3,1,Yes,0,3,No
22,18000,3,4,28,4,1,Yes,3,0,No
47,129955,9,28,24,4,3,Yes,1,6,No
33,65395,13,15,7,1,3,No,0,1,No
22,28395,1,3,50,2,3,No,8,6,Yes
39,101601,2,20,45,1,4,No,2,3,No
31,80715,8,9,34,4,1,Yes,1,3,No
44,109033,8,27,26,1,4,Yes,5,6,No
34,83760,16,18,23,2,3,Yes,5,3,No
44,29674,5,5,39,2,1,No,6,6,Yes
41,44575,6,6,35,2,4,No,2,6,No
46,140016,12,28,30,2,4,Yes,3,4,No
28,76690,10,10,8,1,1,No,8,6,Yes
23,18000,0,3,21,4,4,No,2,5,No
58,49953,5,16,10,4,4,No,1,6,No
47,111895,27,28,34,4,1,No,7,5,No
26,57050,1,3,38,3,3,Yes,3,3,No
54,88577,10,17,40,1,1,No,8,2,Yes
34,84140,6,13,2,4,1,No,0,0,No
47,159105,7,26,46,1,3,No,5,4,No
45,94138,2,9,18,4,3,No,4,4,No
56,153003,1,30,36,1,1,Yes,6,0,No
48,139058,19,22,30,3,3,No,2,3,No
39,99019,10,23,32,3,4,Yes,6,3,No
44,130481,10,23,32,4,3,No,8,3,No
29,54301,5,13,8,1,3,No,4,2,Yes
54,77744,2,7,45,1,4,No,4,0,No
31,53336,11,11,15,1,4,No,4,2,No
43,113819,2,18,3,4,4,Yes,5,1,No
47,34188,4,4,3,2,3,No,0,4,No
44,126320,10,25,13,3,3,Yes,3,6,No
35,82227,6,16,15,2,1,No,3,2,No
30,35383,5,5,7,2,2,No,2,2,No
55,108343,22,26,41,1,2,No,6,1,Yes
40,76279,6,15,18,3,1,Yes,0,0,No
37,146939,17,21,13,4,1,Yes,3,3,No
23,66325,2,4,42,2,1,Yes,6,0,Yes
48,111824,29,30,45,4,3,Yes,8,4,No
46,93871,10,15,13,2,3,Yes,0,6,No
37,111834,13,15,31,2,4,Yes,5,0,No
40,123791,16,19,48,1,1,No,5,6,No
24,52769,0,6,22,4,3,No,1,3,No
47,105919,3,19,27,1,4,No,3,1,No
42,56776,4,11,44,3,3,No,1,4,No
30,70887,9,13,12,4,4,Yes,8,5,Yes
43,114443,14,24,16,4,4,Yes,4,1,No
53,70566,9,9,4,2,4,Yes,8,4,No
53,43138,5,10,37,4,4,Yes,4,4,No
26,62280,0,1,30,4,3,No,3,0,No
45,128446,10,26,3,2,4,Yes,5,4,No
50,32939,1,2,10,3,1,Yes,3,3,No
26,44870,1,7,31,4,3,No,5,5,No
41,45881,5,5,32,2,4,No,3,5,No
50,180725,11,33,36,2,2,Yes,5,2,Yes
22,57342,0,4,40,2,2,Yes,8,3,No
27,46048,2,6,33,4,3,No,4,4,No
39,73900,3,4,1,3,2,No,1,5,No
49,75380,14,15,47,2,3,Yes,2,0,Yes
30,104389,6,12,6,1,4,No,2,6,No
42,107433,12,15,25,2,3,No,2,6,No
23,24690,0,6,23,1,4,No,7,5,No
50,154898,21,31,20,2,4,No,8,3,No
55,30907,1,1,5,2,4,No,3,6,No
37,77631,13,19,22,4,1,No,3,4,Yes
31,77749,14,14,35,3,2,Yes,7,2,No
36,55601,3,12,1,3,4,Yes,0,2,No
24,91009,3,5,41,2,1,No,2,0,Yes
26,54368,5,8,35,2,1,No,3,4,No
56,69361,1,6,31,4,2,Yes,6,4,No
37,91722,18,20,13,3,1,No,3,4,No
58,86494,0,20,38,3,4,Yes,6,5,No
29,83454,0,8,33,3,2,No,5,3,No
24,20720,3,6,25,2,3,Yes,0,4,Yes
21,25577,1,2,10,3,4,No,6,5,No
48,18000,1,1,38,1,1,No,5,4,Yes
55,143483,11,28,4,1,4,No,0,4,No
41,75797,5,16,22,3,1,Yes,0,0,No
26,47466,3,9,50,2,3,No,3,0,No
44,153312,5,22,43,3,4,Yes,2,0,No
27,66647,9,9,12,4,4,Yes,8,5,Yes
50,84843,17,22,5,3,1,Yes,5,5,No
44,103362,2,20,13,4,2,Yes,6,4,No
51,47221,4,4,15,1,4,Yes,0,4,No
35,25936,1,2,29,4,1,No,8,3,No
47,89058,16,17,30,4,4,No,7,6,No
43,21589,0,0,42,4,4,No,8,5,No
41,39001,0,0,45,2,2,Yes,8,1,No
38,18000,0,0,24,1,3,No,5,4,Yes
58,101647,9,15,45,2,3,No,4,3,No
45,125774,14,24,40,2,4,No,6,1,No
59,47687,4,15,8,4,4,No,0,5,No
42,126997,14,25,32,4,3,No,5,1,No
52,165453,27,27,44,4,1,No,4,5,No
45,18097,3,3,46,2,2,No,0,6,No
34,80454,7,11,35,2,4,Yes,6,4,No
57,112403,5,20,6,1,2,No,2,1,No
59,39216,2,2,19,4,3,Yes,5,2,No
52,120623,22,22,20,2,4,No,4,1,No
27,42599,5,5,34,3,2,Yes,6,3,Yes
51,20277,0,5,38,1,1,No,5,4,Yes
39,33077,3,3,22,1,3,Yes,2,3,Yes
54,145634,1,23,28,3,4,No,2,6,No
58,106507,5,20,45,2,2,Yes,4,5,No
35,42224,3,5,32,2,2,No,0,5,No
41,118883,16,23,37,1,3,No,5,5,No
53,54411,8,9,48,3,1,No,0,5,Yes
52,101665,10,10,43,2,2,No,6,2,Yes
58,97096,5,18,27,4,4,Yes,2,6,Yes
22,41810,0,5,42,1,4,No,2,0,No
51,129008,18,26,12,2,3,Yes,0,1,No
37,46407,2,8,37,1,1,No,0,3,Yes
54,41121,0,0,9,3,3,Yes,3,1,No
57,129012,24,28,33,3,1,Yes,0,2,No
41,52771,3,5,26,2,3,No,0,5,No
27,48062,4,8,13,4,4,No,4,6,No
52,165665,1,26,35,4,2,No,6,2,No
24,49946,6,6,31,4,3,Yes,2,0,No
33,93729,0,17,33,3,4,Yes,4,0,No
26,53370,7,7,39,2,4,No,8,1,Yes
51,65485,10,14,47,2,1,No,0,0,Yes
21,18000,0,3,33,3,3,Yes,0,3,No
57,82815,0,16,34,3,3,Yes,8,6,No
45,113406,2,26,48,4,2,No,4,6,No
37,76243,6,8,1,4,1,No,2,6,No
59,107404,2,23,37,4,1,Yes,4,1,No
57,111797,5,19,43,3,2,Yes,4,5,No
39,28804,5,11,44,2,1,Yes,1,2,Yes
39,100269,19,20,44,4,2,Yes,0,1,No
45,73298,1,18,11,4,4,Yes,8,2,Yes
45,56009,0,11,24,4,1,No,7,3,No
60,129073,27,27,13,1,3,No,5,3,No
29,28982,0,0,27,3,4,No,6,6,No
50,152763,19,29,39,1,2,No,0,2,Yes
28,48430,2,9,42,4,3,Yes,3,4,No
45,162410,4,26,10,1,2,No,3,1,No
32,61956,13,14,42,3,2,No,3,0,No
29,25950,4,10,11,1,2,No,6,6,No
49,18515,2,3,42,3,2,No,4,3,Yes
24,39327,2,8,13,1,3,No,7,4,No
60,92618,3,18,3,1,2,No,3,3,No
42,93263,10,17,24,1,2,No,7,1,Yes
48,99808,13,25,17,2,1,Yes,7,3,Yes
49,65262,7,14,27,4,3,No,4,1,No
45,131209,13,24,36,2,4,No,6,2,No
41,18698,2,2,28,4,4,Yes,3,5,No
55,65640,15,15,33,3,4,No,3,5,No
51,148070,9,28,49,2,4,No,8,4,No
21,24899,3,3,31,2,2,No,4,6,No
59,18000,0,0,1,1,1,No,8,0,No
25,50674,3,3,14,1,1,Yes,1,2,Yes
40,97392,17,18,47,4,2,Yes,1,3,No
29,67608,0,12,18,4,4,No,8,0,No
51,129851,18,19,23,3,3,No,1,2,No
55,108497,24,24,45,1,2,No,5,1,Yes
23,21118,4,8,24,2,3,Yes,0,4,Yes
33,71275,12,16,4,2,2,No,3,0,No
39,115466,12,16,35,4,1,Yes,1,5,No
25,89362,3,8,40,1,1,No,3,2,Yes
60,161513,35,35,50,1,2,Yes,2,0,No
31,89040,3,14,5,1,1,No,8,1,No
45,59233,1,12,23,4,1,No,6,3,No
53,112606,10,15,6,4,3,No,0,4,No
58,99170,12,22,45,1,2,No,0,5,Yes
27,69120,2,10,25,2,2,Yes,1,1,Yes
49,74837,13,14,18,3,1,Yes,0,2,No
32,108603,8,14,27,3,3,No,0,0,No
32,108043,9,13,29,4,1,No,5,2,No
51,96356,3,9,16,3,3,Yes,8,0,No
38,129780,2,21,48,3,3,No,5,6,Yes
39,128349,0,24,12,3,1,Yes,4,2,No
55,84746,13,13,42,3,2,No,4,6,No
50,116785,16,30,19,3,2,No,1,5,No
25,44429,0,7,32,4,3,No,6,5,No
31,95206,1,13,34,2,4,No,5,0,No
28,28598,3,3,44,4,2,No,6,4,No
27,25262,7,7,14,4,4,No,6,5,No
52,47102,4,4,14,1,3,Yes,0,5,No
46,85442,6,14,47,2,3,No,2,6,No
39,132051,16,16,37,2,1,No,2,5,No
28,57461,7,8,27,2,2,Yes,4,0,Yes
26,18092,1,3,35,2,4,No,5,3,No
54,20575,4,5,50,4,1,No,5,3,Yes
46,157664,3,20,18,1,2,No,2,0,No
53,137848,21,26,24,3,1,Yes,5,4,No
22,47594,0,5,17,2,2,No,6,1,No
27,45729,4,8,30,1,2,Yes,2,4,Yes
56,138019,1,30,14,4,1,No,8,5,No
51,76633,7,12,32,3,2,No,1,0,No
40,128394,17,17,34,2,1,No,0,6,No
52,35752,1,4,17,1,3,No,2,2,No
29,107991,4,11,7,1,4,No,3,6,No
30,38202,10,10,47,3,2,Yes,5,4,No
54,49889,4,12,7,1,2,No,4,4,No
42,122284,14,25,48,4,2,No,5,3,No
50,153419,18,27,41,1,2,No,0,2,Yes
26,35008,2,7,16,4,3,Yes,8,3,No
46,104722,4,19,33,2,2,No,0,3,No
25,61719,6,10,4,2,1,Yes,3,3,No
58,27044,0,1,1,4,2,No,7,2,No
59,57679,6,7,36,2,1,No,1,0,No
57,144599,21,21,16,3,4,Yes,1,3,No
59,54016,4,5,34,2,1,No,0,1,No
23,45226,4,5,43,3,1,No,7,2,No
39,82793,0,12,44,4,4,No,4,1,No
33,45672,4,9,47,4,3,No,4,2,No
24,104420,5,5,17,3,2,No,7,5,No
60,136390,11,20,7,3,3,Yes,3,6,No
30,57663,0,11,26,4,3,Yes,0,5,No
37,85137,15,18,42,3,1,No,1,6,Yes
27,56733,8,9,26,3,2,Yes,6,0,Yes
22,24674,0,4,49,3,4,Yes,3,4,Yes
26,46638,5,9,11,4,3,No,4,4,No
46,44422,1,9,11,1,3,Yes,2,5,No
46,20383,4,6,30,4,2,No,1,6,No
27,18000,1,2,1,4,4,No,6,6,No
40,21215,2,6,8,3,3,Yes,4,3,No
40,115719,4,22,36,1,3,No,6,1,No
35,28671,0,0,7,1,4,Yes,5,4,No
58,110651,8,22,27,3,2,No,6,2,No
55,45396,0,4,23,4,3,Yes,4,5,Yes
48,53845,12,14,13,1,4,No,3,4,Yes
55,82984,12,12,37,3,2,No,2,6,No
42,18302,2,2,12,1,3,No,5,6,No
40,129851,4,20,49,3,3,No,4,5,Yes
30,73719,10,10,47,2,1,No,1,1,Yes
60,83840,6,13,25,3,2,No,3,2,No
50,131154,21,28,37,1,2,No,1,2,Yes
60,59855,9,13,1,1,4,No,3,0,No
40,78247,13,24,17,4,4,No,0,0,No
44,67949,4,5,5,1,3,Yes,0,4,Yes
49,143915,20,26,15,2,2,No,2,2,No
56,39349,4,4,7,1,4,Yes,7,1,No
24,25657,0,6,33,3,1,Yes,1,0,Yes
49,90641,23,23,14,3,4,No,4,6,No
39,43690,3,10,34,4,2,No,1,0,No
31,74507,3,13,40,3,2,Yes,4,2,Yes
60,109479,2,22,38,4,1,Yes,3,2,No
37,27478,0,0,30,4,2,Yes,5,1,Yes
32,75414,11,14,44,4,2,No,6,4,No
58,104603,11,11,28,2,2,No,5,6,No
21,48913,1,4,48,3,4,No,2,2,No
43,84122,0,21,39,4,4,No,4,6,No
44,90948,2,18,12,4,2,Yes,6,4,No
42,74447,3,14,38,3,3,No,2,5,No
41,44787,9,10,39,4,1,No,5,0,No
51,131115,14,27,49,2,2,Yes,2,3,Yes
39,60301,3,7,35,4,4,Yes,2,6,No
47,110552,27,30,47,4,3,Yes,8,2,No
34,21164,3,7,36,2,4,No,4,6,No
39,104679,1,15,17,2,1,Yes,4,2,No
48,75825,11,14,26,3,2,No,0,2,No
56,36527,0,5,45,3,3,Yes,8,4,Yes
48,19398,0,1,19,2,4,Yes,3,5,No
47,110365,27,29,49,4,3,Yes,8,4,No
47,94597,9,13,5,4,1,No,1,0,No
60,172819,3,27,3,1,2,No,2,6,No
38,116073,2,21,37,1,3,No,6,1,No
46,89389,16,18,29,4,4,No,8,5,No
46,101550,15,17,7,3,4,No,2,6,No
56,23650,0,0,8,4,4,Yes,6,2,Yes
54,95107,4,20,42,2,2,No,6,1,No
55,111193,9,13,8,1,1,No,1,3,No
25,55499,6,7,31,3,2,Yes,2,1,No
57,113383,18,30,42,2,3,Yes,0,3,Yes
42,161361,7,26,14,1,1,No,1,1,No
52,170409,14,33,41,2,1,No,1,1,No
51,129455,3,18,34,1,1,No,1,0,No
40,101101,2,20,28,1,4,No,1,4,No
27,44543,0,5,33,4,4,No,4,4,No
33,79660,0,5,35,4,2,No,6,1,No
44,67176,3,6,14,2,1,No,7,3,Yes
50,152727,20,30,18,2,4,No,6,3,No
39,26104,0,0,28,4,3,Yes,5,0,Yes
37,88264,5,17,2,1,4,No,1,4,No
52,18000,0,2,48,1,3,Yes,2,1,Yes
45,131012,6,22,40,2,4,Yes,2,0,No
24,45212,1,7,5,3,4,No,6,1,No
23,21324,1,1,26,4,2,No,3,5,No
29,102521,4,12,43,2,2,No,6,0,No
42,18000,2,3,28,4,4,Yes,2,5,No
39,43302,1,6,33,1,3,No,3,2,No
41,59447,1,16,27,4,1,No,3,5,No
49,18425,0,1,25,2,4,Yes,1,6,No
38,57838,16,16,19,4,3,No,0,3,No
27,56156,2,7,26,2,4,No,5,2,No
29,19270,2,2,48,3,3,No,0,1,No
51,120547,17,22,6,1,1,No,8,4,No
36,90278,6,22,15,3,1,No,3,2,No
33,75257,4,6,32,1,2,No,2,4,No
24,25717,1,4,45,2,1,No,1,6,No
38,108691,14,22,16,1,3,No,6,0,No
37,110938,2,20,34,4,4,Yes,3,2,No
51,90202,2,9,16,3,3,Yes,8,1,No
54,84549,13,13,45,4,2,No,5,5,No
59,144787,0,26,39,1,1,No,1,2,Yes
46,124602,16,27,17,2,4,Yes,2,6,No
51,130788,28,32,23,3,2,No,5,6,No
30,51378,12,13,15,1,4,No,5,1,No
49,57947,1,7,14,1,3,Yes,0,5,No
54,144840,32,33,15,1,4,No,8,1,No
52,90695,2,10,14,3,3,Yes,8,0,No
39,126983,11,20,42,3,2,No,6,4,No
52,32435,3,4,39,1,3,No,4,3,Yes
22,18939,0,6,22,4,3,No,2,6,No
39,102176,8,21,37,3,4,No,4,3,No
28,68694,4,10,7,1,4,Yes,1,5,No
50,172471,2,32,14,3,2,Yes,0,0,No
56,81871,1,17,44,1,2,Yes,5,1,Yes
51,93337,5,29,23,2,4,No,1,0,No
32,89750,2,12,2,4,4,No,5,1,No
26,52278,4,7,13,1,4,No,6,0,No
38,99651,10,19,23,1,3,No,3,5,No
58,76151,7,10,15,1,1,Yes,0,2,No
57,50803,4,6,29,3,1,No,4,5,No
49,29767,0,5,29,2,2,Yes,4,4,Yes
60,19018,0,0,1,1,1,No,8,0,No
43,61088,1,6,15,3,2,No,7,4,No
24,61675,2,6,45,2,1,Yes,7,1,Yes
23,74354,6,6,32,3,1,No,6,4,No
40,84069,1,16,35,2,2,Yes,5,3,No
60,113819,17,30,47,2,3,Yes,0,4,Yes
52,141032,19,27,23,3,1,Yes,4,3,No
47,18495,0,2,9,1,2,Yes,6,3,Yes
26,25580,0,9,24,3,1,No,8,5,No
42,89144,9,10,13,2,3,No,0,6,No
48,18495,0,4,29,2,1,Yes,7,3,Yes
55,96641,22,24,47,1,2,No,5,0,Yes
46,132981,0,17,28,1,2,No,0,4,No
42,61412,6,7,2,4,2,No,8,3,No
44,118055,1,26,45,4,2,No,3,5,No
60,146914,12,25,2,2,3,Yes,1,1,No
38,73034,5,11,15,2,1,No,7,5,No
59,124577,20,30,14,1,1,Yes,5,1,No
41,64360,2,6,39,4,4,Yes,3,5,No
54,65654,2,5,24,1,3,No,4,6,No
60,84178,13,14,14,4,1,Yes,1,5,No
57,18000,1,1,22,1,3,No,3,6,No
27,43075,1,3,25,4,1,No,0,4,No
56,149741,8,26,6,1,4,No,0,4,No
21,46221,3,5,34,3,1,No,0,6,No
26,29360,1,6,43,2,3,No,4,0,No
47,135426,8,30,7,4,2,No,3,1,No
23,56894,2,5,11,4,2,Yes,8,1,No
42,89542,11,12,9,2,4,No,1,5,No
56,34390,2,5,36,3,4,No,7,6,No
55,143350,10,25,3,1,4,No,1,3,No
41,78748,7,10,43,2,3,No,2,0,No
27,70216,9,9,12,2,4,No,1,3,No
43,70548,8,14,23,1,4,No,5,6,Yes
50,59276,3,7,4,3,4,Yes,0,3,No
23,56148,0,3,39,2,2,Yes,7,2,No
37,56302,2,10,1,3,4,Yes,0,1,No
46,61634,7,9,36,2,2,Yes,2,3,Yes
28,68975,10,10,29,1,1,No,7,4,Yes
21,21517,1,4,37,2,1,No,6,3,Yes
22,21237,4,6,47,1,2,Yes,0,6,No
30,47825,0,11,25,2,2,No,4,2,No
32,61279,9,13,44,2,2,Yes,1,5,Yes
23,53890,2,5,3,3,3,No,6,1,No
47,133192,22,24,19,4,2,No,3,3,No
59,31495,2,4,20,2,3,No,3,2,No
24,103448,6,7,19,4,1,No,7,4,No
35,88898,10,18,8,2,2,No,2,2,No
36,49481,0,1,24,4,3,No,4,3,No
51,99017,3,20,23,4,4,No,3,4,No
44,18000,2,4,29,3,2,Yes,5,2,No
38,133108,16,22,13,3,1,Yes,3,6,No
43,123891,4,24,46,4,3,No,1,5,No
49,56086,13,14,11,1,4,No,3,3,Yes
32,90268,5,15,11,4,4,No,5,6,No
21,34472,0,3,8,2,2,No,0,1,No
58,127278,4,21,21,3,4,No,8,4,No
45,18130,1,3,20,3,3,Yes,1,5,No
27,39686,1,8,12,1,3,No,7,3,No
40,71639,5,16,22,3,1,Yes,0,1,No
44,130413,23,28,35,3,3,No,3,6,No
31,55893,3,3,18,4,1,Yes,7,4,No
29,18000,1,2,40,3,3,Yes,6,6,Yes
47,107286,13,19,8,4,1,No,6,5,No
22,30739,0,6,17,2,4,Yes,5,1,No
40,81317,9,9,14,2,4,No,0,6,No
48,18000,0,0,23,2,4,Yes,3,6,No
50,143492,21,31,28,1,3,Yes,8,5,No
29,39597,1,6,2,2,3,No,1,2,No
35,85959,3,18,49,2,4,Yes,8,3,No
36,100047,17,18,11,3,1,No,6,4,No
33,68346,0,17,12,1,1,Yes,4,1,Yes
40,139012,18,20,48,1,2,No,6,2,No
46,156827,0,26,39,1,2,No,3,5,No
46,129359,25,25,38,4,3,No,2,6,No
26,42413,6,7,33,3,2,Yes,7,2,Yes
42,135194,14,29,47,1,4,No,1,1,Yes
58,34446,2,5,28,2,1,Yes,5,4,No
32,75929,8,11,35,4,1,Yes,0,2,No
30,60679,3,12,10,1,3,No,3,6,No
49,155677,21,31,19,2,4,No,7,3,No
49,68010,6,13,8,1,1,No,3,3,Yes
51,129521,0,21,34,1,3,Yes,0,3,No
35,90411,16,17,8,3,1,No,6,2,No
38,19457,0,1,24,4,4,No,0,1,No
31,64829,8,13,42,2,2,Yes,2,5,Yes
33,18000,0,0,42,1,4,Yes,5,2,No
46,80097,8,15,4,2,2,Yes,3,2,No
33,105770,10,14,33,3,1,No,4,1,No
47,137866,9,29,4,4,2,No,4,2,No
25,18000,0,3,33,2,4,No,4,2,No
34,86330,7,15,22,3,1,No,4,1,No
46,138252,6,31,4,4,2,No,5,2,No
45,96343,10,18,6,4,4,No,2,2,No
36,94165,6,15,49,2,3,Yes,7,4,No
50,18000,0,2,19,1,1,No,4,4,No
24,50467,6,7,16,1,1,Yes,3,1,Yes
55,96562,5,21,43,2,2,No,5,1,No
27,20792,6,11,13,1,3,No,1,5,Yes
36,26070,0,1,22,4,1,No,8,5,No
46,37114,2,4,3,3,4,No,1,5,No
38,91042,6,18,18,2,1,No,3,3,No
25,48498,4,5,8,2,3,No,4,6,No
28,56584,7,7,10,2,1,No,8,0,No
29,47194,4,8,27,2,3,No,6,1,No
47,92885,17,17,32,4,4,No,7,4,No
42,106945,11,22,11,1,2,No,7,4,No
57,89295,13,15,28,4,2,No,8,2,No
24,46261,5,6,14,2,4,No,8,4,No
47,174217,28,29,42,3,2,No,2,2,No
47,48336,0,1,49,3,2,Yes,4,2,Yes
57,85921,3,8,48,1,1,Yes,0,6,Yes
43,44120,0,11,7,4,4,No,1,3,No
21,19509,2,3,33,1,3,No,3,5,No
59,121418,11,19,8,3,3,Yes,3,5,No
42,116025,4,21,34,1,3,No,5,3,No
33,104841,6,15,19,2,4,No,4,2,No
46,107573,4,21,37,2,2,Yes,4,4,Yes
35,102132,2,17,34,3,4,Yes,3,1,No
33,85254,3,15,1,1,3,Yes,2,5,No
43,137205,24,24,33,2,2,Yes,6,1,No
42,108113,13,13,25,2,4,No,4,5,No
26,65263,1,10,27,1,1,Yes,0,2,Yes
24,70697,3,5,24,2,3,Yes,5,3,No
52,41162,3,7,17,3,2,No,5,0,Yes
59,134194,25,30,35,2,1,Yes,0,3,No
49,57559,14,15,14,1,4,No,4,3,Yes
22,19236,1,1,49,4,1,No,3,3,No
25,71185,7,7,20,4,3,No,5,1,No
52,117142,23,25,19,2,4,No,6,2,No
30,58739,10,12,36,1,3,No,8,6,No
48,42567,1,7,30,3,3,Yes,4,5,No
36,92729,2,15,50,2,4,Yes,7,5,No
29,61126,4,7,47,2,4,No,4,5,No
48,155642,3,17,20,1,2,No,3,0,No
56,37104,2,3,27,2,1,Yes,5,4,No
59,205000,6,31,44,4,1,Yes,8,2,Yes
31,67481,7,13,42,1,2,No,7,2,Yes
26,71839,2,7,18,2,2,No,1,4,No
41,35663,8,9,7,1,3,Yes,6,0,No
55,93398,10,13,19,4,2,Yes,8,2,No
58,121709,27,30,8,4,2,Yes,3,4,No
22,45846,0,5,13,2,2,No,6,0,No
26,41659,7,8,9,1,4,Yes,1,0,No
51,18187,0,0,19,1,2,No,5,4,No
45,102519,9,24,30,4,3,No,1,4,No
27,60234,3,8,25,1,2,Yes,1,1,No
44,129924,25,27,35,3,3,No,1,6,No
26,57558,8,11,18,1,2,Yes,2,4,No
58,130165,3,34,16,3,1,No,7,5,No
41,130061,15,21,32,2,3,No,5,6,No
60,18000,1,1,6,1,1,No,7,0,No
37,28655,2,2,19,4,2,No,6,1,No
48,67568,15,15,46,1,3,Yes,0,0,Yes
28,66379,8,11,20,3,1,No,5,2,No
24,52927,4,5,37,3,3,Yes,5,2,No
48,104420,13,25,17,2,1,Yes,6,2,Yes
23,42368,0,4,40,2,2,Yes,1,5,No
38,125508,16,19,13,3,1,Yes,2,3,No
30,56630,0,12,9,2,3,Yes,6,1,No
46,63501,7,9,35,2,2,Yes,2,2,Yes
31,76316,4,10,5,4,1,No,1,1,No
52,65398,3,7,33,4,2,Yes,0,4,Yes
59,63390,2,8,42,3,3,Yes,8,2,Yes
31,89742,4,15,42,4,4,No,2,0,Yes
50,90411,6,13,26,3,3,Yes,1,0,Yes
52,82460,11,18,33,3,2,No,6,4,No
25,39706,2,8,13,1,3,No,5,3,No
33,20446,4,4,36,2,4,No,4,5,No
21,41045,2,5,1,2,4,No,6,0,No
28,78148,6,10,17,3,2,No,3,6,No
27,61835,1,3,29,4,3,No,7,4,No
46,180092,26,28,43,3,2,No,2,2,No
34,85136,16,17,23,2,3,Yes,7,2,No
28,18000,1,1,50,2,3,No,2,1,No
34,57921,14,16,8,3,2,Yes,5,6,No
54,61094,0,10,23,3,2,No,6,2,Yes
52,157708,2,31,38,3,3,No,2,4,No
47,43226,0,9,14,2,3,Yes,2,3,No
23,56613,0,0,11,1,1,No,0,4,No
44,72138,2,15,27,2,1,No,6,4,Yes
30,18000,0,1,23,1,2,No,6,3,No
39,100903,16,21,15,1,3,No,6,0,No
37,19489,1,4,24,4,4,No,1,1,No
53,76615,12,22,45,1,1,Yes,4,3,No
48,44830,3,3,15,1,4,No,0,2,No
45,18000,0,1,24,3,3,Yes,2,3,No
41,66275,3,8,9,2,1,No,8,2,Yes
23,18000,1,5,21,4,3,No,2,5,No
33,41072,10,11,50,3,2,Yes,6,3,No
44,42459,5,9,32,2,2,No,2,3,No
39,113930,1,19,3,1,2,Yes,6,1,No
21,35452,1,6,27,4,1,No,5,6,No
24,19836,5,5,45,1,2,Yes,1,6,No
32,78879,0,13,32,1,2,No,4,0,Yes
49,43521,2,12,15,1,1,Yes,0,1,Yes
59,61922,10,10,4,1,4,No,2,1,No
58,36995,4,6,13,1,2,No,1,0,No
34,101520,1,13,13,1,2,No,3,4,No
47,143284,8,27,7,4,2,No,4,2,No
55,47414,1,3,19,4,3,Yes,3,5,Yes
43,92198,17,18,50,2,4,No,2,6,No
37,18348,0,0,26,4,4,No,2,0,No
29,50471,4,4,14,3,2,Yes,0,2,No
40,114789,1,15,14,2,2,No,8,2,No
55,172189,4,34,33,3,4,No,5,5,No
32,42309,6,12,30,3,3,No,8,4,No
33,22075,0,0,37,1,2,No,4,1,Yes
41,73718,7,14,44,2,2,No,2,2,Yes
40,94433,1,20,37,2,3,No,2,4,No
54,67576,1,20,16,4,2,No,1,0,No
25,91619,3,7,40,1,1,No,2,1,Yes
34,93974,2,18,49,1,4,Yes,6,3,No
36,42258,12,18,45,3,1,No,8,2,No
23,18250,1,6,6,1,2,No,4,6,No
23,47541,0,4,43,2,3,Yes,0,4,No
57,36565,2,5,27,2,1,Yes,4,5,No
42,128120,1,24,17,3,1,Yes,5,3,No
37,53551,7,9,29,4,4,Yes,8,0,No
31,86097,1,16,1,3,4,No,5,0,No
30,60834,0,13,7,2,2,Yes,8,1,No
29,49922,4,7,27,1,1,No,0,0,No
54,34079,1,1,49,1,4,No,5,2,No
57,137064,25,33,30,1,2,Yes,7,2,No
33,77133,6,13,12,4,1,No,7,1,No
41,103916,11,24,32,3,4,Yes,3,4,No
39,37018,4,6,41,1,2,No,5,1,No
46,41523,1,3,27,4,1,No,7,5,No
59,107786,9,22,24,3,1,No,5,2,No
25,55559,1,9,12,1,1,No,5,5,Yes
26,27951,0,9,44,2,3,No,3,0,No
46,129717,0,29,10,1,1,No,2,6,No
53,143443,8,25,41,1,1,No,7,3,Yes
21,48371,0,4,38,4,3,Yes,8,0,No
31,45508,0,9,26,3,2,No,4,2,No
60,56773,9,14,4,1,4,No,2,2,No
44,122607,6,26,41,2,3,Yes,1,0,Yes
60,148708,13,29,26,3,3,No,6,5,No
58,94547,5,19,44,1,4,No,5,4,No
26,76283,8,8,29,2,1,No,8,5,No
46,42008,3,12,12,1,3,Yes,4,5,No
21,43272,1,5,40,2,2,Yes,1,4,No
52,126789,18,26,16,2,3,Yes,2,1,No
48,72959,6,9,50,3,4,Yes,3,0,No
34,88490,13,16,19,1,1,Yes,4,5,No
40,19715,2,3,20,3,2,Yes,2,0,No
25,99274,6,7,22,1,2,No,1,1,No
39,85221,16,20,20,2,1,Yes,3,0,Yes
37,97202,13,14,40,4,4,No,1,5,No
23,50218,5,5,49,1,4,Yes,0,6,Yes
28,37154,2,7,5,1,4,No,2,3,No
37,74981,9,17,26,3,3,Yes,0,5,Yes
58,133833,23,23,11,3,4,Yes,2,3,No
30,87294,3,13,1,4,4,No,6,0,No
34,83725,0,12,32,1,2,No,5,0,Yes
50,123485,8,19,16,3,1,Yes,2,0,No
58,92291,3,18,24,4,4,Yes,1,5,Yes
43,18701,0,0,27,4,4,No,1,0,Yes
55,54099,5,11,50,1,3,No,0,1,No
50,155483,15,28,26,3,2,No,6,3,Yes
34,21392,0,4,28,3,2,Yes,1,1,Yes
41,31572,0,2,32,1,3,No,5,5,No
44,69516,9,22,4,4,4,No,0,3,No
30,62005,4,9,46,2,4,No,5,3,No
41,71892,3,13,35,3,3,No,3,4,No
33,72732,4,6,17,4,3,Yes,2,2,No
25,41915,8,8,6,2,3,Yes,1,0,No
46,151219,8,28,45,1,3,No,4,3,No
46,107728,7,30,21,2,4,Yes,4,6,No
57,96508,6,10,18,2,1,No,1,3,No
48,88058,17,20,2,3,1,Yes,4,5,No
22,26676,1,4,50,3,3,Yes,3,3,Yes
37,96544,6,17,36,4,2,No,0,0,No
53,18898,0,4,36,1,1,No,7,4,Yes
34,30425,0,1,7,1,4,Yes,5,3,No
58,96923,3,8,9,1,2,Yes,6,6,Yes
48,174715,0,34,9,3,3,Yes,0,0,No
44,121185,1,23,32,2,2,No,1,6,No
41,26338,0,0,8,3,2,No,5,4,No
40,125359,17,23,13,3,3,Yes,4,4,Yes
55,112938,11,24,36,4,3,No,4,3,No
57,23685,0,0,4,4,4,Yes,6,1,Yes
33,80886,7,13,31,2,4,Yes,8,3,No
26,29653,1,9,40,4,3,No,5,1,No
59,65353,9,9,1,1,4,No,4,2,No
40,95074,7,19,15,2,3,Yes,1,6,No
48,46407,2,11,16,1,2,Yes,1,1,Yes
28,73228,8,9,2,1,1,No,5,5,Yes
40,106983,5,16,17,1,4,Yes,1,5,No
25,91506,6,6,9,4,3,No,0,0,No
38,113334,13,22,38,2,4,Yes,7,5,No
23,46947,0,6,17,2,2,No,5,1,No
27,63222,2,8,4,4,1,No,4,1,No
49,106990,10,17,3,4,3,Yes,2,3,No
47,38424,4,4,1,1,3,No,0,3,No
52,146982,27,30,23,3,2,No,5,5,No
31,51987,5,14,17,2,2,Yes,2,2,No
32,46136,5,10,46,4,1,No,4,0,No
51,66655,1,7,29,4,2,Yes,2,4,Yes
43,21080,0,0,44,4,4,No,1,1,No
59,71977,8,16,46,2,3,No,3,1,No
26,22840,4,12,21,1,3,No,1,4,Yes
53,34689,0,1,49,1,4,No,7,1,No
58,165518,20,27,50,1,1,Yes,1,1,Yes
37,122883,7,15,23,4,3,No,0,3,No
49,157996,20,30,1,1,3,No,1,4,No
42,63308,3,8,43,2,4,No,4,5,No
32,25156,0,1,4,1,2,Yes,4,0,No
33,98775,1,15,34,1,4,No,5,1,No
44,85082,5,15,40,2,1,No,3,2,Yes
40,147608,5,23,22,1,1,Yes,7,0,No
25,58039,2,9,28,3,2,Yes,1,0,No
25,75285,6,7,30,4,1,No,7,4,No
21,34826,1,3,10,2,2,No,0,1,No
30,66675,0,11,38,1,1,Yes,7,4,Yes
40,55217,1,4,5,2,3,Yes,8,6,No
24,27349,0,4,42,2,3,Yes,0,4,No
52,39601,6,12,39,2,1,No,7,6,Yes
36,89109,2,16,1,1,4,No,1,4,No
49,118257,16,30,41,4,3,Yes,8,6,No
44,75981,0,16,27,2,1,No,7,3,Yes
50,100466,9,17,22,3,3,No,4,5,No
34,90903,16,16,25,2,3,Yes,6,2,No
33,53937,7,11,46,4,4,Yes,1,2,No
46,155315,7,28,44,1,3,No,5,3,No
41,69522,7,13,47,3,2,No,5,1,Yes
40,104075,2,18,3,1,2,Yes,5,1,No
36,103231,15,18,8,3,1,No,6,2,No
49,49065,3,10,13,1,2,Yes,0,2,Yes
60,77822,8,12,24,3,2,No,3,2,No
27,69274,9,9,16,3,2,Yes,7,5,No
29,25488,6,13,1,1,1,No,3,3,Yes
39,146251,1,21,23,4,2,Yes,3,5,No
38,94922,6,20,37,3,3,No,4,2,No
59,88770,2,9,39,2,3,No,1,6,No
31,76417,11,12,49,2,1,No,0,1,Yes
50,30962,5,6,42,4,4,No,3,4,No
22,47730,3,4,36,2,3,No,2,4,No
36,68075,8,12,13,1,1,No,0,5,No
44,137086,9,24,3,2,2,No,0,6,No
27,67764,3,9,24,4,2,No,1,1,No
27,84905,4,10,22,3,3,Yes,7,3,Yes
39,77160,5,9,27,4,1,No,4,1,No
37,32768,4,5,19,3,4,Yes,8,4,No
52,26913,1,1,45,2,4,No,2,3,No
22,27494,3,3,50,1,3,No,7,6,Yes
32,70657,12,12,22,1,4,Yes,0,6,No
55,43073,0,1,21,4,3,Yes,4,4,Yes
52,169766,12,35,44,2,1,No,0,0,No
41,117070,18,24,26,4,1,No,1,3,No
46,124926,11,24,38,2,3,No,6,1,No
29,26699,4,9,2,1,1,No,2,3,Yes
21,42461,4,4,10,2,2,No,4,3,No
46,73205,3,12,19,3,2,No,1,5,No
42,45681,4,5,35,2,3,No,3,6,No
34,109486,6,15,20,2,4,No,5,2,No
26,57558,2,8,13,2,1,No,6,5,Yes
51,162009,4,31,45,3,3,No,2,4,No
55,116508,29,29,31,2,4,No,1,5,No
27,53295,4,10,1,4,2,No,8,4,No
51,18000,0,1,19,1,1,No,4,4,No
45,130259,13,27,33,2,4,Yes,5,3,No
22,18295,2,4,50,4,1,No,2,3,No
57,114472,15,23,12,3,4,No,2,2,No
57,93577,9,20,39,3,4,Yes,4,0,No
56,39952,1,4,15,1,3,No,3,3,No
25,73620,4,7,23,2,3,Yes,6,3,No
55,150384,5,33,31,3,4,No,4,3,No
39,33418,0,0,2,1,4,No,3,4,Yes
37,64880,15,16,21,4,3,No,1,4,No
23,39828,1,5,13,2,4,No,7,2,Yes
52,60632,0,3,7,4,4,Yes,3,4,No
42,78744,4,17,47,2,2,No,3,1,Yes
43,89472,14,19,17,1,2,No,0,5,No
49,98292,10,10,43,2,1,No,5,3,Yes
39,117496,6,22,36,1,3,No,6,2,No
41,41708,6,7,38,2,4,No,3,6,No
60,71289,0,12,19,4,3,No,4,2,No
47,130862,9,27,6,3,2,No,4,2,No
52,172142,8,30,29,3,3,No,5,0,No
21,21269,3,3,34,2,3,No,3,6,No
56,70624,18,18,31,3,3,No,2,6,No
36,65525,3,14,42,1,3,No,1,3,No
43,93475,3,17,14,4,2,Yes,6,5,No
22,18923,1,5,29,2,2,Yes,1,4,No
54,19411,0,5,47,4,1,No,5,1,Yes
22,55919,0,1,38,3,2,Yes,8,3,No
30,69426,5,12,27,3,3,No,3,4,Yes
59,89192,4,18,46,1,4,No,5,4,No
28,18152,1,1,2,4,4,No,7,4,No
45,92373,13,18,20,3,3,No,6,5,Yes
21,27497,0,3,44,1,1,No,7,1,Yes
39,104448,9,20,25,2,3,No,2,6,No
27,35567,2,8,11,4,3,Yes,7,3,No
23,18306,0,6,9,3,4,Yes,8,4,Yes
54,161546,26,35,15,3,2,No,1,5,No
31,81765,1,4,24,3,3,No,7,0,No
36,89463,4,19,3,1,4,No,0,4,No
44,18000,0,4,49,2,2,No,0,3,No
58,88676,4,9,39,2,3,No,2,6,No
32,30120,1,1,38,1,1,No,4,3,No
34,51267,2,8,22,3,1,Yes,1,2,Yes
49,136388,8,27,22,4,3,Yes,1,5,No
55,18334,3,4,46,4,1,No,4,3,Yes
54,77250,5,22,23,3,1,No,7,1,No
42,120137,22,22,33,4,1,No,7,3,No
34,116774,14,18,22,2,1,Yes,0,5,No
35,18707,0,0,43,3,3,Yes,1,5,No
46,32371,1,2,35,2,3,No,5,4,No
53,62064,2,7,27,1,4,Yes,2,3,No
57,100283,4,17,23,4,4,Yes,3,5,Yes
57,89414,13,15,29,4,2,No,8,2,No
31,61528,0,0,39,1,1,No,5,4,Yes
21,44818,3,3,1,2,4,No,7,2,No
45,108098,3,19,9,4,4,Yes,7,2,No
36,100212,4,17,43,4,2,No,0,0,No
53,77316,6,15,50,1,3,No,6,0,No
52,118712,3,29,21,2,4,No,2,0,No
35,99521,3,17,36,4,2,No,0,1,No
52,18000,1,2,46,1,3,Yes,0,0,Yes
43,128817,13,25,47,4,1,No,5,3,No
34,69039,9,9,34,3,2,Yes,7,2,No
46,27908,1,1,26,3,1,No,6,6,No
48,83622,8,14,44,2,2,No,1,6,No
37,67126,0,9,50,3,4,Yes,3,5,No
52,70700,12,18,30,4,2,No,5,5,No
40,125403,4,23,33,1,3,No,5,0,No
23,30882,0,9,34,3,3,No,0,5,Yes
25,54358,5,7,46,1,2,Yes,8,1,Yes
39,41266,1,3,13,3,3,No,3,1,No
40,67084,8,9,43,1,3,No,5,0,No
33,83786,13,13,41,3,3,No,5,6,Yes
26,26697,0,9,28,3,1,No,8,4,No
24,53052,5,7,17,3,4,Yes,8,4,No
58,77292,9,14,1,2,1,No,8,5,No
54,123874,29,30,32,2,3,No,0,5,No
32,79482,0,12,34,1,2,No,3,0,Yes
27,47434,3,6,28,1,1,No,1,1,No
59,93932,4,18,46,1,4,No,5,4,No
29,69737,9,13,32,4,4,Yes,2,4,No
40,98872,2,21,38,2,3,No,4,3,No
46,116459,11,12,13,3,2,Yes,0,3,No
27,52785,0,10,27,1,4,Yes,7,0,No
39,81691,0,13,45,4,4,No,3,1,No
53,143328,20,25,48,2,1,No,5,0,No
38,34670,2,2,28,2,2,No,1,4,No
30,51075,0,11,4,2,3,No,6,5,No
34,94273,16,16,38,4,4,No,1,4,No
52,77570,7,12,36,3,2,No,0,2,No
38,43686,5,9,33,1,1,No,0,4,Yes
54,93967,16,17,37,3,3,No,3,0,No
53,18000,0,0,18,4,3,No,2,2,No
59,120645,8,22,47,1,1,Yes,3,1,Yes
40,103022,17,22,4,3,2,Yes,7,4,No
43,133695,6,17,30,4,3,No,8,4,No
44,108490,2,18,10,3,3,No,5,3,No
38,46810,0,3,11,4,3,No,2,2,No
39,80532,7,10,7,4,3,No,0,2,No
51,62463,8,14,27,4,3,No,1,0,No
22,49661,3,4,19,1,2,Yes,7,6,Yes
38,76375,5,12,35,2,2,Yes,6,2,Yes
39,87610,3,21,28,4,4,Yes,0,1,No
48,133709,7,19,24,1,4,No,4,1,No
34,40235,9,18,38,3,1,No,7,2,No
24,20972,0,6,12,2,4,No,1,0,No
39,117659,21,22,27,2,3,No,8,1,No
38,96659,15,18,21,1,1,No,6,2,No
46,33381,1,6,29,2,2,Yes,4,5,Yes
57,103912,15,24,47,3,1,No,8,5,No
35,91256,9,15,4,1,4,No,6,6,No
38,128417,14,20,43,3,2,No,4,4,No
24,49170,4,5,9,1,3,No,7,4,No
23,47251,1,5,18,2,2,No,5,1,No
56,112207,5,17,43,4,2,Yes,4,5,No
23,18510,2,6,47,4,2,No,4,5,No
41,125113,22,22,32,4,1,No,8,3,No
21,18972,1,2,35,3,2,Yes,0,2,No
60,94873,6,17,10,1,2,No,2,3,No
31,45409,0,12,7,2,3,No,5,3,No
32,74422,0,13,33,1,3,No,4,0,Yes
22,35949,1,5,18,2,4,Yes,6,0,No
39,78299,13,24,16,4,4,No,0,0,No
51,175326,1,26,34,4,2,No,6,3,No
21,18000,1,4,50,4,1,No,2,2,No
36,60332,2,17,27,2,3,No,2,2,No
31,53071,3,11,15,2,3,No,8,4,No
56,128559,2,31,16,4,1,No,7,6,No
60,25426,0,4,34,1,1,Yes,1,4,Yes
31,65246,14,15,45,2,4,Yes,0,6,No
39,87778,1,17,34,3,2,Yes,3,5,No
34,42195,2,9,41,4,1,No,5,0,No
31,52714,5,12,50,4,4,Yes,0,1,No
56,20071,3,7,15,2,1,Yes,0,0,No
45,103756,8,24,23,4,3,No,2,3,No
26,19125,2,4,24,4,2,No,0,5,No
21,31684,0,3,28,1,4,No,2,4,No
47,71240,6,14,11,2,3,No,7,3,No
37,56066,9,9,9,3,1,No,0,1,No
41,125155,2,23,35,2,1,No,2,6,No
37,96550,6,20,41,4,4,No,4,1,No
49,69853,17,20,1,3,1,Yes,5,4,No
56,18000,0,0,20,1,3,No,2,4,No
45,140906,25,25,33,2,2,Yes,6,0,No
26,43936,7,8,39,3,2,Yes,6,4,Yes
39,26448,5,10,45,2,1,Yes,4,2,Yes
49,92717,9,14,8,4,1,No,3,0,No
44,135957,11,23,32,4,3,No,7,2,No
37,74096,6,17,10,2,1,Yes,2,4,No
35,111602,13,18,33,4,1,No,0,3,No
39,88204,8,20,37,3,3,Yes,8,4,No
44,108627,29,29,47,4,3,Yes,7,3,No
26,66868,7,10,41,2,2,No,1,4,No
24,18000,1,6,7,3,4,Yes,7,4,Yes
22,43964,1,1,36,3,4,No,1,5,No
51,57370,8,16,30,4,3,No,1,1,No
51,122222,22,22,21,2,4,No,4,2,No
38,81246,1,14,42,4,4,No,5,1,No
21,35791,0,2,27,1,4,No,3,3,No
24,30335,1,5,27,3,4,Yes,6,6,No
21,18825,2,6,26,2,1,Yes,0,3,No
34,94439,4,16,29,4,3,Yes,5,5,No
41,63812,5,7,4,4,2,No,8,3,No
60,92685,4,17,7,1,2,No,2,4,No
53,110198,12,28,14,4,1,No,8,0,No
21,51068,0,3,14,2,2,No,4,1,No
22,44479,2,2,31,1,2,No,8,6,No
24,52177,2,8,12,1,4,No,5,1,No
36,110056,13,17,25,2,1,Yes,0,6,No
41,63713,0,7,8,2,1,No,8,2,Yes
48,102416,1,19,37,1,2,No,1,4,No
25,41415,7,7,48,4,1,Yes,3,3,Yes
60,53049,7,8,3,2,1,No,4,2,No
56,114634,27,31,24,3,2,No,2,3,No
23,18111,0,4,37,1,4,No,5,2,No
49,18657,0,0,18,2,4,Yes,3,6,No
50,165320,9,28,38,2,2,No,6,3,No
33,96337,5,16,25,4,3,Yes,4,3,No
53,150049,12,31,15,4,3,Yes,1,2,No
56,131322,25,32,32,2,1,Yes,0,4,No
59,23983,0,2,46,3,3,No,0,0,No
25,56929,4,7,17,1,1,No,7,6,Yes
21,50535,2,5,45,4,1,No,0,4,No
29,46272,0,11,4,1,1,Yes,6,4,Yes
58,120615,0,32,34,3,4,No,3,2,No
29,66912,10,14,12,4,4,Yes,8,6,Yes
30,49621,5,7,15,4,1,Yes,3,5,Yes
57,23437,1,1,5,4,4,Yes,8,1,Yes
30,18000,0,1,39,4,3,Yes,6,5,Yes
22,36738,2,3,26,4,1,No,6,6,No
51,96217,9,18,21,3,3,No,2,4,No
22,38998,4,4,41,3,2,No,3,0,No
28,54669,0,8,39,1,1,Yes,5,6,Yes
23,46819,3,4,24,2,2,Yes,5,6,Yes
30,18000,0,0,50,3,4,No,1,1,No
45,132696,13,31,19,2,4,Yes,5,3,Yes
50,112629,17,28,19,3,3,No,0,6,No
30,55851,8,10,48,4,4,Yes,2,0,No
51,19585,0,6,15,2,3,No,8,6,No
45,76146,14,18,15,3,3,No,6,4,Yes
26,19756,1,2,1,4,4,No,7,4,No
57,156252,24,35,9,1,2,No,0,0,No
29,71427,6,13,32,4,4,Yes,3,3,No
23,18000,6,6,20,4,3,No,2,4,No
30,108951,6,12,1,1,4,No,2,6,No
52,99241,2,9,19,3,3,Yes,8,0,No
37,78957,13,19,24,4,1,No,5,4,Yes
38,125481,1,20,39,2,1,No,8,5,Yes
57,22609,1,1,42,4,2,No,0,0,No
45,129638,25,27,26,2,2,No,5,5,No
39,28994,4,11,45,3,1,Yes,1,2,Yes
59,104775,4,23,36,4,1,Yes,6,1,No
56,92986,11,17,42,1,1,No,8,2,Yes
54,87191,7,8,38,3,2,No,8,3,No
21,47481,2,5,27,2,1,No,7,5,No
45,62720,1,8,25,2,4,Yes,2,6,Yes
51,56498,1,2,50,3,3,No,2,0,No
26,18000,6,9,28,3,3,No,3,4,No
53,77624,14,21,49,1,2,Yes,4,3,No
34,61625,7,14,10,4,2,No,0,5,No
31,69891,4,12,36,2,1,Yes,2,4,No
43,120027,22,22,32,4,1,No,8,3,No
58,50431,4,17,12,4,4,No,2,6,No
30,108808,6,12,12,4,1,No,4,0,No
49,164588,12,29,19,4,1,Yes,6,4,No
49,51298,5,5,31,4,4,No,0,2,No
34,75113,14,16,28,3,2,Yes,2,6,Yes
48,141472,12,32,15,2,4,Yes,6,4,Yes
40,109349,21,22,25,3,3,No,8,1,No
47,36821,3,4,4,2,4,No,2,4,No
57,135042,22,22,14,3,4,Yes,2,4,No
24,48639,4,4,10,2,3,No,5,5,No
26,83017,6,7,22,1,4,No,1,3,No
44,122248,2,18,30,1,2,No,1,4,No
27,41046,7,7,32,3,2,Yes,7,4,Yes
32,20521,0,2,39,1,2,No,2,2,Yes
54,118608,28,31,28,3,1,No,2,3,No
53,30820,6,6,8,4,4,No,8,4,No
31,21008,0,4,27,1,2,No,4,5,Yes
27,70130,3,9,10,1,4,Yes,8,6,No
50,101543,30,32,17,1,3,Yes,3,6,No
44,112066,5,25,45,1,2,Yes,0,1,Yes
29,104779,6,12,6,1,4,No,1,6,No
59,30880,0,0,1,4,2,No,5,1,No
45,138423,14,25,50,1,4,No,0,1,Yes
24,51288,1,6,47,3,1,No,0,4,No
48,111974,18,28,22,3,3,No,2,6,No
45,91719,0,18,41,4,4,No,3,4,No
52,41059,0,6,46,3,3,Yes,8,3,Yes
47,35290,4,4,3,2,4,No,1,4,No
30,63675,0,0,36,1,1,No,5,4,Yes
41,21906,0,0,48,4,4,No,2,0,No
28,60692,7,8,23,1,4,No,6,2,No
43,107656,3,22,37,1,4,No,4,1,Yes
39,86563,1,21,26,4,4,Yes,0,0,No
22,19276,3,6,50,4,3,No,1,5,No
60,52288,7,10,5,3,1,No,2,1,No
48,97501,3,17,39,2,2,No,1,5,No
24,45108,0,7,5,3,4,No,4,1,No
28,19060,10,12,35,1,2,No,1,2,No
32,58112,0,2,38,1,1,No,5,5,Yes
21,29795,0,2,41,1,1,No,7,1,Yes
22,38139,1,2,30,4,1,No,5,6,No
43,100347,6,22,40,1,3,No,2,0,Yes
25,42846,2,7,35,1,1,No,4,3,Yes
25,53888,6,7,30,2,2,Yes,1,0,No
51,103991,17,23,18,4,4,No,2,4,No
54,58224,9,10,41,2,1,No,0,0,Yes
23,18604,2,4,16,4,4,Yes,7,5,No
27,60418,4,4,8,2,1,No,7,0,No
21,45001,1,1,31,1,2,No,5,5,No
25,57155,5,9,29,1,1,Yes,6,0,No
57,111448,18,30,44,2,3,Yes,0,4,Yes
38,73592,9,17,21,3,3,Yes,0,4,Yes
56,141955,4,28,35,1,1,Yes,7,1,No
51,156355,10,27,38,2,2,No,6,3,No
33,58946,10,19,9,3,4,No,8,4,No
28,40270,3,3,12,3,3,No,3,2,No
43,124827,12,26,17,4,4,Yes,2,1,No
21,33760,0,1,27,1,4,No,1,4,No
24,21871,0,0,26,4,2,No,3,6,No
45,147930,17,28,46,1,2,No,2,1,No
27,18000,0,1,1,4,4,No,7,5,No
46,118305,14,29,21,2,4,Yes,2,6,No
52,113002,13,25,28,3,4,No,5,4,No
54,24009,0,1,2,1,4,Yes,8,4,No
59,81685,7,21,43,3,3,Yes,6,1,No
35,62471,4,13,47,1,3,No,1,4,No
52,85379,11,18,11,3,2,No,7,4,No
28,56525,1,9,38,2,4,Yes,3,2,No
42,122769,11,24,24,2,3,No,6,1,No
35,72698,5,17,46,2,3,No,5,1,No
41,82314,1,8,15,2,1,No,7,2,No
57,143760,22,24,20,2,4,No,7,4,No
52,66778,5,12,47,1,3,No,0,1,Yes
37,101596,9,21,12,3,4,No,4,6,No
27,34438,2,2,4,4,1,No,8,3,No
35,102572,15,19,29,2,2,Yes,1,4,No
35,90470,15,19,45,2,1,No,2,5,Yes
28,75775,5,12,17,2,2,No,1,3,No
59,96476,6,8,13,2,1,No,0,1,No
43,116053,1,22,32,3,2,No,1,5,No
47,114670,27,29,32,4,1,No,8,4,No
25,58404,3,4,34,2,4,Yes,6,6,Yes
47,115109,12,24,19,2,1,Yes,8,3,Yes
54,134951,9,27,30,4,1,No,2,4,Yes
33,95847,0,15,34,1,4,No,5,0,No
58,55934,3,10,7,4,2,Yes,5,0,No
43,110598,13,15,26,2,3,No,3,5,No
23,49694,4,5,33,2,3,No,2,5,No
46,81371,8,16,3,3,3,Yes,1,0,No
22,40987,0,0,44,4,3,Yes,8,4,No
21,18704,0,4,39,1,3,No,2,4,No
36,57506,10,15,8,2,1,Yes,0,0,No
37,41405,4,5,30,4,1,Yes,7,1,No
48,83407,7,12,20,2,2,No,5,1,No
39,62109,0,6,50,4,2,No,1,0,No
45,73347,14,14,46,2,2,Yes,0,1,Yes
28,58636,2,11,16,3,1,No,3,5,No
39,83492,2,12,38,1,1,Yes,2,4,Yes
24,75276,8,8,20,4,3,No,6,0,No
28,56518,0,0,39,1,1,No,6,6,Yes
25,52247,3,8,18,3,1,Yes,0,4,No
43,74085,4,4,37,4,3,Yes,1,1,No
47,145477,20,29,46,1,2,No,2,1,No
53,99777,15,20,36,3,3,No,3,1,No
34,74557,15,15,48,2,3,Yes,8,2,No
52,160568,9,32,32,4,2,No,7,6,No
58,128290,14,18,9,3,3,Yes,3,6,No
36,18000,2,2,44,1,4,No,7,2,No
47,97533,19,22,13,3,1,No,5,0,No
32,20952,3,5,37,2,4,No,3,6,No
51,129543,9,23,2,1,1,Yes,6,1,Yes
60,74620,6,9,16,1,1,Yes,0,2,No
50,126770,0,22,37,2,2,Yes,1,5,No
56,45572,1,13,9,1,3,No,5,3,No
58,89451,0,21,34,3,4,Yes,7,4,No
56,33320,3,4,40,3,4,No,5,6,No
51,107866,2,29,23,1,4,No,2,0,No
54,42849,4,13,8,1,2,No,5,5,No
51,65914,6,12,48,1,3,No,1,1,Yes
27,68938,4,12,8,1,4,Yes,0,5,No
48,101809,6,23,14,1,3,No,3,1,No
42,77327,8,15,19,1,4,No,1,4,No
24,18618,2,7,14,2,3,Yes,8,0,No
52,100565,8,18,22,2,2,No,3,5,No
36,100227,4,18,40,1,1,Yes,7,1,No
51,111491,6,13,25,3,3,Yes,0,0,Yes
33,98791,12,17,13,1,3,Yes,8,5,Yes
55,21018,3,7,14,2,1,Yes,1,1,No
50,116600,8,24,16,1,1,No,0,5,No
25,74328,0,7,39,3,4,No,1,3,No
21,41018,1,5,43,1,4,No,3,1,No
26,62681,0,8,2,4,1,No,5,0,No
34,106962,11,17,43,3,4,Yes,4,3,Yes
55,141940,27,28,9,3,1,Yes,8,4,No
54,48560,5,12,50,1,4,No,0,2,No
23,96330,7,7,12,4,3,No,0,0,No
47,124557,22,25,21,4,1,No,4,3,No
41,82887,7,10,42,2,3,No,4,0,No
52,130183,20,22,17,2,4,No,4,0,No
56,144418,26,33,5,1,4,No,0,6,No
48,42519,1,7,29,3,4,Yes,3,5,No
29,58612,2,9,40,3,4,Yes,1,2,No
35,94362,3,17,48,2,4,Yes,7,4,No
49,159389,19,31,22,2,4,No,8,3,No
57,69293,6,13,42,1,1,Yes,8,4,Yes
60,50747,9,9,43,4,2,Yes,7,4,No
23,46368,4,6,5,2,2,No,7,4,No
29,33501,4,9,47,4,1,Yes,5,0,Yes
47,144190,17,30,32,3,4,Yes,8,3,No
28,26316,2,8,43,2,3,No,5,0,No
32,73446,7,8,38,4,1,Yes,1,2,No
52,111983,2,29,24,2,4,No,2,0,No
33,56607,14,14,40,4,1,No,0,2,No
55,105745,11,28,17,3,1,No,6,1,No
59,108963,7,24,26,3,2,No,4,1,No
43,118883,1,24,34,4,2,No,7,4,No
33,88385,12,14,20,1,2,Yes,6,4,No
34,99188,2,14,36,4,3,No,3,1,No
42,119869,16,25,29,4,3,No,5,1,No
57,163808,23,35,9,1,2,No,0,0,No
58,142433,13,29,8,1,3,No,8,2,No
55,26970,0,0,12,3,4,No,4,0,No
45,160749,18,24,40,1,2,No,5,4,No
40,19079,0,0,31,2,1,No,7,5,Yes
52,147995,8,27,37,2,1,No,7,2,Yes
27,18652,0,3,41,3,3,Yes,5,5,Yes
31,74891,11,13,45,4,2,No,6,4,No
51,161035,10,28,32,3,3,No,6,0,No
32,67738,7,13,14,4,2,No,0,5,No
48,45651,0,10,12,1,3,Yes,1,3,No
35,23132,0,0,30,3,2,Yes,2,2,Yes
26,57470,1,10,37,1,1,Yes,6,4,Yes
39,85042,2,21,24,4,4,Yes,0,1,No
41,57739,4,10,47,3,2,No,0,4,No
57,18275,1,3,33,1,3,No,6,0,No
28,19176,0,6,27,4,1,No,1,6,No
43,94737,1,17,13,3,3,No,4,2,No
43,141890,24,25,10,1,2,No,6,5,Yes
54,63168,4,7,21,1,3,No,4,5,No
38,28932,0,1,27,4,3,Yes,6,2,Yes
30,47823,0,11,27,2,3,No,5,3,No
38,97443,9,15,26,1,2,No,7,1,Yes
53,121169,10,19,10,4,2,No,2,5,No
34,97277,5,17,38,4,2,No,1,1,No
60,94893,13,24,46,1,3,No,0,6,Yes
49,43748,1,8,31,3,4,Yes,4,6,No
24,64726,1,7,12,2,4,No,6,4,No
59,123748,0,33,32,3,4,No,3,2,No
57,164234,7,31,10,4,1,Yes,0,5,No
29,56425,0,9,21,4,3,Yes,0,6,No
39,56122,1,4,3,1,3,Yes,6,6,No
48,65686,12,15,17,3,1,Yes,0,3,No
46,107663,6,21,34,2,3,No,0,1,No
42,105779,13,17,34,3,1,Yes,8,3,No
50,87745,8,17,44,4,4,No,8,1,No
40,38930,6,9,9,1,4,Yes,6,0,No
45,124066,0,19,32,1,2,No,2,2,No
43,86343,16,17,50,2,4,No,0,6,No
46,18127,0,3,24,2,3,Yes,2,5,No
52,97440,2,19,21,3,3,No,6,6,No
48,138192,25,25,24,1,4,Yes,4,3,No
40,110023,17,21,7,3,2,Yes,6,4,No
51,90142,0,23,11,3,1,Yes,0,2,No
29,55748,4,11,44,4,2,Yes,4,4,No
31,21527,3,6,35,2,4,No,4,5,No
26,18000,4,9,28,3,3,No,4,4,No
27,57564,1,8,17,1,2,No,8,5,Yes
24,44091,3,6,6,3,1,No,7,0,Yes
28,45652,5,7,23,1,1,No,1,0,No
31,57361,0,0,40,1,1,No,5,3,Yes
22,37115,0,3,45,2,1,No,4,4,No
26,101748,6,7,17,4,2,No,7,5,No
50,74283,7,7,27,3,3,No,3,2,No
46,69941,1,14,21,3,2,No,2,5,No
21,18973,1,3,2,1,2,No,3,6,No
24,43378,3,7,3,3,1,No,7,0,Yes
58,92510,11,18,29,1,1,Yes,8,3,Yes
43,65772,12,22,9,4,4,No,1,3,No
55,46376,0,4,25,4,3,Yes,3,5,Yes
34,38149,12,16,40,3,1,No,8,2,No
38,52358,2,3,24,4,3,No,4,3,No
52,146867,19,27,50,2,1,No,5,0,No
43,139545,4,22,43,3,4,Yes,2,0,No
43,56812,3,7,4,3,2,No,8,2,No
21,29738,0,1,40,1,1,No,8,1,Yes
40,83160,9,13,32,2,3,No,6,5,Yes
51,55140,0,1,10,4,4,Yes,3,5,No
39,81753,4,22,21,4,4,Yes,0,0,No
54,103975,17,17,35,3,4,No,4,1,No
34,97788,0,14,32,1,4,No,5,0,No
26,63465,3,7,38,4,2,No,5,6,Yes
41,75171,5,8,41,3,3,No,2,0,No
43,45124,0,3,35,4,2,No,2,0,No
57,79603,7,8,16,2,1,Yes,0,1,No
57,174657,9,33,1,1,1,No,8,1,No
46,140482,14,26,2,4,2,No,4,5,No
56,143212,13,27,28,2,3,No,8,4,No
43,19900,0,0,46,4,4,No,1,0,No
48,18940,1,5,31,1,2,Yes,7,2,Yes
42,18241,0,0,30,2,4,Yes,6,4,No
48,107521,27,28,33,4,2,No,7,5,No
38,125328,7,14,23,3,3,No,0,2,No
29,70938,8,10,21,2,1,No,4,2,No
54,30136,8,8,8,4,3,No,8,5,No
38,28667,2,2,1,4,2,Yes,3,0,No
22,18287,2,2,26,4,1,Yes,3,0,No
24,45295,0,6,2,3,4,No,4,1,No
49,69279,11,16,16,3,1,Yes,1,1,No
40,121942,8,18,33,4,3,No,7,4,No
47,36690,0,1,50,3,3,No,3,2,No
27,54550,2,11,18,2,1,No,6,4,Yes
38,18000,0,1,25,4,4,No,1,1,No
47,142116,3,20,15,1,3,No,1,3,No
49,44417,14,14,2,4,4,No,7,5,No
27,78802,8,11,16,3,2,Yes,6,4,No
39,124300,15,22,10,1,1,No,5,6,Yes
56,107840,11,19,26,1,2,No,1,2,No
39,19202,0,0,45,1,3,No,8,0,No
48,97902,4,21,40,2,2,No,2,3,No
44,130964,13,26,33,2,4,Yes,3,3,No
51,139040,18,35,46,3,4,No,8,4,Yes
51,117139,2,30,24,2,2,No,5,4,No
27,29254,1,11,34,4,2,No,5,1,No
24,40673,3,3,1,3,1,Yes,4,2,No
47,149448,15,28,18,3,3,No,4,6,No
59,77314,2,10,11,4,2,No,2,5,No
53,18857,0,1,5,3,4,No,4,0,No
39,58628,3,8,1,3,4,Yes,5,4,No
46,74150,9,16,5,2,2,Yes,1,2,No
54,155100,26,28,48,4,2,Yes,6,6,No
32,92126,6,9,45,3,1,No,6,5,No
21,42848,1,1,3,2,4,No,8,1,No
48,147140,13,27,25,2,1,No,6,2,Yes
54,38116,1,2,13,3,3,Yes,3,0,No
56,24952,2,3,3,4,4,Yes,7,2,Yes
59,109422,9,22,25,3,2,No,3,1,No
60,96991,3,13,36,3,4,No,2,2,No
37,146415,16,18,13,3,1,Yes,2,4,No
31,56357,8,10,37,1,3,No,8,5,No
40,104691,10,17,42,4,4,No,2,1,No
39,104675,3,18,39,1,3,No,4,3,No
39,65517,5,8,43,1,3,No,7,0,No
32,32633,3,5,46,3,2,Yes,0,6,Yes
32,65211,0,16,39,2,3,Yes,4,1,Yes
23,96691,4,8,21,2,2,No,0,3,No
43,61758,5,8,4,4,2,No,8,2,No
45,137322,16,25,50,1,4,No,0,3,Yes
39,38838,0,0,50,1,2,Yes,8,3,No
24,27226,0,3,41,2,3,Yes,0,4,No
34,76545,11,16,5,1,2,No,3,1,No
21,38282,0,1,1,1,2,No,5,6,No
49,81112,8,14,37,3,2,No,0,2,No
46,38385,0,1,50,2,3,No,1,3,No
58,100459,10,12,26,2,2,No,5,6,No
36,108619,13,18,26,2,1,Yes,0,4,No
40,49190,7,7,36,4,1,No,5,0,No
27,21413,0,0,16,3,1,No,1,4,No
39,32480,0,2,42,1,1,No,4,2,No
56,100600,10,21,37,3,4,Yes,4,2,No
35,31050,3,8,50,4,1,No,6,4,No
47,129854,7,30,6,3,2,No,4,3,No
59,55707,5,5,33,2,1,No,0,0,No
41,57241,3,6,34,4,4,Yes,2,5,No
42,18000,2,4,31,2,2,Yes,7,1,No
44,101690,15,23,25,1,1,Yes,7,2,Yes
30,50754,1,10,23,4,3,Yes,0,6,No
40,128743,2,23,15,4,1,Yes,7,0,No
49,64914,11,14,16,2,2,Yes,1,3,No
24,51189,0,3,38,4,3,Yes,7,0,No
33,90875,6,16,28,4,3,Yes,5,4,No
49,110230,13,23,18,2,1,Yes,7,2,Yes
60,41990,4,9,26,1,4,Yes,1,5,No
52,154039,19,30,42,1,3,No,2,3,Yes
43,43723,5,6,13,2,3,No,8,5,No
57,131251,8,27,18,4,1,Yes,8,6,Yes
39,54984,11,12,6,3,2,No,2,4,No
36,88733,18,18,11,4,1,No,0,3,No
48,106741,15,24,19,2,1,Yes,6,2,Yes
31,53917,6,11,50,4,4,Yes,2,0,No
43,133391,12,25,46,3,1,No,6,3,No
59,154492,34,35,49,1,2,Yes,2,0,No
44,19454,1,1,29,1,4,No,8,5,No
37,90648,6,18,14,2,1,No,4,1,No
26,48817,1,5,14,1,4,No,6,0,No
44,64331,3,8,45,2,4,No,3,5,No
54,139604,7,26,40,1,2,No,8,4,Yes
49,69942,8,8,5,4,2,No,0,1,No
39,68735,6,8,41,1,3,No,5,1,No
56,31127,0,3,8,3,4,No,5,3,No
31,54617,7,11,50,4,4,Yes,1,3,No
45,105882,9,19,10,2,1,No,2,4,No
27,72537,9,9,15,3,2,Yes,7,4,No
26,56582,8,9,21,1,4,Yes,3,3,No
37,132868,0,20,1,3,2,No,5,0,No
21,18000,4,5,10,4,4,Yes,7,5,No
38,81066,10,22,38,3,4,Yes,8,3,No
51,18000,1,2,46,1,3,Yes,1,0,Yes
25,92390,4,8,39,1,1,No,2,1,Yes
50,80674,6,13,39,3,2,No,1,2,No
34,92457,4,18,35,4,2,No,0,1,No
56,89160,6,10,37,3,3,No,5,1,No
33,19046,4,6,34,2,1,No,4,3,Yes
21,39376,1,3,42,1,4,No,1,1,No
31,50243,4,11,14,2,3,No,7,3,No
39,94207,11,19,23,1,2,No,3,6,No
57,61474,6,12,43,1,1,Yes,7,6,Yes
54,96584,2,15,9,2,1,Yes,3,0,Yes
28,20552,1,1,49,1,3,Yes,5,4,Yes
53,47925,4,4,18,1,4,Yes,0,5,No
25,18106,5,6,19,2,3,No,4,3,No
26,59193,2,8,28,2,2,Yes,1,0,No
51,129877,8,24,2,1,1,Yes,4,1,Yes
52,60144,2,5,41,2,2,No,4,5,No
49,68411,6,9,5,4,2,No,0,1,No
33,22615,3,4,31,2,4,No,5,6,No
34,87303,8,13,12,4,4,No,4,6,No
24,100328,5,5,20,4,2,No,8,5,No
51,94670,17,22,19,4,4,No,2,4,No
29,69883,6,11,35,4,4,Yes,1,4,No
28,47614,5,12,29,1,2,Yes,3,5,Yes
58,111940,11,18,25,1,2,No,1,2,No
57,123614,17,31,43,3,3,Yes,1,3,Yes
44,124815,13,26,38,2,4,No,6,1,No
51,119087,14,23,4,4,3,Yes,3,5,No
28,69758,9,14,14,4,4,Yes,8,5,Yes
55,160747,4,33,33,3,4,No,5,4,No
60,24816,1,7,32,1,1,Yes,2,4,Yes
27,59806,0,7,22,2,2,No,8,6,Yes
52,64786,1,11,11,2,2,Yes,1,4,No
59,104453,8,10,27,2,2,No,6,6,No
60,73138,6,15,24,3,2,No,2,2,No
26,28492,0,8,39,2,3,No,0,4,Yes
59,51112,3,3,3,2,3,No,3,5,No
35,18000,0,1,40,3,2,Yes,7,0,No
43,88741,9,12,31,1,1,No,7,0,No
33,75909,4,16,31,1,2,No,5,3,No
51,139125,19,31,31,2,4,No,5,5,No
60,157167,9,27,10,3,1,No,5,1,No
30,78671,4,10,23,2,2,No,3,4,No
29,92078,1,5,38,3,2,No,6,2,No
52,18115,0,5,15,2,3,No,8,6,No
32,97286,7,14,50,2,2,No,4,6,Yes
26,51490,5,6,44,4,1,No,0,4,No
43,135590,15,25,3,3,3,No,7,0,No
57,34060,2,2,43,3,3,No,5,5,No
51,96279,16,19,20,2,2,No,6,3,No
45,100658,3,17,15,3,1,Yes,7,4,No
24,56378,3,6,35,3,3,Yes,5,3,No
47,36040,0,0,46,3,3,No,4,4,No
58,91726,11,18,30,1,1,Yes,8,3,Yes
54,116347,20,27,28,1,2,Yes,3,6,No
53,108937,10,24,41,4,2,No,6,4,No
29,67330,5,11,20,1,2,No,2,5,No
31,18000,1,1,22,1,2,No,5,3,No
31,61430,8,12,50,1,1,Yes,6,0,No
32,28282,0,2,42,2,2,Yes,5,4,Yes
57,166299,17,33,31,1,1,No,8,6,No
24,44625,3,5,39,3,1,No,7,3,No
26,39366,6,6,32,3,2,Yes,7,4,Yes
57,40665,2,3,4,1,4,Yes,8,2,No
50,65200,8,13,50,3,4,Yes,4,0,No
33,38638,2,5,44,3,1,Yes,1,5,No
47,63145,7,9,2,2,3,No,1,0,No
51,131077,17,20,27,3,3,No,0,3,No
45,53011,0,10,23,4,1,No,8,4,No
47,41375,0,10,50,2,2,Yes,6,0,No
44,109758,4,9,50,2,1,No,6,2,No
37,106855,15,19,31,4,1,No,0,1,No
21,42952,1,1,25,2,2,No,7,6,No
40,44154,6,6,36,2,4,No,2,5,No
52,164851,8,30,50,3,4,No,7,5,No
50,127962,19,20,25,3,3,No,2,2,No
28,36003,7,11,37,4,2,Yes,4,5,No
55,153206,26,32,37,3,1,No,6,0,No
54,141158,31,35,13,1,4,No,6,3,No
33,69824,2,15,42,4,4,Yes,5,0,Yes
58,123202,21,35,14,1,1,Yes,4,2,No
51,110813,11,25,37,4,1,No,3,2,No
43,41252,3,8,14,2,4,No,7,6,No
59,135929,2,24,9,3,2,No,8,3,No
26,37995,4,4,28,2,2,No,3,2,No
34,47157,1,9,23,3,1,Yes,0,2,Yes
43,108390,2,18,10,3,3,No,5,3,No
60,69328,1,11,18,4,4,No,6,4,No
49,136760,8,28,21,4,3,Yes,3,6,No
53,99143,15,17,43,3,4,No,3,0,No
59,137888,9,24,26,1,1,Yes,6,2,Yes
38,98969,6,20,41,3,4,No,3,2,No
27,47292,5,7,48,2,2,No,2,2,Yes
45,30369,4,4,36,2,1,No,5,6,Yes
55,156744,19,32,6,4,3,No,4,0,No
38,47707,0,2,13,4,3,No,4,2,No
31,50491,8,13,39,1,2,Yes,2,6,Yes
42,72397,6,8,43,2,2,No,2,1,No
30,88108,12,14,18,1,3,Yes,5,5,No
50,171471,1,32,13,3,2,Yes,0,0,No
57,91650,7,9,15,2,1,No,0,1,No
46,114353,4,29,24,2,4,Yes,5,4,No
38,95216,8,20,40,2,4,No,5,2,No
23,18036,4,4,32,4,1,Yes,3,0,No
40,102918,6,21,18,1,3,Yes,3,2,No
39,65454,6,10,34,1,3,No,4,0,No
43,130195,12,23,32,3,3,No,8,4,No
31,92551,5,15,49,2,2,No,5,6,Yes
26,18000,1,9,18,2,2,Yes,8,0,No
23,44033,5,5,20,1,3,No,6,0,No
36,99287,14,14,40,4,4,No,0,5,No
43,24066,0,1,7,2,3,No,7,4,No
47,18368,2,3,46,2,2,No,1,4,No
55,101463,0,16,9,3,1,Yes,3,0,Yes
34,89957,14,14,43,2,3,No,6,6,Yes
37,72262,5,5,1,3,1,No,1,4,No
21,44707,2,2,25,2,1,No,6,5,No
24,33119,3,5,26,3,3,Yes,6,5,No
44,75604,6,15,18,1,3,No,1,4,No
48,103797,9,13,11,4,1,No,2,0,No
47,137335,25,30,25,2,1,No,0,0,No
34,94905,9,17,4,1,4,No,6,6,No
24,25867,1,6,24,1,4,No,8,5,No
52,114264,6,17,33,1,1,No,2,0,No
32,83435,5,13,13,4,1,No,8,3,No
41,92967,1,16,17,3,2,No,4,0,No
39,94945,6,21,15,3,1,No,2,3,No
50,169436,26,27,42,4,2,No,5,4,No
57,91255,11,17,29,1,1,Yes,8,3,Yes
48,118660,4,29,27,1,4,Yes,5,6,No
54,50443,6,9,49,1,4,No,0,1,No
21,18000,0,3,49,4,2,Yes,4,4,No
25,56103,6,6,27,2,2,Yes,2,0,No
24,75646,4,5,25,1,4,Yes,6,2,No
32,47255,3,11,42,4,2,No,4,0,No
37,124010,5,17,26,3,3,No,0,2,No
34,73648,10,12,18,2,3,Yes,6,5,No
35,69158,0,17,10,1,2,Yes,5,0,Yes
42,129619,14,20,41,3,2,No,7,4,No
30,80550,14,14,29,1,3,Yes,4,5,No
39,54554,3,4,3,1,3,Yes,8,6,No
58,150921,10,28,3,2,4,Yes,1,0,No
25,63833,2,7,13,3,3,No,0,5,No
21,44837,3,3,34,2,3,No,4,4,No
36,57526,2,17,19,1,2,No,1,3,No
34,52510,12,14,38,1,1,No,2,2,No
49,72109,13,14,44,2,3,Yes,1,0,Yes
24,44959,4,4,8,2,3,No,8,3,No
60,34682,0,3,13,1,1,No,3,6,No
52,156233,16,33,46,3,4,No,7,3,Yes
43,127050,14,25,47,1,4,No,1,2,Yes
59,97874,5,10,21,2,1,No,1,0,No
57,122533,2,30,16,4,1,No,7,6,No
23,38959,1,5,40,4,1,No,4,6,Yes
39,84989,0,11,39,1,1,Yes,2,3,Yes
52,136204,6,25,35,1,1,No,8,2,Yes
58,87291,1,11,27,3,2,No,2,0,No
36,104440,1,17,10,3,2,Yes,3,2,No
50,139868,24,31,25,2,2,No,0,0,No
21,19128,3,4,50,4,1,No,3,3,No
51,18000,0,0,23,3,3,No,1,3,No
49,53032,6,6,31,3,4,No,0,3,No
51,33879,2,5,41,1,3,No,3,2,Yes
55,67691,17,18,33,3,4,No,3,5,No
53,110424,3,27,23,2,4,No,2,0,No
59,124410,18,31,44,2,3,Yes,2,3,Yes
31,45206,7,13,29,3,4,No,7,5,No
59,146323,13,27,11,1,2,No,6,0,No
36,117657,12,16,16,1,1,Yes,1,2,Yes
25,48895,2,6,49,1,3,Yes,0,6,Yes
39,103954,16,22,4,3,2,Yes,6,4,No
39,37565,0,0,47,2,2,Yes,8,2,No
39,122548,0,24,21,4,1,Yes,6,3,No
51,179325,13,33,9,1,3,No,7,0,No
39,18526,0,0,27,2,1,No,8,4,Yes
40,86719,6,11,36,2,3,No,4,5,Yes
55,70024,3,14,11,2,2,No,7,1,No
22,34688,1,3,28,4,1,No,5,6,No
38,76799,5,5,5,3,2,No,1,4,No
54,34475,1,1,47,1,4,No,5,2,No
39,30230,0,3,27,1,4,No,6,5,No
50,169485,12,34,46,2,3,No,2,6,No
50,69502,6,12,50,3,4,Yes,3,0,No
51,157850,15,32,47,3,4,No,7,2,Yes
44,42734,3,7,11,2,4,No,8,5,No
52,95573,18,22,18,4,4,No,3,4,No
52,76219,15,20,46,1,2,Yes,3,4,No
39,31215,4,5,28,1,2,No,1,4,No
58,87329,2,17,46,1,4,No,6,3,No
40,87863,2,20,35,2,2,Yes,2,3,No
25,19791,1,6,15,2,4,No,0,0,No
52,105607,9,10,30,2,1,Yes,7,1,No
47,104942,1,17,27,1,3,No,3,2,No
27,80149,10,10,27,3,3,Yes,2,5,No
40,143028,2,22,21,4,2,Yes,2,4,No
34,58759,14,16,10,3,2,Yes,5,6,No
52,39537,5,8,26,1,2,Yes,3,0,No
37,100414,10,20,23,1,3,No,2,6,No
60,59549,9,12,5,1,4,No,2,2,No
55,100181,10,11,11,1,2,No,3,4,No
28,76441,7,12,16,3,2,No,2,5,No
60,148086,14,27,7,1,2,No,7,0,No
51,177161,7,29,50,2,4,No,8,3,No
39,121331,8,21,22,2,4,No,2,5,No
35,83932,4,16,31,1,2,No,6,3,No
56,99880,9,12,18,4,3,Yes,8,2,No
38,81380,5,20,11,2,2,Yes,2,5,No
45,33180,6,11,46,1,2,Yes,0,6,No
46,127566,16,29,17,2,4,Yes,2,5,No
48,96673,7,16,40,2,2,No,7,2,No
54,36228,1,3,44,3,3,Yes,8,4,Yes
27,56871,6,10,10,1,4,No,4,5,No
37,99861,16,21,33,4,1,No,1,2,No
40,20751,4,5,9,3,3,Yes,4,3,No
37,115597,10,20,23,1,3,No,8,0,No
35,33359,0,2,2,1,4,No,2,6,Yes
38,114060,12,20,24,1,3,No,8,1,No
26,52622,3,7,18,2,1,Yes,1,3,No
37,18000,0,1,21,1,3,No,5,5,Yes
39,18000,0,2,28,4,4,No,0,1,No
29,58020,10,13,50,1,1,Yes,6,0,No
56,76728,5,8,48,1,1,Yes,0,6,Yes
54,120225,30,30,7,1,4,Yes,6,2,No
21,47664,0,3,10,1,2,Yes,8,5,Yes
34,23927,0,3,28,3,2,Yes,0,3,Yes
56,51437,6,10,49,1,4,No,0,1,No
59,109514,8,23,43,1,1,Yes,3,0,Yes
31,62554,0,1,36,1,1,No,5,3,Yes
37,89913,6,19,11,2,1,No,2,0,No
30,37239,1,4,8,4,3,No,6,2,No
35,61709,1,17,20,4,4,Yes,3,0,No
27,60962,5,5,8,3,1,No,7,1,No
25,67658,6,8,11,1,2,No,3,1,No
39,18000,0,0,29,4,4,No,0,1,No
58,45136,4,13,5,1,2,No,6,5,No
55,18000,1,1,22,1,4,No,4,6,No
48,145567,16,29,20,2,3,No,2,5,No
47,107039,20,22,13,3,1,No,3,1,No
31,20236,3,3,36,2,4,No,2,6,No
40,84558,1,22,27,3,4,Yes,1,1,No
47,145815,14,30,26,4,4,Yes,6,3,No
21,47425,1,5,39,4,3,Yes,8,0,No
48,18000,0,4,8,1,2,No,5,0,No
47,40631,2,3,27,4,1,No,7,4,No
54,105665,12,18,12,4,2,No,1,3,No
43,107727,18,21,16,2,4,No,4,5,No
46,22770,0,3,7,3,4,No,8,5,No
36,91486,3,17,49,2,4,Yes,7,5,No
48,129312,8,26,22,4,3,Yes,2,5,No
29,86268,6,12,38,2,2,No,5,0,No
43,97022,10,15,27,1,2,No,8,2,Yes
21,33710,2,2,6,2,2,No,0,2,No
51,160553,11,36,25,3,1,No,7,3,No
52,107869,10,17,9,4,2,No,0,3,No
42,58191,2,6,12,3,3,No,6,6,No
50,147906,12,31,20,4,1,Yes,8,5,No
38,125111,7,20,22,2,4,No,3,5,No
25,42344,7,7,8,1,4,Yes,2,0,No
55,190718,29,35,20,1,2,No,3,6,No
35,93549,5,17,37,4,2,No,0,1,No
58,102864,7,11,17,2,1,No,0,2,No
53,105961,0,18,4,2,1,Yes,2,0,Yes
56,37544,2,4,27,2,1,Yes,4,5,No
34,84892,8,17,40,3,4,No,7,6,No
32,82398,0,15,11,1,1,No,4,2,No
60,76803,5,13,24,3,2,No,2,2,No
43,156519,18,25,40,1,2,No,3,4,No
37,88182,16,17,1,4,3,No,4,6,No
50,79847,9,12,35,3,2,No,1,2,No
56,103551,12,20,23,1,1,No,1,2,No
58,145068,36,36,49,1,2,Yes,2,1,No
51,158253,16,33,49,4,4,No,8,4,Yes
45,118272,8,18,34,1,1,No,2,3,No
35,58053,8,17,10,3,4,No,8,4,No
25,58166,2,10,25,2,2,Yes,1,0,No
37,111966,13,19,32,3,4,Yes,4,0,No
26,28803,2,8,40,2,3,No,3,0,No
42,67178,5,15,49,3,1,Yes,5,6,Yes
44,104181,13,16,25,2,3,No,3,4,No
52,95428,11,12,43,2,1,No,6,3,Yes
40,29003,0,1,28,1,3,No,5,5,No
55,106700,11,23,39,3,4,Yes,4,2,No
34,37833,12,18,40,3,1,No,7,1,No
35,91814,14,14,41,4,4,No,1,5,No
34,18000,0,0,45,2,3,Yes,2,4,No
23,18887,0,3,50,4,2,Yes,4,2,No
54,80949,3,4,41,3,2,Yes,5,3,Yes
33,97139,6,15,13,4,4,No,5,6,No
45,85939,10,19,1,4,3,No,4,2,No
28,86704,10,10,5,1,1,No,7,6,Yes
33,47360,2,9,22,3,2,Yes,0,4,Yes
45,18000,1,4,24,3,3,Yes,2,5,No
56,28334,9,9,10,4,4,No,8,5,No
49,85119,2,16,13,4,3,No,6,5,No
50,75574,7,10,30,3,3,No,5,1,No
24,41806,0,6,11,2,4,No,7,2,Yes
38,18247,0,0,24,4,4,No,1,2,No
24,42147,4,6,4,3,1,No,7,0,Yes
55,19713,2,5,50,3,1,No,3,2,Yes
27,82155,7,9,2,4,4,Yes,3,0,No
57,82710,7,9,49,1,1,Yes,0,6,Yes
31,99245,11,13,33,3,1,No,3,3,No
24,58871,3,6,33,1,2,Yes,5,1,Yes
23,65625,5,5,29,3,4,No,0,6,No
33,98075,8,16,6,1,4,No,5,5,No
29,102054,4,15,14,4,1,No,4,0,No
33,90420,5,15,29,2,1,No,5,0,No
28,21891,6,10,18,1,3,No,2,5,Yes
28,54783,1,10,41,3,4,Yes,3,3,No
25,52707,2,10,45,1,3,Yes,0,0,Yes
24,32117,4,8,26,3,4,Yes,5,6,No
28,77463,0,10,2,2,4,Yes,4,0,Yes
50,118900,19,21,7,1,1,No,8,3,No
60,51274,6,10,24,2,2,Yes,0,6,No
35,96245,7,18,21,2,4,No,6,2,No
48,18543,2,2,41,2,2,No,4,2,Yes
47,18470,0,1,14,1,3,Yes,4,3,Yes
21,18349,3,3,50,4,3,No,1,6,No
59,52623,1,1,2,2,3,No,2,6,No
59,88287,12,21,42,1,2,No,0,6,Yes
39,92456,2,21,41,2,3,No,5,2,No
27,54765,3,9,47,2,3,Yes,0,0,Yes
46,146139,22,29,21,2,4,No,7,3,No
37,80396,8,11,8,3,2,No,0,1,No
28,59299,0,7,40,1,1,Yes,6,5,Yes
57,104340,12,13,24,3,2,No,5,5,No
52,121825,26,27,35,3,1,No,3,0,No
57,75457,7,14,43,3,3,No,3,1,No
40,101375,14,21,10,1,4,No,8,4,No
46,77701,11,13,38,1,1,Yes,2,6,Yes
35,109521,13,17,26,2,1,Yes,0,5,No
21,18000,2,2,47,2,4,No,4,1,No
27,45229,4,9,28,2,3,No,5,1,No
40,24854,0,0,11,2,4,No,5,5,No
59,96830,5,9,20,1,1,No,2,2,No
32,21914,3,5,36,2,4,No,2,6,No
22,18000,0,5,2,1,3,No,2,5,No
26,48010,1,10,28,3,3,No,6,1,No
43,67309,8,14,48,4,2,No,0,2,No
45,67502,2,6,28,3,4,Yes,2,6,Yes
48,134982,12,29,1,3,2,No,4,4,No
50,124777,0,22,32,1,2,Yes,0,4,No
38,97406,17,21,21,4,2,No,5,3,No
52,168784,8,29,27,4,3,No,5,0,No
60,133089,25,25,40,1,2,Yes,1,4,No
43,60317,9,10,18,4,4,No,1,1,No
54,101453,9,9,34,2,1,Yes,8,2,No
48,157311,1,27,30,4,1,No,4,4,No
53,151907,25,25,50,4,1,Yes,6,6,No
43,87888,18,27,21,1,1,No,2,5,No
39,134089,5,20,23,2,2,Yes,6,1,No
48,37204,3,4,6,2,4,No,1,4,No
54,103167,16,23,21,3,4,Yes,3,5,No
54,72601,3,14,5,2,2,No,6,1,No
52,32732,3,3,42,1,3,No,5,3,Yes
54,86397,14,20,48,1,3,Yes,3,3,No
53,148270,4,34,30,3,4,No,3,3,No
46,129982,10,25,4,2,4,Yes,5,4,No
39,20589,4,8,20,3,1,Yes,3,0,No
46,150358,25,27,32,2,2,Yes,7,0,No
44,78332,2,13,27,2,3,Yes,4,4,No
48,148381,23,29,1,1,2,No,1,5,No
40,83176,1,18,26,4,4,Yes,0,2,No
42,149420,16,24,40,1,2,No,3,3,No
59,179901,0,35,1,3,3,Yes,6,4,Yes
52,118202,14,23,8,3,4,Yes,2,6,No
54,78166,2,7,42,2,2,Yes,4,4,Yes
29,77516,3,10,14,2,2,No,3,4,No
43,64867,10,19,7,4,4,No,2,4,No
35,59117,6,6,27,4,4,Yes,7,2,No
57,138778,11,27,43,3,4,No,5,6,No
54,20007,1,4,49,4,1,No,4,2,Yes
36,89861,5,17,15,3,1,No,4,1,No
59,158493,13,27,9,1,1,No,8,3,No
39,75860,8,19,25,3,4,Yes,0,5,Yes
29,56502,1,10,40,3,4,Yes,3,3,No
27,46338,1,8,26,2,4,No,5,1,No
24,51888,5,5,31,4,2,Yes,4,0,No
44,141457,0,23,7,1,4,No,3,5,No
44,116126,13,24,41,3,3,No,8,3,No
32,82557,4,14,42,4,4,No,2,0,Yes
39,134011,5,19,50,4,3,No,5,6,Yes
53,59608,1,5,27,2,3,Yes,2,4,No
26,32593,0,0,7,2,3,No,6,0,No
31,72481,5,12,32,4,4,Yes,1,3,No
32,25836,0,0,45,2,2,Yes,4,4,Yes
24,39139,3,6,43,3,2,No,2,1,No
22,18104,4,4,50,4,3,No,1,6,No
44,105235,4,19,16,4,2,Yes,6,5,No
36,89014,2,18,30,1,2,No,6,3,No
57,110054,5,19,44,3,2,Yes,4,5,No
47,136591,25,26,20,1,3,Yes,3,2,No
39,107416,18,22,16,1,3,No,7,1,No
29,26002,6,11,5,1,1,No,2,3,Yes
52,117485,2,31,22,2,4,No,2,1,No
57,190860,3,25,1,1,2,No,4,6,No
59,45661,8,8,39,4,2,Yes,8,4,No
39,107594,16,21,12,1,3,No,6,1,No
43,119090,14,20,50,1,2,No,6,6,Yes
30,93502,2,13,45,2,2,No,2,6,No
55,192560,16,36,26,2,4,Yes,5,2,Yes
25,64418,6,6,13,1,3,No,5,2,No
53,103647,21,27,42,1,2,No,6,1,Yes
36,87893,10,11,17,2,2,Yes,5,3,No
39,138032,14,19,41,3,3,No,5,4,No
25,32091,5,7,2,4,3,No,1,5,No
48,94104,8,13,3,4,1,No,3,0,No
39,139931,4,20,49,4,3,No,5,5,Yes
50,83540,21,25,11,3,4,No,2,6,No
60,138994,12,19,5,3,3,Yes,3,6,No
42,134067,11,24,36,4,3,No,8,3,No
25,62544,6,7,8,2,3,Yes,3,2,No
55,108538,6,14,12,1,1,No,1,5,No
28,67448,0,8,27,1,1,Yes,0,2,Yes
58,27558,0,0,7,3,3,No,8,3,No
47,45407,2,10,48,2,4,Yes,6,0,No
23,43755,3,3,41,3,2,No,3,0,No
49,18074,0,0,8,1,2,Yes,5,2,Yes
37,102523,2,18,37,1,1,Yes,8,1,No
33,90964,0,14,33,4,3,No,5,1,No
26,58941,0,0,32,4,2,No,1,1,No
50,76597,6,12,33,3,2,No,0,2,No
39,23319,5,6,18,3,1,Yes,3,0,No
33,65856,12,15,22,1,3,Yes,0,6,No
46,114632,7,28,22,1,4,Yes,5,6,No
36,53606,3,11,2,3,4,Yes,0,2,No
28,26220,0,11,22,4,1,No,8,4,No
58,78203,6,9,13,1,1,Yes,0,2,No
54,151743,10,30,32,4,1,No,3,3,Yes
24,44121,1,4,25,4,1,No,0,3,No
22,51921,0,4,11,1,3,Yes,7,4,Yes
39,89480,14,15,6,4,1,Yes,0,6,No
29,74316,7,12,7,4,1,No,0,1,No
35,57304,0,9,49,2,4,Yes,4,5,No
43,98553,14,23,24,1,1,Yes,8,2,Yes
53,36311,2,5,22,1,1,No,8,3,Yes
57,167771,18,34,7,4,2,No,2,1,No
36,53809,0,9,2,4,4,Yes,0,0,No
47,109211,18,21,14,3,1,No,3,0,No
26,18000,6,9,7,4,1,No,7,6,Yes
22,42448,5,5,34,2,3,Yes,2,3,Yes
44,128514,23,27,11,1,2,No,5,4,Yes
26,81287,3,7,49,4,4,No,4,5,Yes
26,80368,6,6,32,3,1,No,7,5,No
58,86461,13,15,27,4,2,No,7,0,No
53,81008,2,6,42,1,4,No,4,0,No
25,38109,7,7,49,4,1,Yes,3,3,Yes
25,71272,7,8,19,4,3,No,5,1,No
42,18000,3,3,30,2,2,Yes,6,2,No
32,56328,2,12,14,2,3,No,7,3,No
34,71870,1,14,17,1,1,Yes,7,3,No
47,156409,7,29,42,1,3,No,4,3,No
44,75334,4,14,26,2,4,Yes,6,4,No
43,113974,11,20,29,4,1,Yes,8,3,No
45,162030,4,27,7,1,2,No,2,1,No
57,125359,20,22,26,1,2,No,1,5,No
54,47391,3,11,35,4,4,Yes,6,4,No
52,184454,11,33,42,2,1,No,2,0,No
44,152811,24,25,7,4,4,No,0,1,No
36,97762,15,15,42,4,4,No,1,4,No
25,71426,4,7,18,1,1,No,3,4,No
32,85548,3,12,3,4,4,No,4,0,No
59,107674,4,23,38,4,1,Yes,6,2,No
41,141365,11,25,21,3,3,No,5,2,No
50,32195,4,5,38,1,3,No,4,3,Yes
36,29048,0,2,7,1,4,Yes,7,4,No
26,18000,4,4,12,3,3,No,5,1,No
60,181569,0,35,2,3,3,Yes,7,4,Yes
42,133142,3,24,16,4,1,Yes,8,2,No
60,153443,15,31,21,3,2,No,4,6,No
42,76814,9,9,14,2,4,No,2,4,No
50,30325,1,1,6,3,1,Yes,4,5,No
23,26052,0,4,16,4,4,No,7,5,No
24,29525,0,5,31,2,3,No,4,6,No
38,101662,8,21,41,3,4,No,4,2,No
47,112200,28,28,47,4,3,Yes,8,3,No
23,64358,5,7,7,2,3,Yes,4,2,No
21,43468,2,6,26,1,2,No,7,6,No
24,42271,2,2,23,3,1,No,4,2,Yes
28,71895,1,9,39,3,3,No,3,3,No
51,101050,17,24,19,4,4,No,1,4,No
26,74882,2,8,18,1,1,No,4,3,No
54,18000,0,3,15,2,1,No,4,3,No
42,64539,5,16,42,2,1,Yes,4,6,Yes
33,104223,0,14,7,1,2,No,1,4,No
33,47765,1,10,18,3,1,Yes,0,3,Yes
26,40585,3,9,11,2,2,Yes,6,6,Yes
34,42356,1,5,22,4,1,Yes,1,4,Yes
55,46217,0,3,24,4,2,Yes,5,5,Yes
21,50601,1,6,36,2,1,No,0,6,No
47,44562,2,9,47,2,3,Yes,6,0,No
25,65487,6,9,42,2,2,No,1,3,No
47,33965,0,4,30,2,3,Yes,6,4,Yes
44,134258,24,26,10,1,2,No,6,5,Yes
60,52649,7,8,5,2,1,No,2,2,No
46,137697,16,26,49,2,4,No,1,0,Yes
59,64602,2,9,22,4,3,No,6,5,No
31,84731,12,14,32,1,4,Yes,5,5,No
52,67195,4,11,48,1,4,No,0,1,Yes
23,52489,0,5,17,2,2,No,5,1,No
58,119755,7,24,45,1,1,Yes,2,2,Yes
26,26529,2,5,48,2,1,No,1,6,No
31,85631,0,14,12,1,1,No,4,1,No
35,41186,9,9,47,3,2,Yes,7,3,No
59,170019,3,27,1,1,2,No,2,6,No
53,18000,1,2,37,1,2,No,4,5,No
32,54399,8,14,46,4,4,Yes,0,0,No
24,31571,2,4,15,1,4,Yes,6,0,No
51,119694,14,30,48,2,2,Yes,2,2,Yes
27,69686,5,9,6,1,4,Yes,1,5,No
56,29264,1,2,7,2,4,No,3,5,No
26,26829,1,9,26,3,1,No,7,5,No
25,32102,4,7,14,4,3,Yes,7,2,No
26,39702,2,8,8,2,2,Yes,5,6,Yes
47,75615,2,13,21,3,2,No,0,6,No
38,49796,0,6,20,4,3,No,3,2,No
26,64409,7,8,11,1,3,No,4,2,No
21,20519,3,6,50,3,3,No,3,5,No
32,49767,7,15,31,3,4,No,7,4,No
34,67491,12,14,23,1,3,Yes,0,5,No
51,105923,8,17,20,2,3,No,2,5,No
34,59920,7,12,12,4,2,No,0,4,No
37,70888,11,12,14,1,1,No,2,5,No
56,142174,20,29,42,1,3,Yes,4,1,No
26,64183,8,11,11,1,3,No,4,2,No
46,134164,26,26,26,2,3,No,7,5,No
24,36854,2,6,25,3,3,Yes,6,6,No
37,118589,13,17,24,2,1,Yes,0,5,No
59,91991,13,22,44,1,2,No,1,6,Yes
27,89943,4,11,23,3,3,Yes,6,1,Yes
44,41847,5,10,13,2,4,No,8,3,No
58,98851,6,10,19,2,1,No,2,1,No
30,90192,2,4,35,4,1,No,5,3,No
41,49257,3,8,26,2,3,No,0,4,No
21,22232,3,4,38,2,3,No,3,6,No
48,18035,1,4,11,1,2,No,6,0,No
53,153662,31,33,17,1,4,No,7,2,No
44,73995,3,14,28,2,3,Yes,5,4,No
24,20508,0,4,12,2,4,No,1,0,No
58,105763,9,20,22,1,1,No,2,1,No
52,90216,2,24,6,3,1,Yes,0,3,No
39,89750,2,21,24,4,4,Yes,0,1,No
37,84374,13,18,21,2,1,Yes,3,0,Yes
57,82454,5,10,12,1,1,Yes,0,2,No
50,18000,0,0,29,3,2,Yes,8,5,No
53,37150,2,6,20,1,1,No,7,4,Yes
51,115865,2,19,34,1,1,No,1,0,No
25,55063,5,9,28,2,1,No,0,2,Yes
58,26870,0,1,3,3,3,No,8,4,No
39,103963,6,20,13,1,1,No,2,2,No
45,24285,0,0,9,2,4,No,8,4,No
28,22143,5,10,18,1,3,No,1,5,Yes
56,151865,4,31,31,3,4,No,4,3,No
57,161347,18,31,6,4,3,No,6,1,No
24,55696,0,0,7,1,1,No,0,4,No
43,116231,13,23,10,1,1,No,5,6,Yes
30,66690,14,14,50,4,2,No,0,1,No
53,113542,8,14,7,4,2,No,1,4,No
46,147880,14,24,19,3,3,No,3,5,No
28,27135,5,12,7,1,1,No,2,4,Yes
40,99778,10,22,36,3,4,Yes,6,4,No
50,146357,13,29,17,4,1,Yes,6,4,No
28,55678,1,10,27,2,1,No,2,5,Yes
58,108418,7,22,28,3,2,No,6,2,No
38,74816,2,6,7,1,2,No,0,3,No
28,28292,0,8,42,3,4,No,5,0,No
23,40824,3,3,9,3,3,No,4,2,No
50,61621,6,12,13,1,1,No,3,4,Yes
32,63118,13,16,16,1,3,Yes,1,5,No
44,107796,10,18,34,3,1,Yes,8,4,No
39,93984,13,14,5,4,1,Yes,1,5,No
25,18247,6,7,16,2,1,No,8,2,No
38,98725,2,21,39,1,3,No,4,2,No
33,19283,0,0,44,2,3,Yes,2,4,No
35,94334,5,18,33,4,2,No,0,2,No
48,95706,2,18,39,2,2,No,2,4,No
44,126951,24,25,26,2,2,No,6,5,No
30,18000,1,1,50,3,3,No,2,1,No
54,33897,1,1,48,1,4,No,4,3,No
37,120148,10,21,43,3,4,Yes,7,6,No
57,108601,9,17,22,1,2,No,3,3,No
23,44674,2,6,41,2,1,Yes,2,4,No
38,139976,4,22,27,2,2,Yes,7,1,No
38,106507,13,19,34,1,4,Yes,6,0,No
24,37046,2,3,6,4,2,No,8,5,No
58,167613,6,31,12,4,1,Yes,1,4,No
28,60337,0,10,24,3,2,No,8,2,No
30,32589,5,5,13,2,2,No,1,4,No
44,123701,10,26,13,3,3,Yes,4,4,No
21,31743,1,2,22,1,4,No,2,3,No
28,46543,1,9,30,4,3,No,7,0,No
32,59679,2,2,22,4,1,Yes,7,5,No
46,106089,5,20,37,2,3,No,0,1,No
59,53345,7,9,17,3,2,Yes,0,6,No
49,18782,2,2,28,1,2,Yes,6,3,Yes
33,83392,12,17,2,1,2,No,4,1,No
47,140379,25,25,21,1,3,Yes,2,4,No
51,149408,20,25,11,2,2,No,2,4,No
32,61637,8,14,11,4,2,No,0,4,No
46,21573,1,7,33,4,1,No,1,6,No
34,18514,0,0,42,1,3,Yes,1,5,No
57,18509,0,2,21,1,2,No,3,4,No
57,101617,9,14,38,2,4,No,5,4,No
28,19040,1,2,50,3,3,No,0,2,No
21,42522,2,2,25,2,4,No,8,4,No
21,41478,3,3,37,3,4,No,2,5,No
46,75117,11,12,36,1,2,Yes,2,6,Yes
45,18000,1,4,23,3,3,Yes,2,5,No
52,18780,0,2,41,2,2,No,6,4,Yes
30,37987,0,5,36,1,4,Yes,4,3,No
51,18000,2,3,10,1,2,No,6,0,No
38,119188,17,22,47,1,1,No,7,6,No
21,46213,2,4,29,2,4,No,7,3,No
26,37475,3,3,34,2,2,No,4,3,No
41,101270,17,24,1,3,1,Yes,6,4,No
48,101977,4,20,37,1,1,No,1,2,No
40,114454,3,21,13,4,1,Yes,5,4,No
43,131706,16,25,34,4,3,No,5,1,No
40,110237,21,21,23,3,3,No,8,1,No
53,71790,4,13,49,1,3,No,0,0,Yes
24,19474,0,5,23,4,3,No,2,5,No
44,110103,10,12,13,3,2,Yes,0,3,No
27,75423,2,11,18,2,2,No,2,5,No
57,123299,29,29,4,4,3,Yes,4,4,No
23,36699,0,6,29,4,1,No,5,5,No
51,57337,3,7,15,1,3,Yes,0,6,No
56,120544,18,21,22,3,4,No,0,3,No
22,21018,3,6,48,2,1,Yes,2,4,No
25,18000,0,2,43,3,3,Yes,4,6,Yes
37,99819,9,19,22,1,2,No,2,4,No
54,145896,10,27,30,4,1,No,3,3,Yes
24,47903,7,7,41,2,3,No,8,3,Yes
30,80730,3,15,21,3,2,No,3,2,No
50,170536,2,33,41,3,3,No,3,4,No
41,111428,17,20,16,2,4,No,5,6,No
34,92680,10,15,3,1,4,No,7,5,No
51,52534,0,2,46,3,3,No,2,0,No
27,61374,3,12,29,2,1,No,2,5,Yes
55,43650,0,4,24,4,3,Yes,5,5,Yes
35,75266,13,17,26,3,1,Yes,2,6,Yes
55,31580,4,4,38,3,4,No,5,6,No
40,36527,1,3,10,1,4,No,4,5,No
48,139665,21,27,23,2,4,No,7,4,No
36,108988,6,18,45,2,1,Yes,7,6,Yes
33,87331,7,17,36,4,1,No,7,3,No
48,97622,16,23,17,4,4,No,3,4,No
46,144346,15,30,27,4,4,Yes,5,5,No
35,70289,9,14,8,1,2,No,2,0,No
25,19228,7,7,14,3,1,No,8,2,No
45,112103,10,18,17,2,1,No,4,6,No
41,100899,7,23,20,1,3,Yes,3,0,No
21,21450,3,4,37,2,3,No,1,5,No
58,125238,9,25,28,1,2,Yes,6,3,Yes
54,80623,1,8,44,1,4,No,3,1,No
23,60907,0,1,9,1,1,No,2,5,No
25,18000,2,6,9,1,1,No,6,4,No
26,50155,4,10,16,4,3,No,4,4,No
41,88800,15,21,15,1,2,No,0,5,No
56,111159,8,16,39,2,4,No,4,3,No
56,146140,13,27,27,2,3,No,8,3,No
60,139744,21,23,14,1,2,No,6,4,No
48,85992,8,11,34,2,1,Yes,3,4,No
50,47866,3,13,13,1,2,Yes,0,1,Yes
37,81833,5,11,35,2,3,No,5,5,Yes
35,80410,4,13,48,3,2,Yes,4,3,No
33,18000,0,0,41,1,4,Yes,6,2,No
32,68915,14,14,11,1,3,No,1,1,No
29,77499,9,9,4,1,1,No,7,6,Yes
26,56679,8,12,27,2,2,Yes,5,0,Yes
50,95499,11,18,17,3,3,No,3,5,No
59,125972,5,20,7,1,2,No,1,1,No
50,56914,8,18,28,3,4,Yes,0,5,No
55,86548,13,17,30,4,2,No,8,2,No
27,42220,5,5,33,2,3,No,5,3,No
34,40660,12,16,38,3,1,No,8,1,No
48,40015,0,1,50,3,4,No,3,4,No
24,66815,4,4,46,2,2,Yes,5,0,Yes
29,69975,8,14,16,3,1,No,3,2,No
41,48431,8,10,37,4,1,No,7,0,No
31,60893,0,0,33,1,1,No,4,4,Yes
21,18009,2,2,48,2,4,No,4,1,No
24,24248,1,6,50,2,1,No,1,6,No
23,33166,0,4,34,4,4,No,5,5,No
32,87772,5,14,30,3,3,Yes,5,4,No
41,39069,4,9,42,1,2,No,4,0,No
34,80882,3,16,30,1,2,No,6,4,No
51,44513,4,4,16,1,4,Yes,0,2,No
48,18000,0,0,21,2,4,Yes,2,6,No
25,43681,2,8,9,1,2,Yes,6,6,Yes
47,157943,27,27,45,3,1,No,4,3,No
59,91633,10,14,18,2,4,No,3,0,No
42,62132,11,21,7,4,4,No,1,4,No
22,49105,3,4,25,2,2,No,6,5,No
32,89048,5,11,23,2,2,No,3,4,No
26,50076,5,7,44,1,2,No,1,1,Yes
42,139117,5,22,38,3,4,Yes,4,0,No
34,21936,2,3,27,3,1,Yes,1,2,Yes
29,53632,4,9,42,4,2,Yes,4,4,No
46,18496,1,1,32,1,4,No,8,6,No
48,69358,10,12,19,1,2,No,7,3,No
23,47400,2,7,24,3,4,No,8,2,No
49,83973,9,13,33,1,2,Yes,2,5,No
41,30947,2,3,31,2,1,No,8,0,Yes
22,40090,0,4,39,4,1,No,3,5,Yes
50,19322,1,1,37,1,1,No,7,3,Yes
27,86614,4,10,14,1,4,Yes,1,6,Yes
21,50391,3,3,47,4,3,No,2,2,No
41,119988,12,19,34,3,1,Yes,8,4,No
37,42772,2,10,30,4,2,No,2,0,No
26,87397,7,7,21,1,4,No,1,3,No
46,146507,18,28,46,1,1,No,2,1,No
27,53246,6,8,1,4,3,No,8,6,No
57,80139,0,13,23,3,2,No,2,0,No
48,18580,2,2,45,4,2,No,5,1,Yes
30,70827,11,14,43,4,2,No,6,4,No
32,66607,13,14,46,2,4,Yes,3,6,No
22,43064,3,4,2,3,3,Yes,5,1,No
59,18000,3,5,37,3,3,No,8,0,No
21,18000,1,5,28,4,1,Yes,4,0,No
39,59840,2,8,10,3,3,No,1,0,No
48,75933,12,14,24,3,2,No,0,3,No
27,31043,2,9,42,4,2,No,5,3,No
59,130907,5,16,18,4,2,No,5,0,No
40,142419,16,23,16,3,4,Yes,3,3,Yes
41,105377,2,17,14,2,2,No,8,5,No
26,68386,3,7,24,4,4,No,6,1,No
34,41521,3,3,33,2,2,No,0,4,No
32,87334,2,14,2,1,3,Yes,1,6,No
32,102126,12,14,11,2,3,Yes,7,6,Yes
54,61573,3,7,23,1,3,No,4,6,No
39,97706,18,21,21,4,2,No,5,3,No
50,148628,16,31,33,3,3,No,4,3,No
57,18732,0,0,21,1,3,No,3,6,No
27,70906,2,12,17,1,4,No,2,0,No
58,113922,7,21,26,3,2,No,5,1,No
49,67328,8,8,5,4,2,No,0,1,No
34,88579,16,16,23,2,3,Yes,6,3,No
49,18160,0,2,16,2,1,No,7,4,Yes
56,90551,5,21,42,2,2,No,6,2,No
25,18955,2,6,25,2,3,Yes,1,4,Yes
37,105315,6,19,47,2,1,Yes,6,5,Yes
56,37429,1,1,1,2,4,Yes,8,2,No
41,51256,0,5,25,3,3,Yes,6,2,No
22,42822,1,5,14,1,3,Yes,1,4,No
39,70197,8,9,42,2,4,No,5,2,No
27,72063,4,7,50,4,4,No,6,2,Yes
41,46350,1,4,37,4,2,No,4,0,No
22,34808,1,6,47,4,2,No,6,1,Yes
56,57638,5,10,9,4,2,Yes,4,1,No
36,74002,4,13,37,2,2,Yes,5,2,Yes
51,59261,0,2,11,4,4,Yes,1,6,No
25,59565,0,5,12,4,3,No,1,5,No
47,18045,0,0,8,2,2,Yes,5,2,Yes
26,81598,7,7,31,3,1,No,8,6,No
31,62293,12,12,50,4,2,No,0,3,No
51,130194,17,26,15,2,3,Yes,0,1,No
23,46129,2,6,29,2,1,No,5,5,No
44,98423,11,20,5,3,3,No,2,3,No
33,21287,1,5,27,2,1,No,5,4,Yes
38,112617,4,18,15,1,1,Yes,6,0,No
57,141996,22,25,25,2,4,No,6,5,No
40,136095,8,19,22,2,4,No,1,5,No
46,126406,1,21,31,1,3,No,2,3,No
56,76118,5,9,12,1,1,Yes,0,3,No
31,96135,7,13,50,3,2,No,4,5,Yes
58,65144,4,13,41,1,1,Yes,8,5,Yes
44,155524,19,23,41,1,2,No,3,4,No
46,111689,2,21,30,1,4,No,6,1,No
56,148731,11,25,8,1,4,No,0,3,No
43,107178,16,25,25,1,1,Yes,8,3,Yes
30,45580,0,11,7,2,3,No,6,5,No
42,64624,6,11,49,4,2,No,0,2,No
55,126379,19,30,30,1,2,Yes,3,5,No
56,95921,9,14,46,1,1,No,6,5,Yes
59,60652,5,5,34,2,1,No,0,1,No
40,67625,4,13,48,3,2,No,6,1,Yes
32,71661,5,6,20,3,3,Yes,3,3,No
43,106921,6,10,50,2,1,No,7,2,No
60,205000,6,30,45,4,1,Yes,7,2,Yes
50,100926,30,31,17,1,2,Yes,4,6,No
49,140185,8,17,21,1,4,No,6,1,No
26,64086,4,5,31,3,3,No,0,6,No
34,75909,16,16,33,3,2,Yes,7,2,No
38,115816,12,20,40,3,4,Yes,7,6,No
54,156210,29,31,30,3,3,No,2,6,No
58,146875,11,28,9,1,2,No,7,0,No
42,98790,17,24,22,1,1,Yes,8,2,Yes
52,150550,18,29,38,1,3,No,0,1,Yes
57,168690,8,29,10,4,1,Yes,1,4,No
50,61128,0,8,4,3,4,Yes,2,6,No
36,73074,4,17,40,2,4,No,3,6,No
25,40457,0,5,8,2,4,No,6,2,Yes
27,70322,9,10,13,2,4,No,1,4,No
53,64332,10,10,47,3,1,No,0,0,Yes
34,64495,16,16,28,3,2,Yes,1,6,Yes
47,146990,17,29,34,2,4,Yes,8,3,No
38,127019,17,19,36,2,1,No,1,5,No
24,34352,6,8,10,4,3,Yes,8,2,No
47,95986,11,16,16,2,3,Yes,0,6,No
42,69606,11,19,5,4,4,No,1,3,No
27,41498,3,3,9,3,2,No,4,4,No
38,99166,7,20,39,3,4,No,4,2,No
26,19496,3,3,36,3,2,No,0,3,Yes
53,160840,26,33,13,3,3,No,0,5,No
42,43759,7,7,34,2,3,No,0,6,No
23,53693,3,7,44,4,1,No,1,3,No
51,56506,2,3,41,2,2,No,3,4,No
26,59938,7,8,12,3,3,Yes,4,2,No
46,96133,4,4,34,1,3,No,6,5,No
58,28587,0,0,3,4,2,No,6,2,No
50,111658,13,22,3,4,3,Yes,1,5,No
37,59593,2,7,4,3,3,Yes,5,5,No
32,18000,0,0,2,1,1,No,3,6,Yes
47,127778,0,16,30,1,1,No,1,5,No
39,130684,1,21,14,4,1,Yes,8,0,No
21,18000,4,5,27,4,1,Yes,3,0,No
35,39135,3,3,21,4,1,Yes,1,4,Yes
32,55383,7,10,45,4,4,No,6,3,No
21,38575,0,0,1,1,2,No,5,6,No
31,82115,1,12,1,4,4,No,5,0,No
40,139345,5,23,49,4,3,No,5,4,Yes
37,73018,11,11,14,1,1,No,1,4,No
44,30226,4,4,33,3,1,No,6,6,Yes
45,63400,1,9,27,2,3,Yes,3,5,Yes
26,58606,0,6,24,1,3,No,8,6,Yes
54,112059,15,23,14,3,4,No,1,2,No
35,29483,1,2,12,1,4,Yes,7,4,No
52,44313,5,10,40,2,1,No,6,6,Yes
39,62114,6,8,2,3,2,Yes,5,6,No
25,18017,2,3,50,4,1,No,3,4,No
59,154440,8,28,9,3,1,No,5,0,No
53,112351,7,24,1,1,1,Yes,5,2,Yes
56,34320,1,5,28,2,1,Yes,4,4,No
48,83316,21,24,15,4,4,No,3,6,No
40,132120,2,24,16,4,1,Yes,4,2,No
39,29021,3,3,19,4,2,No,6,1,No
54,145660,2,31,39,1,1,Yes,8,0,No
60,195627,32,33,23,2,1,No,8,5,No
49,18000,2,2,9,1,2,No,5,0,No
50,60337,2,6,2,3,4,Yes,2,4,No
52,19259,1,3,47,1,2,Yes,1,0,Yes
54,160038,27,27,46,4,1,Yes,7,5,No
21,19997,2,4,40,1,3,No,3,5,No
26,52678,5,10,2,4,2,No,8,6,No
47,18169,0,0,26,2,4,Yes,3,6,No
31,25437,0,2,1,1,2,Yes,6,0,No
23,46571,0,5,41,2,2,Yes,1,5,No
39,139203,16,20,12,3,1,Yes,0,5,No
57,51441,1,1,1,2,3,No,2,5,No
21,23333,1,1,38,2,2,No,2,6,No
25,18356,2,6,22,2,3,Yes,8,0,No
48,18049,0,4,30,1,2,Yes,8,1,Yes
35,114227,14,20,21,1,1,Yes,3,6,No
24,35091,2,6,45,4,1,No,4,0,Yes
33,62136,12,16,41,4,1,No,3,0,No
53,150880,12,31,15,4,4,Yes,1,2,No
54,43675,0,4,22,4,3,Yes,5,5,Yes
55,121911,25,31,30,3,2,No,1,4,No
22,23025,0,2,50,3,4,Yes,4,2,Yes
25,27370,0,6,42,2,3,No,1,5,Yes
27,26200,5,15,10,2,2,No,6,6,No
37,101615,9,18,23,1,3,No,3,4,No
60,138860,13,33,12,1,3,No,6,3,No
31,18000,11,12,32,1,2,No,1,2,No
46,82098,9,16,2,2,2,Yes,3,1,No
38,102940,6,19,41,3,4,No,4,3,No
33,81932,2,13,2,1,3,Yes,0,6,No
54,43305,4,13,12,1,2,No,2,5,No
42,101163,6,11,50,2,1,No,7,1,No
51,76157,2,10,27,4,4,Yes,2,2,No
51,125089,16,24,8,1,1,No,7,4,No
41,26219,1,1,25,4,2,No,0,4,No
48,18273,0,0,9,1,2,Yes,5,3,Yes
28,65730,9,10,12,4,4,Yes,8,6,Yes
34,72862,12,19,42,4,2,No,2,0,No
39,76218,8,17,21,3,2,Yes,0,3,Yes
44,142510,19,26,29,2,4,Yes,8,3,No
21,25251,1,4,12,4,4,No,7,5,No
50,156972,1,30,42,3,2,No,3,5,No
46,158338,6,28,44,1,3,No,5,4,No
45,145378,2,21,16,1,3,No,1,2,No
45,145520,25,26,34,2,2,Yes,8,0,No
48,160174,22,29,24,1,3,Yes,7,5,No
46,18000,0,0,10,1,1,No,6,5,Yes
46,127969,9,25,2,1,4,Yes,4,4,No
56,82792,12,12,42,4,2,No,3,6,No
50,57337,0,7,14,1,3,Yes,0,5,No
49,142341,15,30,26,4,4,Yes,8,2,No
52,111590,3,29,20,2,3,No,2,0,No
47,87412,9,10,30,1,1,Yes,2,4,No
48,110351,1,20,26,1,4,No,5,0,No
60,124216,22,33,14,1,1,Yes,4,1,No
53,18000,0,3,41,2,2,No,5,4,Yes
59,117371,0,30,33,3,4,No,1,2,No
26,51166,6,10,1,4,2,No,8,5,No
33,39681,11,11,46,3,2,Yes,5,3,No
50,120604,8,20,17,3,1,Yes,1,0,No
43,49425,1,3,23,3,3,Yes,5,3,No
26,18207,0,4,35,1,4,No,3,2,No
25,54151,4,7,45,2,4,No,4,0,Yes
44,91672,5,5,30,1,3,No,6,6,No
48,78441,4,12,19,3,2,No,1,6,No
58,133308,4,21,23,3,4,No,8,3,No
56,138017,19,25,50,2,1,No,6,0,No
50,58776,3,7,1,3,4,Yes,2,6,No
51,175160,13,32,41,2,1,No,0,0,No
31,84742,3,4,23,3,3,No,7,0,No
45,143168,29,29,46,3,1,No,4,3,No
35,111288,1,18,13,3,2,Yes,2,2,No
49,120774,28,28,45,3,4,Yes,8,4,No
52,61916,2,7,13,2,3,Yes,3,3,No
52,93103,11,18,8,3,2,No,6,6,No
47,60546,7,9,3,2,4,No,1,1,No
56,18000,1,4,38,1,2,No,5,4,No
40,80959,7,10,28,4,1,No,3,2,No
44,106018,4,22,37,1,4,No,3,0,Yes
40,49288,7,13,44,3,2,Yes,2,5,Yes
24,42499,0,9,11,1,3,No,5,3,No
22,37367,3,5,40,3,3,Yes,8,5,No
32,62247,13,14,46,2,4,Yes,3,6,No
60,114160,7,22,44,1,1,Yes,4,1,Yes
40,30133,4,7,43,2,1,Yes,2,3,Yes
52,59293,1,6,25,1,3,No,4,6,No
44,152644,1,29,43,1,2,No,5,4,No
53,115456,21,21,19,2,4,No,4,2,No
50,45081,3,3,13,1,4,Yes,0,5,No
41,67497,6,14,49,2,1,Yes,4,6,Yes
56,84543,12,12,42,3,2,No,4,6,No
40,93122,11,16,27,1,3,No,8,2,Yes
32,100540,10,14,27,4,3,No,1,1,No
43,85778,0,20,41,4,4,No,3,6,No
24,62869,6,9,7,2,3,Yes,3,1,No
51,100651,8,14,26,3,3,Yes,0,0,Yes
50,173557,1,26,36,4,2,No,5,3,No
33,67497,14,14,27,3,2,Yes,2,6,Yes
36,63259,0,7,49,1,4,Yes,3,5,No
48,136302,12,21,11,2,2,No,4,6,No
43,114684,17,25,27,4,1,No,2,2,No
45,31482,5,10,41,1,2,Yes,2,6,No
25,86685,5,7,10,4,3,No,0,1,No
58,128057,18,30,44,2,4,Yes,1,4,Yes
40,102909,0,21,38,2,3,No,4,3,No
58,56786,5,6,34,2,1,No,0,0,No
29,51785,0,12,5,1,1,Yes,6,6,Yes
55,34484,2,4,38,2,4,No,7,5,No
41,79792,13,23,18,4,4,No,0,0,No
50,152024,8,27,37,1,2,No,6,4,Yes
41,104161,15,15,44,3,3,Yes,7,0,No
60,61663,2,11,42,3,3,Yes,7,2,Yes
21,18000,0,6,30,3,3,Yes,1,3,No
24,18577,6,8,18,4,3,No,1,4,No
25,19154,5,5,19,4,3,No,1,6,No
56,38987,2,2,4,1,4,Yes,8,2,No
35,87184,7,14,6,2,3,No,2,2,No
25,42121,2,7,34,1,1,No,3,2,Yes
40,68640,7,10,38,1,3,No,6,0,No
41,23795,0,0,10,3,3,No,5,3,No
34,49151,13,15,37,1,2,No,4,0,No
26,26075,3,8,44,2,1,No,0,6,No
41,65908,6,8,37,4,3,Yes,1,1,No
55,114594,25,26,47,1,2,No,8,0,Yes
29,18417,0,0,27,1,3,No,7,3,No
29,70422,2,12,15,1,4,Yes,7,6,No
28,39515,7,10,33,4,2,Yes,3,4,No
23,23197,1,9,14,1,4,No,0,1,No
32,61690,1,14,40,3,3,Yes,5,0,Yes
27,76658,3,9,19,2,2,No,1,5,No
46,18348,2,4,50,2,3,No,1,4,No
46,18000,0,3,31,2,3,Yes,7,2,Yes
49,113670,27,27,46,4,3,Yes,7,3,No
22,53896,0,4,38,1,2,Yes,8,4,No
23,46416,6,7,40,3,1,No,6,3,No
48,71357,3,12,19,3,2,No,1,5,No
26,18000,5,10,27,3,3,No,3,3,No
49,118704,18,28,20,3,3,No,1,6,No
46,76150,4,16,29,2,2,Yes,4,4,No
46,140300,8,21,24,2,4,No,5,2,No
24,36291,1,4,27,4,1,No,5,6,No
23,52268,2,2,33,2,3,No,3,3,No
46,180408,28,28,44,3,2,No,2,2,No
51,77779,13,17,30,3,2,No,5,3,No
47,71273,6,14,10,2,3,No,7,3,No
22,46795,5,6,34,3,3,Yes,0,2,Yes
24,67608,3,6,36,2,4,No,8,6,No
53,92137,1,21,25,3,1,No,8,1,No
42,68093,8,13,48,4,1,No,0,0,No
25,84416,7,7,30,3,1,No,8,5,No
47,129986,15,29,18,2,4,Yes,2,6,No
26,30826,1,9,36,4,2,No,5,1,No
34,74373,11,15,2,1,2,No,4,2,No
33,72997,15,15,7,1,3,No,0,1,No
40,133279,1,22,18,4,2,Yes,3,4,No
59,135347,21,26,19,2,4,No,7,3,No
46,104457,9,26,29,4,3,No,2,3,No
52,165696,26,26,43,4,2,No,5,4,No
23,20939,4,6,42,1,1,Yes,4,5,No
51,117830,23,25,7,2,3,No,0,5,No
33,64359,0,12,8,1,3,No,4,6,No
52,178904,15,34,42,2,1,No,1,2,No
29,55402,1,13,10,2,3,Yes,6,1,No
39,83729,7,12,34,2,3,No,5,5,Yes
51,123347,2,19,34,1,1,No,0,0,No
21,18558,2,2,26,2,1,Yes,0,2,No
53,161364,2,35,37,3,4,No,8,2,Yes
29,28570,4,5,50,4,2,No,5,4,No
56,110451,30,31,30,2,3,No,2,6,No
30,32399,5,5,7,2,3,No,1,2,No
57,180899,10,34,1,1,1,No,7,3,No
54,86280,5,16,49,1,4,No,8,1,No
45,85054,10,14,17,1,2,Yes,1,1,Yes
53,55527,1,5,48,3,3,No,2,1,No
51,108499,2,29,24,3,4,No,2,0,No
40,67106,13,18,2,4,4,No,2,4,No
50,43881,3,7,16,3,2,No,3,1,Yes
49,59160,1,4,5,4,4,Yes,1,4,No
59,152737,35,35,48,1,2,Yes,2,1,No
59,71792,2,11,12,4,2,No,2,4,No
36,113707,13,21,19,1,1,Yes,5,6,No
24,45934,2,3,39,3,1,No,1,6,No
43,132076,11,24,3,2,2,No,1,6,No
28,87243,10,10,42,2,3,No,7,5,No
33,93977,1,14,11,1,2,No,1,3,No
53,99364,2,18,20,3,4,No,6,6,No
40,57434,1,3,2,2,3,Yes,6,5,No
52,85261,5,14,50,2,3,No,8,0,No
43,123767,13,25,50,4,2,No,5,3,No
51,18589,1,4,40,1,1,No,6,4,Yes
27,68546,0,9,18,4,4,No,6,0,No
41,94073,8,11,13,2,3,No,0,5,No
23,48310,4,5,23,1,2,Yes,7,6,Yes
60,71099,1,9,24,4,3,No,5,4,No
24,75800,3,6,26,3,3,Yes,6,3,No
21,46709,2,3,48,3,3,No,0,2,No
36,62960,2,18,25,4,4,Yes,4,0,No
36,104742,15,16,7,3,1,No,7,3,No
30,83604,2,9,9,1,4,Yes,1,6,Yes
55,24278,0,1,1,1,4,Yes,7,2,No
58,80226,12,14,18,4,1,Yes,3,2,No
43,94073,8,12,29,1,1,No,6,1,No
35,66959,0,8,50,2,4,Yes,4,6,No
43,101289,9,21,12,2,2,No,6,3,No
58,38073,3,5,17,1,2,No,1,0,No
32,81076,14,16,49,2,3,Yes,8,1,No
23,35713,2,8,44,3,1,No,5,1,Yes
26,59891,4,8,29,1,1,Yes,4,0,No
28,45605,4,6,27,1,1,No,1,0,No
57,98805,11,11,19,4,2,Yes,7,2,No
41,35138,7,7,5,1,4,Yes,7,0,No
32,78118,2,15,33,1,2,No,4,1,Yes
55,151702,10,26,5,1,4,No,0,2,No
40,36906,7,8,11,1,4,Yes,5,0,No
57,170435,4,31,47,3,2,Yes,2,3,Yes
57,142720,14,27,28,2,3,No,8,4,No
45,74756,3,15,11,4,3,Yes,8,5,No
56,30417,1,1,6,2,4,No,4,5,No
28,18000,0,2,36,2,4,No,5,2,No
42,34639,4,9,40,1,1,No,5,0,No
29,46502,2,6,48,3,3,No,4,0,No
27,50061,5,6,45,2,1,No,1,3,Yes
47,37675,0,0,49,3,3,No,3,3,No
34,85889,3,17,33,1,2,No,6,4,No
35,96189,4,16,38,1,1,Yes,8,0,No
31,50551,0,9,13,1,3,No,7,4,No
51,117463,14,22,5,4,3,Yes,2,5,No
59,67424,3,6,35,4,2,Yes,5,4,No
36,102620,9,18,22,1,3,No,2,4,No
23,37283,0,4,31,4,1,No,6,5,No
50,157391,9,27,38,1,2,No,6,4,No
24,60711,7,7,12,1,3,No,4,2,No
25,60326,3,7,28,2,2,Yes,4,0,No
51,102833,2,23,21,4,4,No,3,5,No
21,35297,0,4,11,2,2,No,0,1,No
26,51498,3,6,34,4,4,No,4,0,No
50,18000,2,2,41,1,1,No,6,4,Yes
31,18000,0,0,38,2,3,Yes,2,5,No
25,50909,5,7,9,2,2,No,5,0,Yes
54,36617,0,5,44,3,3,Yes,8,4,Yes
32,58815,7,8,42,4,4,No,6,2,No
36,120639,0,18,1,3,1,No,3,1,No
41,37549,3,6,32,2,2,Yes,8,3,Yes
39,78391,3,12,43,1,1,Yes,3,4,Yes
27,18059,7,9,12,3,1,No,8,3,No
50,78262,7,13,35,3,2,No,0,2,No
27,21342,1,1,17,3,1,No,2,2,No
25,81457,8,9,22,1,4,No,2,2,No
48,63475,4,6,6,1,3,Yes,1,6,Yes
48,46044,1,9,50,2,3,Yes,7,0,No
25,18061,6,6,11,3,1,No,8,3,No
51,49762,0,6,31,1,2,No,8,1,No
23,40230,1,6,46,4,2,No,5,1,Yes
23,35833,1,3,29,4,4,No,5,6,No
39,93255,2,19,39,2,3,No,4,3,No
36,28038,1,3,25,4,1,No,7,3,No
24,61844,2,5,44,2,1,Yes,6,0,Yes
36,86435,10,13,18,2,3,Yes,7,5,No
53,87548,3,15,26,1,1,No,0,0,No
34,19015,0,0,46,1,4,Yes,4,2,No
42,123248,22,22,32,4,1,No,8,2,No
21,32835,0,3,28,1,4,No,2,3,No
40,101430,16,19,19,4,1,No,7,0,No
60,91379,4,8,40,3,3,No,2,5,No
21,46157,2,4,34,4,4,No,1,4,No
40,35603,7,8,7,1,4,Yes,6,0,No
45,148223,4,27,41,1,2,No,4,5,No
21,18000,2,2,24,3,1,Yes,0,2,No
42,152348,0,21,11,2,4,No,4,5,No
22,18000,1,7,6,3,4,Yes,6,4,Yes
22,38592,1,1,1,1,2,No,4,6,No
33,86420,0,14,16,1,1,No,4,2,No
46,77287,5,13,29,1,3,Yes,5,2,No
30,49319,7,12,41,2,2,Yes,2,4,Yes
41,18000,0,0,30,4,1,No,4,3,No
23,18000,2,5,15,4,4,Yes,8,6,No
45,76721,0,17,26,2,1,No,7,4,Yes
48,107397,4,21,35,1,1,No,2,2,No
50,110852,7,25,21,1,1,No,3,6,No
30,69271,4,12,33,1,1,Yes,2,4,No
41,72125,2,15,41,1,2,No,7,6,No
35,34609,2,6,43,4,1,Yes,1,5,No
60,53559,5,9,5,2,1,No,3,2,No
38,128352,7,17,23,4,3,No,1,2,No
26,50212,5,8,2,4,2,No,7,5,No
51,171880,8,29,50,2,4,No,8,4,No
28,21227,1,1,48,1,3,Yes,4,6,Yes
56,38936,2,2,28,2,1,Yes,3,5,No
24,37219,5,5,49,4,1,Yes,4,3,Yes
29,44968,0,12,29,2,3,No,4,3,No
59,89077,7,23,45,3,2,Yes,5,0,No
25,66311,6,6,19,3,1,No,1,0,No
33,20787,0,5,27,2,1,No,5,3,Yes
21,20899,0,3,4,2,1,Yes,1,4,No
43,35926,2,6,32,1,2,Yes,8,4,Yes
40,57244,5,16,26,4,1,No,3,5,No
41,113971,18,21,18,3,4,No,5,6,No
54,54509,15,16,2,3,4,No,8,4,No
32,91885,4,14,29,4,3,Yes,4,4,No
33,71194,9,9,33,4,2,Yes,7,1,No
32,80032,5,14,47,4,4,No,2,0,Yes
46,138151,15,29,24,3,3,No,4,5,No
54,139176,29,30,13,3,1,Yes,8,3,No
39,89833,2,12,36,1,2,Yes,1,5,Yes
24,60674,0,6,10,2,4,No,5,4,No
43,81609,7,15,19,1,3,No,1,4,No
57,18849,1,2,19,1,3,No,3,6,No
55,77160,2,7,46,2,4,No,5,0,No
45,147305,17,28,34,2,4,Yes,7,3,No
50,34796,3,8,9,2,3,No,8,3,Yes
60,68726,1,9,40,3,3,Yes,8,2,Yes
38,103123,10,21,9,3,4,No,4,6,No
24,60162,5,8,29,1,1,Yes,4,0,No
57,105211,14,23,47,2,1,No,8,5,No
48,21929,0,0,10,3,3,No,7,5,No
42,121891,7,17,31,4,3,No,8,3,No
33,71581,3,7,18,4,3,Yes,2,1,No
35,39118,11,12,47,2,2,Yes,7,4,No
56,166317,4,32,43,3,1,Yes,0,3,Yes
26,40402,6,9,33,3,2,Yes,6,2,Yes
29,18456,5,10,29,3,3,No,5,4,No
43,59538,1,4,15,3,2,No,7,5,No
45,64725,2,7,43,2,4,No,2,4,No
59,202418,9,35,3,1,1,No,6,3,No
26,18275,3,6,18,2,3,No,5,3,No
38,100724,0,18,42,1,4,No,3,2,No
34,82591,3,16,26,1,2,No,6,3,No
37,64040,0,9,49,2,4,Yes,4,5,No
35,88743,8,17,44,3,4,No,7,5,No
38,58806,10,13,5,2,1,Yes,0,0,No
41,63557,5,13,48,3,2,No,6,1,Yes
54,168119,11,33,7,1,3,No,8,1,No
54,90126,12,17,19,4,1,No,0,5,No
43,113770,13,25,41,1,4,No,5,1,No
53,68120,3,14,10,3,3,No,7,2,No
42,112903,11,15,30,2,3,No,3,5,No
28,70979,10,12,15,4,2,No,4,1,No
59,33119,0,2,18,1,1,No,2,6,No
25,66675,2,9,44,4,3,No,5,5,Yes
47,134661,23,24,24,1,3,Yes,3,2,No
30,44200,0,8,29,2,2,No,5,2,No
33,29052,1,5,28,3,4,Yes,4,1,No
23,52890,0,5,23,3,4,No,8,2,No
45,99363,10,13,15,3,2,Yes,2,3,No
55,63134,18,20,32,3,4,No,3,5,No
49,23293,0,0,9,3,3,No,7,6,No
40,96417,20,22,19,4,2,No,5,3,No
53,58731,14,17,1,3,4,No,8,5,No
58,117447,26,26,42,1,2,Yes,2,4,No
27,18843,0,2,37,2,4,No,5,2,No
39,82345,6,13,8,3,3,No,1,2,No
21,42012,3,5,2,3,4,No,7,2,No
57,25358,1,1,4,4,4,Yes,6,2,Yes
54,127417,20,29,30,1,2,Yes,2,6,No
35,111341,12,18,24,2,1,Yes,0,6,No
31,85546,0,5,24,3,2,No,8,0,No
27,41253,9,9,8,1,4,Yes,0,0,No
39,84438,7,12,35,3,3,No,4,5,Yes
33,54026,5,9,16,2,3,No,7,3,No
31,65119,12,14,11,1,3,No,2,1,No
42,112609,8,16,34,4,3,No,8,2,No
41,46531,9,9,38,4,1,No,4,0,No
21,42438,3,3,1,2,4,No,7,1,No
37,97882,16,19,20,1,1,No,7,3,No
56,174819,7,30,37,4,2,No,3,3,No
47,23120,0,0,7,4,2,No,7,6,No
50,129763,32,33,40,2,2,Yes,7,0,No
55,18000,0,4,14,2,1,No,5,4,No
51,138392,6,29,3,3,1,No,6,6,No
60,57402,3,14,7,2,4,No,7,5,No
60,55429,4,7,32,2,1,No,1,0,No
44,121510,3,26,46,4,2,No,3,6,No
59,124526,7,26,16,4,2,Yes,8,6,Yes
58,60774,4,11,43,3,3,Yes,8,1,Yes
26,62127,5,8,8,2,3,Yes,3,3,No
38,104088,0,17,15,1,1,Yes,5,1,No
21,18000,3,3,48,2,4,No,4,2,No
23,30973,1,4,19,2,4,Yes,6,1,No
38,110748,12,18,40,3,4,Yes,7,6,No
60,149489,2,24,28,2,2,Yes,0,4,Yes
52,18406,0,4,40,2,2,No,5,5,Yes
24,54091,4,6,18,2,1,Yes,0,5,No
49,137234,15,29,20,2,4,Yes,5,4,Yes
58,192094,7,35,2,1,1,No,7,3,No
27,27561,4,4,44,4,2,No,6,5,No
24,25608,1,7,20,1,4,No,8,4,No
43,91326,0,19,37,4,4,No,2,6,No
41,130173,13,19,48,1,2,No,5,6,Yes
59,129065,5,21,18,2,4,No,8,2,No
34,82257,3,18,14,2,1,No,3,2,No
37,101954,10,20,27,1,3,No,3,4,No
40,53909,4,16,25,4,1,No,3,6,No
34,80854,0,6,8,1,3,No,0,2,No
21,40579,1,1,37,3,4,No,2,6,No
28,37351,5,11,31,4,3,Yes,3,4,No
54,150034,19,27,47,2,1,No,6,1,No
60,126194,13,19,6,3,3,Yes,4,5,No
30,53611,2,13,8,2,2,Yes,4,0,No
58,123535,22,34,12,1,2,Yes,5,1,No
51,167860,2,33,34,3,1,No,7,0,No
60,91141,3,15,38,3,4,No,3,1,No
44,19295,0,0,25,3,4,No,2,1,Yes
50,43254,3,4,14,1,4,No,0,2,No
40,112450,1,16,16,2,2,No,8,3,No
31,80358,2,5,25,3,3,No,7,0,No
39,47021,3,10,29,4,2,No,3,0,No
60,130123,21,33,13,1,1,Yes,5,2,No
22,51821,3,7,45,2,4,No,5,0,Yes
43,121184,3,25,45,4,2,No,3,6,No
53,111133,21,29,43,1,2,No,7,1,Yes
43,57524,4,8,6,4,2,No,8,3,No
52,56908,15,15,1,3,4,No,8,2,No
24,24386,2,6,21,1,4,No,7,5,No
24,68504,2,6,32,2,4,No,8,6,No
47,118980,14,24,20,1,3,No,0,5,No
30,61317,4,4,21,4,1,Yes,7,4,No
60,72597,1,10,21,4,3,No,6,4,No
54,69688,0,19,19,4,2,No,1,1,No
30,69594,5,6,31,2,2,No,3,4,No
59,192172,1,34,6,2,3,Yes,6,6,Yes
22,98263,0,9,39,1,1,No,2,2,Yes
37,44394,3,9,33,4,1,No,3,1,No
50,109384,3,28,27,2,2,No,5,5,No
42,117852,15,19,50,1,2,No,5,6,Yes
53,115602,11,23,38,4,2,No,5,4,No
59,107034,3,8,4,2,2,Yes,6,5,Yes
43,87334,15,18,20,1,2,No,0,4,No
33,40415,10,10,48,3,2,Yes,6,4,No
24,54613,5,7,48,2,2,Yes,7,0,Yes
34,64122,4,16,45,2,3,No,6,0,No
38,73659,5,6,1,3,1,No,1,5,No
49,89399,6,16,41,4,3,No,8,2,No
39,86748,7,12,34,2,3,No,5,6,Yes
35,92156,8,15,44,3,4,No,7,4,No
58,39402,0,8,4,2,2,No,6,5,No
24,48184,0,4,12,2,1,No,4,2,No
45,72852,1,7,29,2,2,Yes,1,3,No
60,145295,35,35,49,1,2,Yes,1,0,No
43,43665,0,9,8,4,4,No,0,3,No
45,120285,2,18,5,3,4,Yes,7,2,No
26,74883,1,8,40,3,4,No,1,4,No
31,80073,5,13,24,2,2,No,4,3,No
46,135612,6,17,27,2,4,No,5,2,No
60,144603,9,27,10,2,1,No,5,0,No
59,133301,23,29,33,1,1,Yes,1,4,No
52,20221,0,3,38,1,1,No,6,4,Yes
45,89766,11,12,27,1,1,No,7,0,No
57,179909,5,24,4,1,2,No,2,6,No
34,18282,1,4,8,3,3,No,3,0,No
57,119263,27,28,4,4,3,Yes,4,5,No
48,64503,8,9,6,2,3,No,0,0,No
49,79380,6,10,21,2,2,No,4,0,No
60,33001,0,0,16,4,3,No,1,0,No
28,56869,8,11,45,1,1,Yes,5,0,No
30,86151,12,14,31,1,4,Yes,5,4,No
51,110973,3,30,21,2,2,No,6,3,No
53,24552,0,0,1,1,3,Yes,7,3,No
41,129504,10,26,27,1,4,No,6,2,No
22,43154,2,5,26,2,1,No,6,5,No
37,71381,10,12,11,1,1,No,1,5,No
58,91015,13,13,28,4,2,No,7,3,No
54,94529,9,18,42,1,1,No,8,1,Yes
55,45786,10,10,4,1,3,Yes,6,1,No
30,38856,1,7,37,1,4,Yes,4,2,No
24,45711,4,9,41,3,1,No,6,3,No
24,58320,0,4,35,4,1,Yes,8,4,No
25,27257,1,6,34,2,2,Yes,3,0,Yes
24,43376,3,3,8,3,2,No,6,3,No
42,118317,18,23,48,3,4,No,8,0,No
59,48259,0,3,35,2,3,No,0,2,No
21,42640,3,3,28,2,4,No,8,4,No
28,20790,1,3,50,1,3,Yes,4,5,Yes
28,63274,5,7,7,2,1,Yes,5,2,No
53,168974,1,34,36,3,4,No,6,4,Yes
43,78770,5,16,45,2,1,No,3,2,Yes
30,71504,16,16,29,3,2,Yes,8,3,No
30,67220,11,11,49,4,3,No,0,3,No
44,56225,0,13,24,4,1,No,6,3,No
44,64769,3,4,8,1,2,Yes,1,5,Yes
26,26230,0,11,23,3,2,No,8,4,No
42,79678,7,11,45,2,3,No,2,0,No
30,104372,6,10,4,1,4,No,2,6,No
46,85792,4,4,27,1,3,No,6,5,No
54,18000,0,3,45,2,2,No,4,3,Yes
48,70026,8,8,5,4,2,No,0,1,No
32,65789,15,15,10,1,4,No,0,1,No
27,29952,2,2,43,4,3,No,7,6,No
55,176580,5,34,44,3,1,Yes,1,4,Yes
43,138810,24,24,28,2,2,No,4,5,No
52,81304,4,17,26,1,1,No,2,0,No
35,64638,11,12,14,1,1,No,1,5,No
40,109753,21,21,26,3,4,No,8,1,No
22,43496,5,6,21,2,3,No,8,0,No
35,58176,16,16,23,4,2,No,0,4,No
28,79948,4,10,16,2,2,No,1,4,No
44,18000,0,1,26,3,4,No,2,0,Yes
56,44072,0,5,21,4,3,Yes,4,5,Yes
38,29119,4,4,19,4,2,No,7,0,No
49,79786,5,12,48,2,2,No,3,6,No
44,92715,17,23,17,1,3,No,3,6,No
41,69100,11,19,5,4,4,No,3,3,No
22,40065,2,7,12,1,3,No,5,2,No
54,40434,0,3,11,3,3,Yes,2,1,No
22,57517,3,5,16,4,2,Yes,8,0,No
56,39034,1,2,5,1,4,Yes,8,3,No
60,32572,2,6,21,2,3,No,4,1,No
52,107744,13,21,1,4,4,Yes,2,5,No
58,32565,0,5,21,2,2,No,3,3,No
49,70777,6,12,50,3,4,Yes,3,0,No
53,140292,14,33,17,4,4,Yes,1,0,No
51,18000,0,3,23,2,3,No,3,4,No
23,25544,1,5,25,1,4,No,8,5,No
51,135814,18,29,14,2,2,Yes,1,1,No
46,18519,0,1,32,1,2,Yes,7,1,Yes
48,136517,9,26,23,4,3,Yes,2,6,No
34,39948,9,11,47,3,2,Yes,7,4,No
28,49057,0,8,27,3,3,No,8,0,No
51,90391,13,15,49,4,1,No,3,0,No
56,49607,5,15,5,1,2,No,4,5,No
39,92331,8,20,23,1,3,No,5,5,No
31,66942,15,15,38,4,1,No,0,2,No
37,102942,15,20,32,4,1,No,1,2,No
51,65422,9,10,3,3,4,Yes,7,5,No
26,40395,6,6,12,1,4,Yes,1,0,No
36,18000,1,4,10,3,3,No,3,1,No
24,20693,3,4,47,3,3,No,3,4,No
25,61304,4,4,43,2,2,Yes,5,1,Yes
33,32866,3,8,8,4,4,No,7,4,No
58,157891,6,31,13,4,1,Yes,0,4,No
40,48582,1,4,29,1,3,No,5,2,No
49,151697,12,27,22,3,2,No,7,3,Yes
55,143848,2,29,39,1,2,Yes,7,0,No
46,87100,15,17,18,3,3,No,6,4,Yes
35,104128,10,17,45,2,4,Yes,4,2,Yes
29,37139,0,11,17,4,2,No,8,0,No
49,117776,8,19,17,3,1,Yes,1,1,No
33,52607,5,9,45,4,4,No,7,1,No
24,91150,5,6,22,1,2,No,0,1,No
60,18000,0,0,5,1,1,No,8,0,No
46,38576,1,3,29,4,1,No,7,4,No
29,67953,0,8,18,1,4,No,2,0,No
42,84208,10,10,13,2,4,No,1,5,No
41,45639,5,9,9,2,4,No,8,5,No
23,21004,0,1,25,4,2,No,4,5,No
28,85771,5,9,26,3,3,Yes,7,1,Yes
46,90855,14,17,18,3,3,No,6,4,Yes
22,37825,3,3,37,3,2,No,3,1,No
60,198199,7,29,41,4,1,Yes,8,2,Yes
46,139988,0,25,45,1,3,No,1,1,No
22,31339,2,4,16,2,4,Yes,6,2,No
33,71275,5,7,30,1,3,No,2,4,No
41,31452,1,5,34,2,1,No,6,0,Yes
27,76161,4,10,19,2,2,No,1,5,No
27,51638,5,9,34,3,1,No,4,4,No
52,56721,0,9,21,2,2,No,6,1,Yes
39,37972,3,3,4,2,2,No,3,3,Yes
41,101608,13,13,49,3,1,No,2,5,No
49,123406,25,31,28,2,1,No,0,0,No
54,45171,5,9,37,4,4,Yes,7,4,No
43,115446,1,25,32,4,2,No,8,4,No
34,104892,3,18,13,3,2,Yes,2,2,No
57,115618,19,32,48,2,3,Yes,3,4,Yes
30,21505,5,5,38,2,4,No,3,6,No
37,52009,2,9,11,4,4,No,0,2,No
39,49266,2,8,2,3,3,Yes,5,5,No
25,18000,3,6,21,2,3,No,5,3,No
39,46728,0,0,12,4,3,No,3,3,No
22,42236,3,3,30,2,4,No,8,6,No
46,123632,1,19,29,1,2,No,1,4,No
47,147233,14,26,19,3,3,No,5,6,No
44,60588,2,8,16,2,1,No,8,3,Yes
53,43639,4,9,39,1,1,No,6,6,Yes
47,136126,14,24,21,1,4,No,0,4,No
45,131305,24,25,15,1,2,No,5,4,Yes
57,57119,5,10,6,4,2,Yes,5,0,No
55,138461,10,26,6,1,4,No,0,4,No
26,88790,7,8,6,4,3,No,3,0,No
23,55060,1,3,35,1,4,Yes,4,5,Yes
43,82964,10,10,14,3,4,No,1,5,No
51,128356,1,23,31,1,3,Yes,1,4,No
24,24229,1,5,24,1,4,No,8,6,No
28,18000,5,12,27,3,3,No,3,5,No
60,116174,13,19,11,4,3,Yes,3,5,No
27,47923,3,10,27,3,3,No,7,0,No
47,24804,0,1,10,3,3,No,7,4,No
39,118363,1,22,6,2,1,No,4,1,No
21,18000,4,5,25,4,2,Yes,3,0,No
57,85320,5,23,45,3,2,Yes,6,2,No
34,75300,11,14,46,2,3,Yes,8,1,No
30,42590,10,10,27,2,3,No,2,2,No
24,58384,1,7,45,4,1,No,0,3,No
35,54653,14,15,10,3,2,Yes,6,6,No
53,109668,11,24,38,4,2,No,4,3,No
58,24564,0,1,42,3,3,No,0,0,No
40,47816,2,9,29,3,2,No,2,0,No
43,55582,2,4,26,2,3,No,0,5,No
56,52114,3,7,33,3,1,No,4,5,No
59,93858,1,13,36,3,4,No,2,2,No
40,105404,7,21,14,2,1,No,1,2,No
22,51779,3,3,37,2,1,No,0,6,No
31,20570,3,3,37,3,4,No,3,6,No
47,106258,14,16,7,4,1,No,8,6,No
37,44322,2,9,29,4,2,No,4,0,No
25,26832,0,6,32,2,1,Yes,1,1,Yes
26,67812,2,10,17,1,4,Yes,8,6,No
25,50596,2,8,38,4,4,No,6,0,No
47,18000,0,0,10,1,2,Yes,5,3,Yes
47,22337,0,0,8,4,3,No,7,6,No
52,65628,4,13,44,1,3,No,0,2,Yes
50,88656,12,15,48,4,1,No,2,1,No
55,153287,10,27,2,1,4,No,0,3,No
34,93877,6,15,12,4,4,No,5,6,No
45,124417,14,22,23,1,3,No,2,4,No
37,53514,0,9,8,3,4,No,0,0,No
60,52567,1,5,4,2,3,No,3,4,No
58,86679,11,15,31,2,1,Yes,8,2,Yes
59,125619,23,23,15,4,4,Yes,3,4,No
44,111092,4,27,49,3,1,No,4,6,No
38,35568,3,3,2,2,2,No,3,3,Yes
59,140393,8,26,24,1,1,Yes,7,2,Yes
27,18000,0,1,42,3,3,Yes,4,5,Yes
49,82218,13,14,27,3,2,No,0,2,No
35,100362,3,18,11,3,2,Yes,3,2,No
38,71809,1,12,16,1,2,Yes,8,2,No
47,129375,1,29,14,1,1,No,2,5,No
53,95149,16,18,35,3,4,No,2,0,No
40,20668,2,3,7,3,3,Yes,3,4,No
32,55357,7,7,45,3,4,No,7,2,No
54,101013,12,25,12,3,1,No,7,1,No
24,59491,0,5,10,1,2,No,8,4,Yes
34,65687,0,18,11,1,2,Yes,4,0,Yes
48,24177,2,2,10,3,4,No,7,4,No
32,74987,2,7,19,4,3,Yes,2,2,No
59,120161,4,23,9,1,2,No,1,2,No
37,60769,11,14,11,1,2,Yes,1,1,No
39,113886,21,21,26,3,3,No,7,0,No
38,111786,12,18,50,3,4,Yes,5,1,Yes
31,20284,1,4,48,1,3,Yes,6,5,Yes
21,43629,1,1,27,2,4,No,8,5,No
47,89835,14,17,17,3,3,No,7,3,Yes
58,37843,3,5,13,1,2,No,1,1,No
55,105217,18,23,24,3,4,Yes,2,4,No
43,111759,13,25,16,4,4,Yes,4,0,No
48,23547,0,0,9,3,3,No,6,6,No
46,86228,13,13,5,1,2,Yes,1,0,Yes
34,69086,4,13,46,4,3,No,1,2,No
39,133816,4,21,48,4,3,No,5,5,Yes
38,111590,12,19,23,1,2,No,6,0,No
52,18000,0,4,41,2,3,No,5,4,Yes
39,77436,6,12,27,4,1,No,4,0,No
46,70957,5,14,9,2,3,No,6,4,No
55,93213,10,11,17,4,2,Yes,6,3,No
58,103915,5,18,42,3,2,Yes,4,4,No
50,163220,10,30,34,2,2,Yes,5,4,Yes
35,80301,5,7,1,3,1,No,1,4,No
27,60687,0,1,29,4,2,No,1,0,No
59,49150,4,13,22,2,1,Yes,1,6,No
26,76144,9,10,30,1,1,No,6,5,Yes
55,92155,9,17,43,1,1,No,8,1,Yes
58,87158,1,18,36,3,4,Yes,7,5,No
39,71635,7,9,44,1,3,No,5,1,No
54,148832,5,30,37,1,1,Yes,7,0,No
36,89087,4,19,12,2,1,No,3,1,No
43,38900,2,4,35,1,2,Yes,7,3,Yes
25,71063,6,6,22,4,3,No,5,2,No
33,33070,3,7,8,4,3,No,7,4,No
33,105885,10,16,26,3,3,No,1,1,No
50,82850,17,20,2,3,1,Yes,5,5,No
25,58068,5,7,45,1,2,Yes,8,1,Yes
29,46894,0,12,7,3,3,No,6,4,No
31,45690,0,10,29,2,2,No,5,2,No
35,93658,17,17,5,3,2,No,3,2,No
43,18000,0,0,23,3,1,No,1,6,No
26,53989,1,4,38,3,3,Yes,2,3,No
47,100414,10,25,29,4,3,No,3,3,No
31,81980,11,14,44,3,2,No,6,4,No
54,57267,1,2,28,2,3,Yes,2,3,No
44,80956,9,14,21,1,3,No,1,4,No
46,31649,1,2,36,2,3,No,3,4,No
46,119079,1,19,6,4,4,Yes,6,1,No
45,102529,9,13,11,3,2,Yes,1,3,No
33,61936,4,15,38,2,3,Yes,4,1,Yes
52,24130,1,1,4,2,4,Yes,8,2,No
29,53458,4,13,42,4,2,Yes,5,5,No
47,124912,10,31,4,4,2,No,3,2,No
36,64242,8,11,14,1,1,No,1,5,No
21,18783,2,3,49,4,1,No,3,3,No
26,48134,0,8,32,4,3,No,5,3,No
28,62509,10,12,11,4,4,Yes,8,5,Yes
26,59588,2,8,10,3,3,No,0,5,No
38,124297,2,19,4,1,4,No,1,2,No
56,153113,7,27,4,1,4,No,0,3,No
59,27761,1,3,34,1,1,Yes,0,3,Yes
45,146056,18,29,35,2,4,Yes,8,3,No
50,136128,21,22,25,3,4,No,1,4,No
32,106900,1,14,33,1,4,No,6,1,No
24,18000,3,4,10,3,3,No,5,3,No
29,83650,8,11,5,4,4,Yes,4,1,No
48,101625,12,23,18,2,1,Yes,6,3,Yes
30,87722,5,10,22,2,2,No,3,3,No
25,18294,2,7,20,2,3,Yes,7,0,No
39,58353,3,16,25,4,1,No,5,6,No
47,110561,5,23,42,2,3,Yes,1,0,Yes
42,116261,22,22,31,4,1,No,7,2,No
42,45928,2,4,36,4,2,No,3,2,No
52,167819,2,26,32,4,2,No,5,2,No
25,59259,6,7,46,1,2,Yes,8,1,Yes
55,43546,5,15,6,1,2,No,5,4,No
38,106771,15,22,13,1,3,No,7,1,No
48,87918,8,13,31,1,1,Yes,3,5,No
56,84469,4,8,44,1,1,Yes,0,6,Yes
22,18203,1,5,28,2,4,Yes,3,2,No
21,26110,1,2,13,4,4,No,8,6,No
23,53101,3,6,18,2,1,Yes,1,6,No
60,48656,0,2,34,2,4,No,1,3,No
31,61808,8,10,48,1,1,Yes,5,0,No
33,57562,1,13,1,4,1,No,7,3,No
29,25500,5,11,9,2,2,No,6,6,No
44,136974,18,28,49,1,2,No,1,0,No
46,31464,1,2,36,2,4,No,5,4,No
60,123024,0,31,33,3,4,No,2,1,No
40,75814,14,22,21,4,4,No,0,0,No
46,147905,1,27,46,1,1,No,4,3,No
41,31320,0,6,33,2,1,No,7,0,Yes
48,32400,0,4,30,2,2,Yes,5,4,Yes
44,117317,3,18,5,4,4,Yes,6,2,No
38,76563,6,12,27,4,1,No,1,0,No
47,130300,24,25,38,3,2,No,2,6,No
54,68320,17,17,35,3,3,No,4,5,No
43,132370,23,24,12,1,2,No,6,4,Yes
35,76570,15,15,28,3,2,Yes,2,5,Yes
32,29995,2,5,34,2,1,No,3,3,No
46,104430,7,22,37,2,2,Yes,3,5,Yes
60,180993,11,28,36,1,4,Yes,8,2,No
37,107313,6,19,45,3,1,Yes,7,4,Yes
42,52060,0,5,23,3,3,Yes,6,3,No
53,110925,9,16,15,1,1,No,2,5,No
33,32646,3,5,8,4,3,No,8,4,No
58,46730,6,17,9,4,4,No,0,5,No
51,145482,17,33,45,3,4,No,8,4,Yes
53,154524,27,27,47,4,1,Yes,6,4,No
32,66660,8,14,42,2,2,Yes,3,3,Yes
36,27712,7,10,50,4,1,No,6,4,No
27,55512,6,9,9,1,4,No,2,6,No
41,54800,2,5,3,2,3,Yes,7,6,No
39,18350,2,4,9,1,3,No,6,6,No
38,101843,13,16,18,2,1,Yes,0,3,Yes
57,145315,3,32,37,1,1,Yes,5,0,No
38,92753,16,16,6,3,1,No,1,4,No
41,61205,1,8,50,4,1,No,1,1,No
58,137462,20,26,20,1,2,No,7,3,No
44,86637,0,20,38,4,4,No,3,6,No
50,117903,1,28,23,2,2,No,5,3,No
39,46717,4,10,32,4,3,No,3,0,No
50,109211,4,8,32,1,4,Yes,2,6,No
40,81866,0,13,42,4,4,No,4,0,No
28,50192,10,11,14,2,4,No,3,2,No
28,62523,8,11,5,2,1,Yes,2,4,No
50,147591,17,32,33,2,3,No,4,3,No
53,44809,10,10,4,1,3,Yes,6,1,No
40,86682,18,18,3,4,3,No,2,4,No
30,82969,5,15,1,4,1,No,2,0,No
22,58889,0,6,39,4,1,Yes,8,4,No
48,170757,26,27,45,3,2,No,3,2,No
51,57883,0,3,9,4,4,Yes,2,5,No
58,130388,22,23,11,3,4,Yes,2,3,No
38,94753,16,20,13,2,4,No,8,5,No
40,72559,5,12,24,3,1,No,0,0,No
39,29755,5,5,25,1,3,Yes,2,2,Yes
55,126108,19,32,50,2,4,Yes,2,4,Yes
41,19295,2,5,31,2,2,Yes,6,1,No
34,57415,1,12,3,4,2,No,7,4,No
38,82095,7,19,40,3,4,Yes,8,4,No
27,44841,0,7,32,4,3,No,4,4,No
53,32574,2,2,41,1,2,No,3,4,Yes
34,57448,3,17,23,2,2,No,1,4,No
47,41502,1,10,12,1,3,Yes,1,4,No
40,44137,5,8,36,2,4,No,2,6,No
25,95628,5,7,15,4,2,No,6,4,No
59,84693,4,20,6,1,2,No,2,5,No
49,43452,0,2,47,3,3,Yes,3,2,Yes
47,141753,19,29,35,2,4,Yes,8,3,No
45,153896,2,27,42,1,2,No,5,4,No
24,49590,4,4,12,2,3,No,6,6,No
32,42107,11,11,48,3,2,Yes,7,3,No
48,93919,6,15,42,4,3,No,8,3,No
37,79695,15,18,18,2,1,Yes,3,0,Yes
21,21126,3,5,30,3,1,No,6,2,Yes
42,18000,2,4,31,3,4,Yes,1,5,No
40,34083,3,7,39,1,3,No,6,0,No
47,54308,5,5,34,4,4,No,2,3,No
26,74520,1,9,40,4,3,No,6,6,Yes
51,70060,7,14,17,1,1,No,2,3,Yes
43,83713,9,11,16,2,4,No,1,5,No
41,82895,10,12,17,2,4,No,1,5,No
59,162225,4,24,27,2,3,Yes,1,5,Yes
49,105414,5,8,34,1,4,Yes,2,6,No
32,67964,14,14,8,1,3,No,1,0,No
29,51646,1,13,8,2,3,No,6,5,No
48,99759,13,18,5,4,3,Yes,1,2,No
55,125875,16,21,26,3,4,No,2,2,No
54,94089,7,9,43,3,2,No,8,4,No
59,141402,12,26,4,2,4,Yes,2,0,No
26,28668,3,6,40,4,2,No,6,5,No
43,114744,5,27,42,2,2,Yes,0,0,Yes
36,57612,8,18,12,3,4,No,7,3,No
22,47942,3,7,2,3,3,No,5,0,No
48,137067,2,18,16,1,3,No,2,1,No
23,35877,0,6,6,4,2,No,8,4,No
21,41047,1,1,43,4,3,Yes,7,5,No
24,49335,3,5,44,2,4,No,3,0,Yes
53,128218,29,31,5,1,4,Yes,6,3,No
49,71098,8,10,17,1,2,No,7,3,No
57,80054,7,8,16,1,1,Yes,1,1,No
31,28299,1,5,35,1,1,No,4,4,No
50,137554,7,29,5,4,2,No,8,5,No
25,18000,3,6,21,3,3,No,5,3,No
38,109117,2,20,4,1,2,Yes,6,1,No
41,110986,12,26,16,4,4,Yes,5,0,No
55,44390,1,3,19,4,2,Yes,3,5,Yes
40,97470,6,22,19,1,3,Yes,3,1,No
57,122056,27,30,5,4,3,Yes,3,5,No
51,106994,15,22,6,4,3,Yes,3,4,No
49,18077,0,0,22,1,3,Yes,3,6,No
50,159146,8,30,50,2,4,No,7,4,No
36,62312,0,10,50,2,4,Yes,6,4,No
26,50038,7,8,40,2,3,No,8,2,Yes
42,111275,14,15,46,4,3,Yes,7,1,No
58,25306,1,4,42,3,3,No,0,0,No
53,83229,4,14,45,1,3,No,6,0,No
40,45836,0,4,39,4,2,No,4,1,No
58,51191,0,2,6,1,1,No,1,5,Yes
22,26931,1,7,33,2,1,Yes,1,1,Yes
40,123229,19,23,49,1,2,No,7,3,No
33,62549,1,15,41,3,3,Yes,7,0,Yes
60,140169,0,26,36,1,1,No,4,4,Yes
53,35307,2,2,44,1,4,No,5,1,No
41,102953,13,13,46,4,1,No,3,5,No
23,50717,3,7,15,2,1,Yes,2,6,No
35,68464,10,11,12,1,1,No,1,5,No
52,122227,26,27,31,3,1,No,1,1,No
58,131891,17,29,44,2,3,Yes,1,2,Yes
27,66463,8,8,8,2,1,Yes,2,3,No
51,104211,6,12,26,3,3,Yes,0,0,Yes
51,73462,10,15,33,3,1,No,5,4,No
54,44015,0,3,22,4,3,Yes,5,5,Yes
49,138870,19,26,15,2,1,No,2,5,No
44,18000,1,1,28,3,4,No,2,1,Yes
35,39817,2,4,21,4,1,Yes,2,3,Yes
55,81338,15,21,47,2,2,Yes,4,3,No
27,55149,5,6,18,1,1,No,6,6,Yes
47,19150,2,6,30,4,2,No,0,6,No
53,171136,24,24,46,4,2,No,6,4,No
39,77548,0,12,40,4,4,No,4,1,No
51,128905,18,32,32,1,3,No,5,4,No
55,107212,29,31,30,3,3,No,2,5,No
38,33683,0,4,1,1,4,No,3,5,Yes
46,126799,14,21,24,1,3,No,0,4,No
32,64168,4,15,48,4,3,No,1,1,No
56,117162,15,20,6,3,1,No,8,6,No
47,102558,2,20,28,1,4,No,4,0,No
42,139482,4,22,12,4,1,Yes,8,1,No
30,58035,1,12,23,4,3,Yes,0,5,No
57,173003,8,33,1,1,1,No,7,1,No
48,75552,3,16,12,4,3,No,6,6,No
51,100336,11,11,43,2,1,No,5,3,Yes
22,42133,2,2,45,4,2,Yes,7,6,No
39,82852,2,10,38,1,1,Yes,2,6,Yes
54,56282,5,10,50,1,4,No,0,1,No
25,57075,0,8,26,1,2,No,8,6,Yes
56,147505,3,31,37,1,1,Yes,7,0,No
37,25771,4,6,18,4,2,No,7,0,No
24,18022,0,7,27,4,2,No,0,6,No
33,21955,0,1,38,1,2,No,2,1,Yes
52,171898,0,27,33,4,2,No,6,2,No
45,18000,0,2,29,3,4,No,2,1,Yes
59,143245,10,28,2,2,4,Yes,3,0,No
23,18000,0,4,28,3,2,Yes,3,3,No
57,136474,25,33,30,1,2,Yes,7,2,No
22,18000,5,6,17,4,2,No,2,6,No
60,148503,9,26,10,3,1,No,5,2,No
51,128857,9,19,17,3,1,Yes,1,0,No
34,82236,1,15,32,1,2,No,6,4,No
24,45468,0,6,5,3,4,No,4,1,No
53,168243,28,28,45,4,1,Yes,7,4,No
47,38779,2,2,26,3,1,No,6,3,No
21,40379,0,3,43,1,4,No,1,1,No
45,72771,2,14,10,4,4,Yes,8,4,No
52,83550,5,16,44,1,3,No,8,1,No
52,65361,8,13,24,4,3,No,2,1,No
22,18000,0,6,20,4,4,No,2,4,No
52,87988,16,20,20,2,2,No,4,5,No
41,51008,6,13,43,3,2,Yes,1,4,Yes
57,108748,3,6,2,2,2,Yes,6,5,Yes
32,78135,8,14,30,3,4,Yes,1,3,No
28,28736,0,0,27,2,4,No,6,6,No
54,152853,23,32,37,3,1,No,7,0,No
44,67641,5,6,40,4,2,Yes,2,1,No
53,168392,11,30,32,4,3,No,5,4,No
50,135416,18,21,27,3,3,No,1,3,No
48,108134,3,19,25,1,3,No,3,0,No
54,63767,0,10,24,2,2,No,4,3,Yes
26,72182,0,8,44,3,4,No,2,4,No
33,48659,1,9,22,3,1,Yes,0,3,Yes
38,101794,11,20,8,4,4,No,4,5,No
22,53440,0,5,24,4,4,No,8,1,No
35,75094,5,16,48,2,3,No,6,1,No
27,43803,3,3,9,3,3,No,3,4,No
26,41242,6,6,48,4,1,Yes,3,3,Yes
59,130902,6,21,27,3,3,No,8,4,No
56,20658,1,7,17,2,1,Yes,1,0,No
55,118205,28,28,7,1,4,Yes,5,2,No
38,81342,8,20,40,3,4,Yes,7,3,No
32,97771,5,15,25,4,1,No,5,1,No
55,32937,7,7,12,4,4,No,7,6,No
24,37250,1,4,4,4,1,No,7,3,No
46,127571,14,30,16,2,3,Yes,5,3,Yes
59,45051,8,8,40,4,2,Yes,7,4,No
50,53991,1,4,21,2,4,Yes,2,1,Yes
35,18000,1,2,40,4,2,Yes,7,1,No
45,87011,12,12,2,2,4,No,6,3,No
59,136653,9,25,27,1,1,Yes,6,2,Yes
54,57460,8,9,7,1,1,No,0,2,No
33,69783,15,15,30,3,2,Yes,2,6,Yes
52,86402,3,18,27,1,1,No,0,1,No
22,34302,1,5,9,2,2,No,0,1,No
58,112821,4,18,41,4,1,Yes,4,4,No
23,19265,2,2,35,3,1,No,6,4,Yes
54,100152,16,19,38,3,4,No,3,1,No
57,25625,1,1,2,1,4,Yes,7,3,No
54,64113,3,8,27,1,3,No,5,6,No
48,45429,0,1,48,3,3,Yes,2,4,Yes
32,94692,12,12,13,1,3,Yes,7,5,Yes
28,47528,6,10,28,1,2,Yes,3,5,Yes
27,65013,7,9,2,2,1,Yes,4,2,No
37,34228,2,4,34,1,2,No,1,4,No
53,56238,13,17,1,3,3,No,6,2,No
52,18993,0,6,13,2,3,No,8,6,No
60,68146,1,10,23,3,3,No,7,3,No
50,79151,8,18,42,3,3,No,8,2,No
54,79158,3,5,42,2,2,Yes,4,3,Yes
41,35402,8,9,11,1,4,Yes,5,0,No
25,45236,2,2,25,4,1,No,1,3,No
52,87059,2,17,27,1,1,No,0,0,No
42,100587,1,18,39,2,3,No,4,4,No
34,68583,7,7,33,4,2,Yes,8,3,No
31,113860,6,16,10,4,2,No,5,1,No
34,34648,1,4,7,4,3,No,5,0,No
51,173064,1,26,34,4,2,No,5,3,No
30,74849,10,13,44,2,1,No,1,2,Yes
25,52289,0,5,23,4,3,No,1,4,No
22,39373,1,4,14,2,3,Yes,1,4,No
60,53332,2,13,8,2,4,No,8,5,No
26,37584,5,5,2,4,2,No,1,5,No
42,125961,1,23,37,3,1,No,6,3,No
51,43767,3,8,13,3,1,No,5,1,Yes
38,119532,2,20,6,1,4,No,1,3,No
31,53907,6,11,48,4,4,Yes,1,1,No
60,132411,9,28,25,1,1,Yes,7,3,Yes
22,18000,5,5,12,1,1,No,7,4,No
55,82910,3,5,45,2,2,Yes,4,3,Yes
27,75767,1,8,50,3,4,No,5,1,Yes
31,59541,0,11,23,4,3,Yes,0,6,No
38,115640,2,15,11,1,1,Yes,5,2,No
40,99990,16,21,39,3,2,No,5,2,No
32,57228,13,16,37,1,1,No,3,1,No
31,50390,5,7,16,4,1,Yes,2,6,Yes
25,46739,4,5,7,2,3,No,5,5,No
23,46697,2,5,27,2,1,No,6,5,No
23,27955,1,5,38,2,4,Yes,0,4,No
29,80167,2,7,38,3,2,No,7,2,No
22,41319,3,4,2,3,2,Yes,4,2,No
27,65638,8,8,28,1,2,No,6,3,Yes
27,45538,0,7,32,4,2,No,4,5,No
50,93484,12,15,46,4,1,No,0,1,No
24,51814,0,4,13,2,2,No,4,1,No
54,33104,2,5,41,3,4,No,5,6,No
44,104338,0,11,18,4,3,No,4,3,No
27,18000,0,2,40,3,4,Yes,4,5,Yes
57,62679,10,11,46,3,2,No,5,6,No
22,19945,2,5,49,3,3,No,3,5,No
57,136591,23,26,21,2,4,No,6,4,No
22,43851,3,3,5,4,3,No,5,0,No
36,96597,16,18,9,2,1,No,7,3,No
35,94399,8,21,40,3,4,No,5,3,No
37,31613,4,6,11,1,3,No,4,5,No
50,79528,7,15,35,3,3,No,1,1,No
39,82753,7,19,38,3,4,Yes,7,5,No
23,18089,2,5,8,3,4,Yes,8,4,Yes
21,41196,4,4,2,3,2,Yes,4,2,No
23,42486,0,6,10,2,4,No,8,2,Yes
25,58150,4,5,43,4,2,No,1,2,No
26,37145,1,7,36,1,4,Yes,0,3,Yes
38,31755,0,0,1,1,4,No,3,4,Yes
31,52952,4,10,15,2,3,No,7,3,No
57,80457,0,17,43,1,2,Yes,5,0,Yes
22,40997,2,5,42,4,3,Yes,7,6,No
60,40182,1,7,3,2,2,No,7,6,No
59,172650,7,33,1,1,1,No,7,2,No
49,78929,6,12,16,2,2,No,5,0,No
39,109496,4,21,28,1,4,No,1,3,No
27,51078,6,8,25,2,1,No,0,3,Yes
47,37728,0,0,46,3,3,No,3,1,No
52,94433,11,13,41,2,1,No,5,3,Yes
46,140367,18,28,47,1,2,No,2,1,No
22,27207,2,4,45,3,3,No,8,6,Yes
34,76009,11,14,17,2,3,Yes,7,3,No
21,18678,1,1,31,3,1,No,5,5,Yes
58,162928,24,32,8,1,2,No,1,0,No
34,70378,6,17,39,4,3,No,6,0,No
41,34152,4,10,41,1,2,No,5,1,No
30,53245,4,7,16,4,1,Yes,2,6,Yes
57,32108,0,2,19,1,1,No,4,6,No
35,18352,1,2,44,1,2,No,8,0,No
53,23141,0,1,1,1,4,Yes,7,4,No
38,86214,1,11,43,4,4,No,5,2,No
50,160760,2,32,41,3,3,No,2,4,No
42,70173,8,12,48,4,1,No,0,0,No
56,53417,2,7,34,3,1,No,3,6,No
44,127689,3,25,47,4,2,No,4,6,No
44,92938,4,6,29,1,2,No,5,6,No
42,115964,19,24,25,4,1,No,4,2,No
32,86739,0,14,12,1,1,No,4,1,No
29,18781,0,0,25,1,2,No,6,3,No
55,70308,6,12,9,2,2,No,7,0,No
21,49650,0,4,13,1,3,Yes,8,6,Yes
35,88697,8,17,42,3,4,No,7,5,No
24,43763,3,6,21,1,3,No,5,1,No
30,38042,2,5,9,4,3,No,5,0,No
53,36618,0,5,45,3,3,Yes,8,4,Yes
32,47024,0,9,28,3,1,Yes,1,4,Yes
52,60778,2,8,31,4,2,Yes,2,4,Yes
60,129665,24,33,28,1,2,Yes,6,2,No
27,18723,0,3,38,2,4,No,5,0,No
37,127081,7,15,22,4,3,No,0,2,No
26,18304,0,2,4,4,4,No,6,4,No
31,45531,1,13,32,1,3,No,4,2,No
25,48800,6,7,46,1,3,Yes,8,1,Yes
38,35534,8,11,14,3,4,No,3,0,No
50,121646,17,21,5,2,1,No,7,5,No
41,53314,3,10,50,2,1,No,4,4,No
44,121553,17,23,37,3,4,No,6,1,No
37,79624,10,15,18,3,3,Yes,1,5,Yes
32,37889,3,3,46,2,1,Yes,0,6,Yes
41,75188,6,15,46,1,1,No,2,2,Yes
45,110321,6,20,39,1,2,Yes,3,3,Yes
49,47881,13,15,1,4,4,No,8,6,No
41,92736,1,17,12,3,3,No,4,1,No
52,123471,27,27,31,3,1,No,2,0,No
42,81125,9,9,14,2,4,No,1,4,No
29,20159,0,4,50,1,3,Yes,3,4,Yes
37,76095,2,13,16,1,2,Yes,8,3,No
49,132445,19,29,41,1,2,No,0,1,Yes
26,30595,1,1,4,2,2,No,8,0,No
55,52196,1,6,37,3,1,No,3,5,No
28,74524,6,12,18,2,2,No,3,3,No
28,27254,1,9,44,2,2,No,5,0,No
56,43748,0,3,22,4,3,Yes,2,5,Yes
25,43605,0,3,37,1,3,No,2,5,No
43,102169,18,21,15,3,1,No,8,0,No
48,81643,22,23,13,3,4,No,5,6,No
42,124804,17,24,45,3,4,No,7,1,No
45,59310,0,11,23,4,1,No,7,4,No
40,33427,0,0,12,1,4,No,4,6,No
49,65815,8,8,7,4,2,No,1,1,No
26,30801,0,0,8,3,2,No,7,1,No
25,46076,3,11,31,2,3,No,4,1,No
48,134348,8,28,2,3,2,No,7,5,No
58,172981,6,29,39,3,1,No,4,2,No
32,75873,8,14,30,2,4,Yes,5,3,No
50,144414,17,32,33,2,3,No,5,4,No
32,61506,1,14,8,1,3,No,5,5,No
49,23687,0,2,4,3,3,No,8,6,No
37,53282,1,2,21,4,3,No,4,3,No
42,78824,13,23,17,4,4,No,0,0,No
53,109528,17,19,38,3,4,No,3,1,No
26,38356,0,5,37,1,3,Yes,1,2,Yes
29,68190,8,11,18,3,1,No,4,2,No
34,93117,14,14,5,3,2,No,2,1,No
21,29187,0,2,42,1,1,No,8,1,Yes
57,148493,12,27,11,1,2,No,7,0,No
59,94866,7,21,43,3,2,Yes,4,2,No
53,127673,22,27,23,3,1,Yes,5,4,No
41,119630,1,24,32,4,2,No,7,3,No
46,18000,1,4,49,2,2,No,0,5,No
53,43645,7,9,25,1,4,Yes,3,0,No
37,52827,2,12,3,3,4,Yes,0,2,No
39,99516,16,22,14,2,3,No,6,0,No
38,138332,3,23,20,4,2,Yes,2,4,No
47,97721,14,17,4,4,2,No,8,3,No
50,57192,3,3,18,1,1,No,6,5,No
39,107327,16,21,31,3,1,No,4,1,No
50,98859,3,21,21,4,4,No,4,5,No
24,51486,1,8,44,2,3,Yes,0,0,Yes
43,70968,5,5,33,4,3,Yes,0,0,No
60,142730,0,27,39,1,1,No,4,3,Yes
36,36368,6,9,16,3,4,Yes,7,4,No
57,155440,32,35,49,1,2,Yes,1,0,No
47,85750,7,15,46,2,1,No,2,6,No
56,157018,4,29,34,1,1,Yes,6,1,No
22,44248,2,3,24,1,4,No,8,4,No
49,132914,17,22,28,3,3,No,1,3,No
26,18000,7,8,13,3,1,No,8,2,No
47,77932,11,11,33,1,2,Yes,2,6,Yes
52,175397,14,34,41,2,1,No,1,1,No
23,25025,0,3,48,3,4,Yes,2,2,Yes
53,103653,8,8,27,2,2,Yes,8,2,No
58,25437,0,0,9,4,4,Yes,6,2,Yes
36,102373,3,15,30,3,4,Yes,4,2,No
54,147372,8,30,32,3,3,No,4,0,No
38,62903,1,8,47,2,4,Yes,4,5,No
23,52348,4,9,12,2,2,No,4,2,Yes
57,153551,10,27,27,2,3,No,7,5,No
53,147564,30,31,29,3,3,No,2,6,No
41,133621,2,23,15,4,1,Yes,8,0,No
21,45312,2,4,27,1,1,No,5,4,No
36,91625,15,15,21,2,3,Yes,6,4,No
60,124891,26,27,11,1,3,No,4,3,No
28,79732,1,9,1,2,4,Yes,3,1,Yes
36,37131,4,4,22,4,1,Yes,4,3,Yes
23,91144,3,8,20,2,2,No,1,2,No
34,49950,12,16,38,1,1,No,4,1,No
51,118755,31,31,38,2,3,Yes,8,0,No
27,40747,1,8,37,1,1,No,5,4,Yes
49,132804,26,31,27,2,1,No,0,0,No
50,139072,18,19,30,2,2,No,0,3,No
54,86049,10,17,44,1,1,No,8,2,Yes
54,69254,11,11,2,3,3,Yes,8,3,No
53,123631,27,28,31,3,1,No,2,1,No
59,95298,5,18,28,4,4,Yes,0,6,Yes
27,74026,9,9,17,3,2,Yes,7,5,No
49,165586,0,33,13,3,2,Yes,0,0,No
45,127201,24,27,36,3,3,No,2,6,No
29,18000,0,0,50,2,2,No,0,3,No
24,27587,2,4,27,1,4,No,8,4,No
48,83463,16,17,32,4,4,No,7,5,No
59,128139,21,26,14,1,3,No,7,4,No
21,34194,0,2,26,1,4,No,1,3,No
48,71685,0,7,27,2,4,Yes,0,3,No
53,85696,0,24,7,3,1,Yes,0,4,No
51,170232,6,30,48,2,4,No,8,5,No
34,69812,14,16,27,3,2,Yes,2,6,Yes
24,93652,5,5,15,4,1,No,7,5,No
42,20479,0,0,47,4,4,No,1,0,No
43,46498,0,10,10,4,4,No,2,3,No
52,165360,0,32,35,3,4,No,8,3,Yes
33,46450,2,10,49,4,2,No,4,1,No
35,99257,5,16,38,4,2,No,0,1,No
34,87411,5,14,46,3,2,Yes,2,2,No
56,174341,15,34,30,3,3,Yes,6,3,Yes
50,120169,13,29,50,2,2,Yes,0,1,Yes
38,82699,5,13,34,2,1,Yes,4,3,Yes
27,61517,4,9,47,2,4,No,3,5,No
38,39517,10,12,12,4,4,No,4,1,No
55,68444,17,17,33,3,4,No,3,5,No
25,50497,5,5,12,2,2,No,3,0,Yes
30,44540,7,13,26,2,4,No,6,5,No
34,86632,13,13,43,3,3,No,6,6,Yes
52,60745,5,7,45,3,1,No,1,3,Yes
59,122263,9,28,18,4,1,Yes,8,6,Yes
24,33972,1,4,18,2,4,Yes,7,2,No
52,103562,8,15,26,3,3,Yes,0,0,Yes
29,58696,9,10,49,2,1,Yes,7,0,No
39,107299,15,22,7,1,2,No,6,5,Yes
24,21249,0,7,13,2,4,No,3,0,No
24,98338,6,8,9,3,3,No,0,0,No
54,118408,26,29,26,3,2,No,2,3,No
46,78925,1,19,12,4,4,Yes,8,1,Yes
50,75211,9,18,31,3,2,No,4,5,No
21,24094,2,3,35,2,2,No,3,6,No
32,100978,10,17,30,3,1,No,3,1,No
47,142681,3,29,47,1,2,No,5,3,No
54,114979,27,29,29,3,2,No,2,3,No
53,55841,7,8,8,1,2,No,0,1,No
43,73914,6,13,29,1,4,No,5,6,Yes
23,50033,0,5,15,2,2,No,5,1,No
38,104454,9,20,38,3,4,No,4,3,No
50,91329,10,16,46,4,1,No,1,1,No
30,72623,5,16,41,4,4,No,6,1,No
38,46847,2,7,31,1,3,No,3,3,No
55,107442,8,14,13,1,1,No,1,4,No
47,103850,8,24,23,4,3,No,2,2,No
23,53906,1,8,9,1,2,No,8,4,Yes
44,53190,7,14,40,3,2,Yes,0,4,Yes
50,55407,0,4,7,4,4,Yes,2,6,No
21,47800,0,3,38,4,4,Yes,6,0,No
41,110065,2,17,17,2,1,No,8,4,No
39,116736,1,16,14,1,1,Yes,5,0,No
43,58077,9,14,26,4,1,No,1,1,No
26,57378,7,7,20,1,3,Yes,2,4,No
25,57366,2,7,31,2,2,Yes,0,0,No
42,61071,6,8,2,4,3,No,8,2,No
53,104003,11,23,40,4,3,No,4,2,No
36,113881,12,17,29,1,1,Yes,1,5,No
32,77209,5,14,48,3,3,No,2,1,No
48,18000,0,2,13,1,1,No,5,5,Yes
51,162515,10,27,38,1,2,No,5,4,No
32,70081,12,15,50,4,3,No,6,4,No
47,106845,5,20,37,1,1,No,0,1,No
46,18000,1,4,29,1,3,Yes,6,2,Yes
42,74064,8,16,48,2,1,No,3,2,Yes
37,111507,15,18,31,4,2,No,0,2,No
32,67647,14,14,50,4,2,No,1,2,No
21,40823,3,5,35,2,3,No,1,5,No
35,105151,18,19,5,3,2,No,6,2,No
55,52073,4,9,48,1,4,No,0,1,No
39,28854,4,9,13,1,3,No,5,4,No
45,31172,7,10,39,1,2,Yes,1,6,No
26,52630,6,9,1,4,2,No,7,4,No
25,50436,0,8,49,2,3,Yes,0,0,Yes
50,69783,7,11,50,3,3,No,6,5,No
29,89132,0,12,46,2,3,No,4,5,No
38,46126,4,11,30,1,2,No,1,4,Yes
52,191860,11,32,10,1,3,No,7,1,No
32,98304,6,15,50,2,2,No,2,5,Yes
35,18000,0,2,35,4,2,Yes,6,2,No
53,28778,1,1,12,3,4,No,3,2,No
26,43615,3,3,25,3,1,No,4,2,Yes
35,74639,1,6,6,1,3,No,0,3,No
34,88122,15,15,21,2,3,Yes,6,2,No
23,45613,0,6,27,3,1,No,1,2,No
25,71202,3,7,39,4,3,No,6,5,Yes
53,59015,0,3,26,2,3,Yes,1,4,No
58,99634,9,21,21,1,2,No,2,2,No
24,28072,1,6,42,2,3,No,0,5,Yes
56,156004,7,31,12,4,1,Yes,0,6,No
22,18884,2,8,30,3,2,Yes,4,3,No
21,19848,0,3,4,2,1,Yes,0,5,No
59,49234,6,17,9,4,4,No,1,6,No
26,51507,6,8,45,1,2,No,2,2,Yes
29,50499,0,11,4,1,1,Yes,6,6,Yes
48,36718,4,7,9,2,2,No,8,2,Yes
30,67720,3,13,27,2,3,No,3,4,Yes
39,140260,2,22,22,2,2,Yes,6,0,No
35,77063,4,17,5,3,4,Yes,1,6,No
42,112164,14,25,28,1,1,Yes,8,2,Yes
43,92551,10,12,29,1,1,No,7,0,No
53,154386,26,31,38,3,1,No,6,0,No
54,155354,9,26,30,4,1,No,4,3,Yes
33,52719,11,15,39,1,1,No,4,0,No
59,156317,2,24,29,2,3,Yes,1,5,Yes
34,93940,13,13,8,1,3,Yes,8,5,Yes
36,100414,16,18,7,3,2,No,6,3,No
22,38363,3,4,3,3,3,Yes,5,1,No
54,32409,6,7,8,4,4,No,8,6,No
23,56292,2,7,35,3,3,Yes,5,2,No
39,150013,3,22,25,2,2,Yes,7,1,No
48,69115,8,11,17,1,2,No,6,3,No
21,18000,2,6,50,4,3,No,0,5,No
60,40789,0,7,2,2,1,No,7,4,No
60,47304,0,0,36,3,4,No,0,1,No
55,120291,27,32,26,2,2,No,3,4,No
57,144377,11,27,42,3,4,No,5,6,No
58,156944,0,25,36,1,1,No,4,3,Yes
52,136309,11,31,17,4,4,Yes,1,2,No
56,147338,2,30,38,1,1,Yes,7,0,No
43,92249,0,11,19,4,3,No,3,3,No
53,102941,1,19,19,3,4,No,4,6,No
25,105031,5,6,18,4,2,No,7,5,No
46,18000,0,0,10,1,2,Yes,5,1,Yes
32,109200,4,14,8,1,3,No,5,0,No
54,18000,0,0,5,3,4,No,5,1,No
29,89201,3,8,50,2,2,No,2,6,No
53,149814,4,31,31,4,4,No,6,4,No
28,51371,4,8,1,4,2,No,7,4,No
40,98145,16,22,6,3,2,Yes,8,5,No
43,125071,14,24,4,3,4,No,7,0,No
38,72442,6,18,13,1,1,Yes,2,4,No
37,35338,2,3,4,1,2,No,4,3,Yes
24,18000,5,5,33,2,1,No,0,3,Yes
51,80844,6,12,33,3,2,No,0,1,No
48,64372,7,9,1,2,3,No,1,2,No
23,18000,2,7,22,1,3,No,3,2,No
56,133113,1,32,14,4,1,No,7,5,No
39,111643,17,22,2,3,1,Yes,8,4,No
31,103628,8,11,19,1,2,Yes,8,4,Yes
56,127445,18,21,28,4,4,No,1,4,No
23,42488,0,6,13,1,4,No,7,3,Yes
31,59661,13,14,43,3,2,No,4,0,No
48,45188,2,10,16,1,2,Yes,0,1,Yes
48,22659,0,0,10,3,3,No,7,5,No
43,76749,8,21,38,3,4,Yes,7,5,No
22,35591,4,5,41,3,1,No,3,0,No
47,135363,9,28,5,4,2,No,2,2,No
47,87623,12,12,28,1,4,No,1,3,No
41,81000,14,21,15,4,4,No,0,0,No
23,18000,0,5,19,4,3,No,2,6,No
27,57711,3,5,29,1,1,Yes,3,0,No
47,78643,8,13,17,2,2,No,4,1,No
45,18734,0,0,23,3,4,No,1,2,Yes
27,68592,6,8,11,1,3,No,3,3,No
22,18000,4,5,32,4,1,Yes,3,2,No
34,18331,0,2,40,1,4,Yes,6,3,No
38,77074,5,6,2,3,1,No,3,6,No
38,131551,1,19,42,3,1,No,8,3,Yes
50,178812,10,34,7,1,3,No,7,1,No
36,76079,12,14,46,2,3,Yes,8,1,No
28,49120,5,11,32,3,1,No,6,5,No
34,67512,10,10,34,4,2,Yes,7,2,No
27,18000,1,3,35,2,4,No,6,3,No
25,19237,7,8,12,3,2,No,7,3,No
32,58765,4,4,20,4,1,Yes,7,4,No
35,103934,11,18,42,3,4,Yes,4,3,Yes
36,28073,0,0,30,4,1,No,7,2,No
48,65613,14,16,45,2,3,Yes,2,0,Yes
36,107730,5,19,34,4,3,Yes,4,1,No
43,71444,3,12,36,3,3,No,4,5,No
21,49011,1,3,14,1,3,Yes,8,5,Yes
43,119218,2,23,32,1,2,No,1,6,No
41,86784,6,9,29,4,1,No,4,1,No
48,54378,6,16,30,3,4,Yes,1,5,No
59,18000,0,1,5,2,1,Yes,2,1,No
50,119775,18,24,5,1,1,No,8,4,No
30,59188,1,8,8,2,3,Yes,6,1,No
48,150850,12,24,12,3,2,No,4,6,No
28,68964,0,11,39,1,1,Yes,8,3,Yes
40,33099,4,10,45,1,2,No,6,2,No
60,42047,7,7,42,3,2,Yes,8,4,No
35,68101,5,18,40,2,3,No,3,5,No
21,45527,1,5,27,1,2,No,8,6,No
23,43884,0,5,26,4,1,No,2,2,No
26,61586,1,8,11,4,3,No,0,5,No
26,72638,3,9,40,4,2,No,5,5,Yes
26,64090,5,8,48,2,4,No,3,5,No
60,152438,15,30,23,3,2,No,4,5,No
25,47250,3,7,43,2,4,No,4,0,Yes
48,107484,16,20,12,3,1,No,1,0,No
23,18628,4,5,50,4,3,No,0,5,No
28,18490,6,12,29,3,3,No,4,4,No
24,54711,2,6,41,4,1,No,1,3,No
33,73390,11,15,8,1,2,No,3,2,No
53,35595,0,4,41,3,3,Yes,8,3,Yes
40,40703,0,2,12,4,3,No,4,3,No
36,80151,8,8,40,3,4,No,6,3,No
39,120569,2,24,10,4,2,Yes,8,0,No
50,59782,4,4,20,1,1,No,6,5,No
49,145410,9,28,7,3,2,No,8,6,No
49,89487,5,15,42,2,3,No,1,5,No
52,68910,5,13,45,2,4,No,0,0,Yes
33,60220,15,17,6,3,2,Yes,5,6,No
43,154339,17,26,40,1,2,No,4,4,No
39,27865,0,0,23,4,4,Yes,5,1,Yes
35,73231,6,15,45,2,3,No,5,2,No
42,77154,6,6,36,4,3,Yes,1,1,No
58,137737,25,28,15,1,3,No,4,4,No
53,91847,9,20,8,4,2,No,6,5,No
60,89839,13,21,46,1,2,No,0,5,Yes
48,69584,8,10,50,3,3,No,6,5,No
57,135230,23,32,25,1,2,Yes,7,2,No
50,78142,22,27,15,3,4,No,3,6,No
50,51091,14,14,1,4,4,No,8,5,No
46,24071,0,0,41,1,4,No,8,5,No
56,47004,4,15,11,4,4,No,1,5,No
39,46416,0,1,13,4,3,No,3,2,No
26,51743,0,8,29,1,4,Yes,7,0,No
58,131918,0,32,15,4,1,No,8,5,No
21,45343,0,0,12,2,3,Yes,1,4,No
52,53912,0,3,6,4,4,Yes,2,5,No
32,69672,3,13,48,4,3,No,2,1,No
48,152366,10,24,13,2,2,No,5,6,No
53,103165,24,27,46,1,1,No,7,0,Yes
26,40454,1,9,13,1,3,No,5,4,No
21,39026,1,2,12,2,3,Yes,2,3,No
21,34999,2,2,8,2,2,No,0,1,No
42,65302,6,15,46,2,1,Yes,5,5,Yes
54,63171,4,9,24,1,3,No,5,6,No
25,57111,3,7,23,2,4,No,6,1,No
49,98042,13,25,21,2,1,Yes,7,3,Yes
36,88007,15,15,39,4,3,No,1,5,No
47,62402,2,12,49,1,2,No,6,0,No
33,64084,13,15,37,4,1,No,0,1,No
58,180383,9,29,37,1,4,Yes,8,2,No
42,116494,14,23,5,1,1,No,5,6,Yes
32,70397,11,15,6,2,2,No,3,1,No
39,144151,3,21,23,2,2,Yes,6,1,No
34,99648,0,16,8,1,3,No,1,4,No
55,91875,9,17,45,1,1,No,8,3,Yes
40,18000,2,2,8,1,2,No,5,6,No
50,182791,12,32,36,3,3,Yes,5,3,Yes
23,19145,0,3,50,3,3,No,4,4,No
54,117632,12,27,28,3,4,No,4,6,No
51,97391,1,9,14,3,3,Yes,8,0,No
51,58456,0,7,30,4,2,Yes,2,5,Yes
56,100779,14,23,45,2,1,No,7,5,No
48,95282,12,19,2,4,3,Yes,3,2,No
53,111288,1,29,25,2,2,No,4,4,No
53,145096,27,33,36,3,1,No,7,0,No
53,96143,1,19,18,3,4,No,6,6,No
44,115355,5,21,35,2,2,Yes,4,4,Yes
58,67384,16,16,33,4,4,No,4,5,No
60,182287,33,33,20,3,1,No,6,5,No
26,62410,1,2,28,4,3,No,7,5,No
52,31330,7,7,7,3,4,No,8,5,No
60,18192,0,0,5,1,1,No,7,0,No
59,197073,8,30,45,4,1,Yes,8,4,Yes
32,52937,3,9,12,2,3,No,8,2,No
25,41622,4,9,8,3,2,Yes,5,6,Yes
38,64267,9,13,8,2,1,Yes,0,0,No
28,59202,1,9,42,3,4,Yes,4,4,No
53,182656,29,36,20,1,2,No,3,6,No
33,77046,12,15,47,2,3,Yes,8,1,No
46,43776,0,9,11,1,3,Yes,4,3,No
26,58142,2,7,20,2,1,Yes,1,4,No
27,77344,5,9,37,3,1,No,7,5,No
49,66657,10,12,21,1,2,No,8,5,No
39,56705,2,7,20,1,4,Yes,6,6,No
57,81969,2,16,42,1,2,Yes,5,1,Yes
30,52040,6,11,49,4,4,Yes,1,3,No
38,87939,7,11,6,3,2,No,0,2,No
48,117766,19,25,19,4,2,No,4,4,No
38,111834,11,20,22,1,3,No,7,1,No
47,123557,17,29,17,2,4,Yes,3,6,No
47,71160,12,16,45,2,3,Yes,1,0,Yes
45,104962,10,13,14,3,2,Yes,0,3,No
37,99690,18,19,22,1,1,No,7,2,No
31,20620,0,9,32,1,2,Yes,2,4,Yes
23,47934,1,5,15,2,3,Yes,8,5,Yes
25,45683,3,5,10,2,3,No,8,4,No
26,66435,3,7,43,4,3,No,4,6,Yes
44,132095,13,20,50,1,2,No,6,6,Yes
44,21673,0,2,45,4,4,No,8,5,No
34,96341,7,14,20,2,4,No,6,1,No
30,38934,3,7,1,1,3,No,4,2,No
56,56487,5,9,9,4,2,Yes,5,1,No
37,116054,2,17,34,4,4,Yes,4,0,No
40,114300,5,23,36,1,2,No,6,1,No
30,68350,8,13,10,4,4,Yes,8,4,Yes
49,120847,24,29,24,2,1,No,0,0,No
47,119740,19,28,41,4,4,Yes,7,6,No
47,83994,8,11,21,2,2,No,5,1,No
25,59611,1,4,18,1,2,No,7,5,Yes
51,145230,18,25,9,2,2,No,3,4,No
33,67464,13,13,47,2,4,Yes,3,6,No
55,95520,14,16,18,2,1,No,0,3,No
39,32912,5,5,23,1,3,Yes,2,2,Yes
56,44783,4,14,8,1,2,No,3,4,No
41,76035,5,16,19,3,1,Yes,0,0,No
28,70618,2,11,14,2,4,No,3,0,No
40,92381,1,19,38,2,3,No,4,3,No
43,88059,10,12,23,1,1,No,8,0,No
34,72086,13,16,29,3,2,Yes,3,5,Yes
37,91425,11,16,8,3,4,No,6,2,No
49,136376,20,26,22,2,4,No,8,5,No
26,34270,1,5,32,1,4,Yes,0,3,Yes
24,21472,3,6,50,1,2,Yes,1,5,No
28,69571,0,10,42,1,1,Yes,8,2,Yes
24,40480,3,8,8,2,2,Yes,5,5,Yes
49,70240,6,11,47,3,4,Yes,3,0,No
60,49373,0,1,32,2,4,No,0,2,No
30,77603,2,12,31,1,2,No,4,0,Yes
48,44073,1,7,30,3,4,Yes,3,4,No
41,129821,0,24,32,2,2,No,2,6,No
35,72662,3,12,40,2,2,No,5,5,No
36,26274,0,0,29,4,1,No,8,2,No
30,83087,2,10,11,1,4,Yes,1,6,Yes
28,18000,10,10,36,1,2,No,2,1,No
22,21552,0,2,1,2,1,Yes,1,3,No
22,36713,3,5,42,3,2,No,3,0,No
23,22441,1,7,46,2,2,No,1,5,No
51,18657,0,0,25,2,2,Yes,8,6,No
41,95273,17,20,35,3,2,No,4,3,No
56,89428,3,16,41,1,2,Yes,4,0,Yes
39,59603,9,9,5,3,1,No,3,3,No
56,123201,21,25,23,1,1,No,1,5,No
24,43241,4,6,34,2,3,Yes,1,2,Yes
51,126227,10,20,15,3,1,Yes,2,1,No
26,58676,3,6,11,4,3,No,0,5,No
54,167558,1,29,38,3,1,No,7,2,No
38,95103,7,21,43,3,4,No,7,3,No
40,81446,7,10,6,3,2,No,0,2,No
56,180363,14,35,26,3,4,Yes,6,3,Yes
51,64516,7,13,26,4,3,No,2,1,No
44,147197,6,22,40,3,4,Yes,2,0,No
47,42139,1,3,26,4,1,No,7,5,No
21,42754,2,2,37,3,4,No,2,6,No
35,80125,5,16,48,3,1,Yes,2,3,No
31,46750,7,13,29,3,4,No,7,4,No
52,162117,9,31,33,4,3,No,6,6,No
23,43126,4,4,28,2,1,No,6,6,No
27,67318,1,9,21,4,4,No,5,0,No
22,57673,0,0,8,1,1,No,0,4,No
54,47755,4,10,37,4,4,Yes,5,4,No
43,63417,11,19,7,4,3,No,1,3,No
60,109148,3,6,3,2,2,Yes,6,5,Yes
56,95495,9,11,19,4,2,Yes,8,2,No
44,119598,13,24,22,2,4,No,1,5,No
25,62834,1,4,35,2,4,Yes,3,6,Yes
41,109393,20,21,28,2,3,No,8,1,No
34,39766,1,3,8,4,4,No,4,1,No
48,142607,25,25,25,1,3,Yes,3,2,No
41,26244,0,0,14,3,3,No,6,4,No
32,67720,13,18,42,4,1,No,3,0,No
31,55235,9,11,32,1,3,No,8,5,No
57,170196,20,29,49,1,1,Yes,1,1,Yes
44,126389,16,25,30,4,4,No,5,1,No
21,41397,3,5,1,2,4,No,8,1,No
27,86207,9,11,2,4,4,Yes,2,1,No
24,86066,8,8,24,1,4,No,0,3,No
51,165810,8,29,27,3,3,No,5,0,No
59,61362,3,10,43,3,3,Yes,8,2,Yes
40,69429,3,11,32,3,3,No,4,4,No
54,44799,4,12,36,4,4,Yes,4,4,No
24,26323,2,6,47,2,1,No,1,6,No
21,41201,2,4,26,2,4,No,7,4,No
36,114332,12,17,49,3,4,Yes,2,3,Yes
41,98618,6,17,18,1,4,Yes,1,5,No
38,99020,19,20,46,4,2,Yes,0,2,No
21,19492,0,4,3,2,1,Yes,1,4,No
32,89228,0,12,12,1,1,No,3,2,No
50,91733,21,22,15,4,4,No,3,6,No
47,163412,18,30,1,1,3,No,2,3,No
29,57369,10,11,49,1,1,Yes,6,1,No
50,99450,3,22,21,3,4,No,4,5,No
30,38680,0,5,9,4,3,No,6,0,No
37,129898,5,22,50,3,3,No,5,6,Yes
54,152797,19,30,45,1,3,Yes,5,1,No
34,35595,3,3,46,2,1,Yes,0,6,Yes
24,18085,1,6,9,3,4,Yes,8,4,Yes
45,18000,1,3,45,2,2,No,0,5,No
50,135227,20,25,24,2,3,No,7,4,No
36,43784,2,2,19,4,1,Yes,2,3,Yes
21,31558,1,6,17,2,4,Yes,5,1,No
54,59961,7,10,6,1,1,No,0,2,No
21,40525,1,3,41,4,3,Yes,8,6,No
32,65293,7,12,41,2,2,Yes,1,6,Yes
24,50018,4,7,50,1,4,Yes,0,6,Yes
53,86021,14,18,17,4,1,No,1,4,No
30,47580,4,5,11,3,2,Yes,0,2,No
31,46215,1,12,32,2,2,No,3,2,No
47,54993,5,14,29,3,4,Yes,1,5,No
54,141037,19,32,43,1,3,Yes,3,0,No
40,126855,11,24,24,2,3,No,6,2,No
21,18201,1,1,34,3,3,Yes,1,3,No
25,66179,5,8,20,3,1,No,0,0,No
45,46102,5,10,34,2,2,No,2,4,No
51,142479,24,33,28,2,1,No,1,0,No
30,39734,11,11,29,2,4,No,3,3,No
30,38786,2,5,8,4,3,No,6,1,No
56,131833,21,26,19,2,4,No,7,4,No
37,78904,1,5,8,1,3,No,0,3,No
36,111789,11,17,29,2,4,Yes,4,0,No
28,49947,5,10,7,1,3,No,5,3,Yes
48,55772,5,15,30,3,4,Yes,3,4,No
34,102513,3,17,34,3,4,Yes,4,2,No
38,111741,11,19,39,3,3,Yes,6,5,No
27,60235,8,8,45,2,2,No,0,5,No
39,82442,8,16,22,3,3,Yes,1,4,Yes
29,67203,0,10,28,1,1,Yes,1,1,Yes
42,51833,0,3,25,3,3,Yes,7,3,No
39,101287,17,21,21,4,2,No,5,4,No
44,82492,16,26,17,1,2,No,1,5,No
40,26435,0,0,9,3,4,No,5,4,No
58,99288,10,16,43,3,3,No,5,3,No
38,122309,11,17,44,3,4,Yes,8,6,No
57,24497,0,1,6,4,4,Yes,7,2,Yes
23,54398,3,8,33,4,3,Yes,5,4,No
49,45388,3,12,15,1,2,Yes,1,1,Yes
33,77278,3,4,28,1,2,No,2,5,No
33,18095,1,1,35,2,1,No,4,4,Yes
43,117771,11,27,12,4,3,Yes,3,6,No
56,46017,0,5,22,4,3,Yes,6,4,Yes
54,29926,7,8,11,4,4,No,7,5,No
56,46780,1,1,3,1,1,No,1,6,Yes
42,54255,3,13,25,4,1,No,4,4,No
49,174257,2,34,11,4,2,Yes,0,0,No
48,132461,7,26,22,4,3,Yes,2,6,No
44,48557,0,2,16,2,1,No,6,6,Yes
27,50984,7,8,39,2,3,No,8,0,Yes
32,70489,3,13,26,3,3,No,2,4,Yes
37,99763,13,19,33,3,1,No,0,3,No
35,85649,3,18,29,1,2,No,5,4,No
52,94052,2,9,15,3,3,Yes,8,0,No
52,38959,0,2,14,3,2,Yes,3,1,No
45,154502,0,18,17,1,3,No,2,2,No
25,49261,5,9,40,3,3,No,7,1,Yes
60,62701,3,10,40,3,3,Yes,8,3,Yes
25,31676,0,0,8,2,1,No,8,1,No
43,131651,15,24,47,1,4,No,0,1,Yes
34,96269,4,18,13,3,2,Yes,5,1,No
25,35635,3,6,10,4,3,Yes,8,1,No
47,19102,1,2,5,1,2,No,6,0,No
42,157807,5,21,43,2,4,Yes,2,0,No
59,98335,2,13,40,3,4,No,2,2,No
23,29186,5,6,49,2,3,No,6,6,Yes
49,72424,15,15,45,2,3,Yes,1,0,Yes
24,42161,0,6,12,3,4,No,7,3,Yes
40,61339,2,16,12,4,3,Yes,2,3,No
41,66182,9,20,6,4,4,No,1,3,No
27,80347,1,9,1,2,4,Yes,4,0,Yes
60,46320,8,9,38,4,3,Yes,7,5,No
29,63387,0,10,5,2,2,Yes,8,3,No
49,34672,2,8,13,3,2,No,8,3,Yes
26,40902,1,8,12,1,3,No,6,3,No
54,35385,3,6,46,3,3,Yes,8,4,Yes
29,38511,1,7,1,1,3,No,0,1,No
53,40537,0,1,10,3,3,Yes,3,0,No
33,89910,12,15,19,1,2,Yes,5,5,No
42,153461,18,25,41,1,2,No,3,3,No
55,154740,4,33,32,3,4,No,4,4,No
22,21117,3,3,37,2,3,No,3,6,No
25,59101,0,0,9,1,1,No,0,2,No
29,50597,5,8,15,4,1,Yes,3,6,Yes
44,128468,13,25,48,4,1,No,5,3,No
24,75519,3,5,29,2,3,Yes,6,1,No
40,81650,0,12,46,4,4,No,4,1,No
47,130135,13,25,19,2,3,No,0,5,No
43,90473,5,5,30,1,3,No,6,6,No
38,71765,0,3,7,1,3,No,1,2,No
32,51938,2,2,26,4,4,No,8,3,No
60,58205,2,10,6,2,4,No,7,5,No
22,41682,3,6,5,3,2,Yes,3,1,No
28,76153,1,1,29,1,3,Yes,3,0,Yes
38,81575,8,12,31,2,4,No,4,4,Yes
53,55780,1,11,22,2,2,No,4,2,Yes
30,61584,6,12,13,4,2,No,0,4,No
39,109642,18,21,50,2,1,No,6,5,No
34,18000,0,0,41,2,3,Yes,3,6,No
48,89185,7,19,43,4,3,No,8,2,No
34,76677,8,13,29,2,4,Yes,8,2,No
47,120034,2,19,3,4,4,Yes,6,2,No
50,103632,13,23,21,3,1,Yes,7,4,Yes
48,148227,11,21,9,3,2,No,5,6,No
43,118258,14,25,29,4,3,No,5,0,No
39,104081,21,23,26,3,3,No,8,1,No
21,41161,2,3,14,2,3,Yes,1,4,No
48,80643,1,9,25,2,3,Yes,0,4,No
54,89129,5,15,48,1,4,No,8,1,No
23,44755,1,3,36,1,3,No,1,5,No
31,84112,3,14,22,2,2,No,2,3,No
38,126022,14,19,42,3,2,No,6,5,No
46,101880,27,27,29,4,1,No,7,5,No
43,127452,15,25,31,4,3,No,6,1,No
45,97126,4,19,13,4,2,Yes,6,5,No
29,90986,6,11,23,3,3,Yes,6,2,Yes
42,115181,2,25,49,4,2,No,3,6,No
26,82091,2,10,21,2,3,No,2,4,No
55,162532,19,31,7,4,3,No,4,1,No
43,126357,10,27,11,2,3,Yes,4,5,No
36,111220,12,20,23,1,3,No,6,1,No
26,46337,0,6,17,2,2,No,2,3,No
21,39733,2,2,14,1,3,Yes,0,4,No
44,61353,3,8,45,2,3,No,3,4,No
57,111939,6,20,43,4,1,Yes,3,4,No
44,157079,25,25,11,4,4,No,0,0,No
41,63585,12,20,8,4,4,No,1,4,No
39,120827,8,20,20,2,4,No,2,5,No
39,57008,1,4,2,2,3,Yes,6,6,No
45,95472,10,12,11,3,2,Yes,1,4,No
31,48911,0,12,5,1,3,No,5,6,No
47,86847,18,20,30,3,4,No,6,5,No
46,75207,11,14,32,1,2,Yes,3,6,Yes
31,85246,2,13,1,4,4,No,5,0,No
31,56600,0,12,23,3,3,Yes,0,6,No
34,61829,1,16,8,1,2,Yes,5,0,Yes
35,112361,15,17,20,1,1,Yes,4,6,No
46,109635,6,28,23,1,4,Yes,6,6,No
24,35905,2,6,46,3,1,No,6,1,Yes
25,68693,2,7,41,4,3,No,5,6,Yes
28,74112,9,9,10,2,4,No,2,4,No
49,39019,1,6,30,3,4,Yes,4,5,No
53,104163,0,16,7,1,1,Yes,2,0,Yes
22,28607,3,4,49,2,3,No,7,6,Yes
52,50052,0,6,30,1,2,No,8,1,No
21,40249,0,3,43,1,4,No,2,1,No
42,146258,17,24,39,1,2,No,4,5,No
46,88435,11,11,1,2,4,No,5,3,No
49,61248,2,8,1,3,4,Yes,2,4,No
23,36833,1,5,10,2,3,No,0,0,No
39,107136,3,19,2,2,2,Yes,6,2,No
43,166522,6,27,13,1,2,No,1,0,No
28,37868,9,9,35,4,2,Yes,2,3,No
25,74949,3,6,18,1,2,No,3,3,No
51,152651,7,30,33,3,3,No,6,5,No
37,54914,4,8,11,4,4,No,1,0,No
43,44447,2,3,36,4,2,No,4,0,No
23,24419,1,3,34,3,2,No,3,5,No
60,66833,3,4,27,4,2,Yes,7,5,No
53,35252,2,5,22,1,1,No,8,4,Yes
55,90299,10,10,39,3,2,No,8,3,No
39,72716,4,5,2,3,1,No,1,5,No
58,104366,2,7,7,3,1,Yes,5,6,Yes
29,63341,8,14,40,2,2,Yes,3,5,Yes
53,34041,2,5,19,1,1,No,7,4,Yes
43,89998,16,23,14,1,2,No,3,6,No
45,22446,0,0,44,1,3,No,8,4,No
44,117022,5,27,46,4,2,No,3,6,No
48,140703,24,26,22,1,3,Yes,3,1,No
39,81077,7,11,5,3,2,No,0,2,No
45,107129,6,20,38,2,2,Yes,3,4,Yes
59,199637,3,26,3,1,2,No,1,6,No
41,127534,10,23,23,2,3,No,6,2,No
45,161432,3,26,6,2,2,No,1,1,No
47,136048,26,30,29,2,1,No,0,0,No
59,86557,10,17,24,2,4,No,1,1,No
26,92109,8,9,4,4,4,Yes,3,0,No
52,180867,14,31,38,2,1,No,2,1,No
44,106423,5,27,43,2,3,Yes,2,0,Yes
51,64155,0,7,32,4,2,Yes,1,4,Yes
24,56319,1,6,15,1,2,No,7,4,Yes
49,140377,25,30,27,2,1,No,0,0,No
26,30651,0,0,9,2,2,No,8,0,No
28,58702,1,10,27,2,1,No,1,4,Yes
49,119200,17,28,18,3,3,No,2,6,No
21,21922,2,2,36,2,3,No,2,6,No
40,98542,14,14,50,4,2,No,3,4,No
42,132120,4,24,6,2,3,No,0,2,No
29,64204,5,8,43,2,4,No,5,4,No
26,52658,0,7,26,1,4,Yes,8,0,No
46,46321,1,2,18,1,4,No,0,1,No
59,71542,2,10,9,4,2,No,2,6,No
57,135458,26,27,40,1,2,Yes,0,4,No
39,40841,0,2,46,2,2,Yes,8,2,No
22,56297,2,5,10,4,2,Yes,8,1,No
31,58015,0,1,37,1,1,No,4,4,Yes
21,44717,4,4,34,2,3,No,1,6,No
47,117973,16,28,42,4,3,Yes,5,6,No
22,48704,2,4,37,3,1,No,0,6,No
26,60492,4,8,11,3,1,No,8,1,No
48,55734,5,6,33,3,3,No,0,3,No
55,117644,12,25,31,3,4,No,7,5,No
44,43295,4,7,12,1,3,No,8,6,No
59,18047,0,1,6,1,1,No,7,0,No
55,59631,1,2,42,3,4,No,1,6,Yes
39,131631,2,21,43,3,1,No,8,5,Yes
27,75264,10,10,25,1,1,No,7,4,Yes
38,95676,18,19,24,1,1,No,7,1,No
33,97233,11,14,13,1,3,Yes,7,4,Yes
44,128747,24,27,38,4,2,No,4,6,No
40,84564,1,26,25,3,4,Yes,0,3,No
48,132373,10,28,4,3,2,No,4,4,No
46,155339,27,30,48,3,1,No,4,4,No
49,73440,12,12,22,3,2,No,0,4,No
35,35407,6,6,16,3,4,Yes,8,3,No
43,59593,7,9,5,4,2,No,6,2,No
49,29914,1,1,47,2,3,No,1,2,No
59,62077,6,12,43,1,1,Yes,8,6,Yes
32,64081,13,14,37,4,1,No,0,2,No
27,74156,4,9,17,2,2,No,1,5,No
41,112273,16,24,25,1,1,Yes,7,3,Yes
23,20307,0,0,27,4,2,No,4,5,No
53,62536,4,6,23,1,3,No,3,6,No
35,83628,7,17,10,2,4,No,2,3,No
60,153581,12,27,12,1,2,No,6,1,No
24,44182,2,5,40,2,1,No,6,4,No
36,40693,11,18,40,3,1,No,7,3,No
25,57106,1,2,41,2,3,Yes,3,3,No
40,41904,0,1,45,2,1,Yes,8,4,No
38,76752,6,11,35,2,2,No,4,5,Yes
47,72650,2,12,17,3,2,No,1,6,No
21,33803,2,4,32,4,4,No,4,4,No
22,18000,3,4,30,4,1,Yes,2,1,No
52,163190,0,33,34,3,4,No,8,1,Yes
25,65694,1,2,29,4,3,No,6,5,No
53,83861,7,14,45,1,3,No,7,0,No
60,173272,8,33,1,1,1,No,8,2,No
51,57639,2,10,11,2,2,Yes,3,4,No
54,81645,6,6,36,3,2,No,8,5,No
41,101609,10,23,34,3,4,Yes,5,4,No
21,33516,0,6,18,2,4,Yes,5,1,No
41,118788,0,23,14,4,1,Yes,5,2,No
23,21121,0,0,25,4,2,No,5,5,No
58,184089,4,29,37,4,3,No,3,2,No
36,61483,4,15,45,1,3,No,2,5,No
54,141664,31,32,12,1,4,No,8,2,No
36,88740,18,18,5,4,3,No,3,4,No
58,65526,4,6,31,4,2,Yes,6,5,No
52,19884,2,7,10,2,3,No,8,5,No
47,123840,13,22,21,1,3,No,0,3,No
40,115837,18,22,26,4,1,No,3,1,No
26,63188,1,10,21,2,2,No,8,5,Yes
28,72334,6,9,15,2,2,No,3,5,No
47,80319,13,15,26,2,2,No,0,4,No
40,59105,4,6,35,4,4,Yes,2,5,No
22,34724,1,4,48,1,1,No,5,3,No
55,91121,13,14,29,4,2,No,7,1,No
53,60064,0,4,50,3,3,No,3,1,No
26,42898,2,6,10,1,3,No,6,3,No
28,68378,3,9,24,4,2,No,3,2,No
59,170671,0,36,1,3,3,Yes,7,6,Yes
46,135328,25,27,33,2,2,Yes,7,1,No
27,74201,3,10,17,2,4,Yes,8,6,No
46,70836,2,12,17,4,2,No,0,6,No
39,103878,5,18,39,3,4,No,3,2,No
29,72783,1,10,43,1,1,Yes,8,2,Yes
45,114928,12,24,32,3,3,No,6,4,No
51,21013,0,4,35,1,1,No,6,5,Yes
21,24370,0,5,50,3,3,Yes,3,5,Yes
57,135280,4,22,24,3,4,No,7,3,No
53,83060,2,17,28,1,1,No,0,1,No
54,103596,17,22,19,3,4,Yes,3,6,No
44,161881,6,23,39,3,4,Yes,1,0,No
38,98087,14,18,31,2,4,Yes,5,0,No
24,73609,4,6,25,2,3,Yes,5,3,No
53,56353,0,1,9,4,4,Yes,2,4,No
26,28884,3,5,44,4,2,No,6,5,No
26,18000,0,3,36,2,4,No,5,2,No
29,55525,7,7,17,1,4,Yes,3,3,No
35,74148,11,16,8,1,3,No,1,0,No
42,122108,8,23,23,2,3,No,6,3,No
24,26814,1,4,37,2,2,Yes,1,4,No
50,157895,2,31,45,3,3,No,2,3,No
30,86600,6,12,40,2,2,No,6,0,No
53,155554,32,36,14,1,4,No,8,2,No
46,123289,2,27,12,1,1,No,2,5,No
53,37304,0,5,42,3,3,Yes,8,4,Yes
58,51528,6,15,9,4,4,No,2,6,No
52,127108,9,27,3,1,1,Yes,3,1,Yes
26,96841,3,7,41,1,1,No,2,1,Yes
33,67147,0,16,42,3,3,Yes,4,0,Yes
52,150554,10,26,29,4,1,No,2,4,Yes
44,113673,23,27,30,4,3,No,1,6,No
44,94722,1,19,37,4,4,No,3,6,No
21,20452,0,3,3,2,1,Yes,1,4,No
29,52531,5,9,36,3,1,No,5,3,No
57,172329,5,29,36,4,2,No,3,2,No
27,42355,0,6,35,4,3,No,4,4,No
38,80987,1,13,39,1,1,Yes,3,4,Yes
39,92632,10,17,5,3,4,No,7,3,No
22,62086,2,7,12,4,2,Yes,8,1,No
55,139202,0,24,28,3,4,No,2,5,No
21,44150,1,1,35,3,4,No,0,5,No
38,91961,9,19,39,3,4,No,4,2,No
22,18000,2,3,28,4,1,Yes,1,0,No
36,101316,15,15,6,3,1,No,5,1,No
45,87940,12,13,10,2,2,Yes,0,0,Yes
54,67571,8,11,4,3,4,Yes,8,3,No
21,37838,3,3,2,3,3,Yes,4,1,No
50,127023,7,30,5,3,2,No,8,5,No
45,169321,5,28,4,1,2,No,2,2,No
26,53660,1,9,1,4,1,No,4,0,No
30,37338,3,5,10,3,3,No,7,2,No
45,76267,10,13,35,1,2,Yes,0,6,Yes
55,154253,19,31,46,1,3,Yes,3,0,No
29,56384,8,11,36,1,3,No,7,5,No
44,146068,15,25,6,2,4,No,8,0,No
38,118483,11,21,40,3,4,Yes,7,6,No
44,134874,22,25,11,1,3,No,4,6,Yes
52,54518,1,1,50,3,3,No,2,2,No
28,28252,0,10,26,4,1,No,8,3,No
45,18385,0,4,24,3,3,Yes,2,6,No
25,67873,2,9,23,4,2,No,2,1,No
25,18000,3,7,20,2,3,Yes,8,1,No
39,32231,2,3,41,1,1,No,5,2,No
43,87145,18,25,17,1,2,No,2,5,No
36,22951,0,0,27,3,2,Yes,2,2,Yes
37,75872,1,6,6,1,3,No,0,3,No
47,110566,27,29,31,4,1,No,8,5,No
50,163800,21,32,21,2,4,No,7,2,No
56,28823,1,1,3,2,4,No,5,5,No
34,64865,3,12,43,2,2,No,3,3,No
31,112617,5,13,12,4,1,No,4,0,No
43,112360,14,24,38,3,3,No,7,4,No
23,19806,2,5,46,3,3,No,3,5,No
27,18663,8,9,5,4,2,No,7,6,Yes
27,45150,0,9,30,4,3,No,4,4,No
38,77552,1,3,8,1,3,No,0,2,No
25,55146,3,7,34,3,3,Yes,5,2,No
26,54956,1,7,48,2,3,Yes,0,0,Yes
55,69213,3,15,10,2,2,No,7,2,No
26,69160,3,11,4,2,4,Yes,1,5,No
32,79684,11,13,21,1,2,Yes,5,6,No
50,173533,1,32,12,3,2,Yes,0,0,No
51,78908,16,21,1,3,1,Yes,6,6,No
45,121088,14,26,43,3,3,No,8,2,No
51,92725,2,8,13,3,3,Yes,8,0,No
52,122472,19,19,21,1,4,No,4,0,No
52,120394,1,29,25,2,3,No,5,4,No
44,116398,6,25,42,2,3,Yes,0,0,Yes
42,65149,11,20,8,4,4,No,1,2,No
45,102996,9,25,26,4,3,No,1,3,No
27,45590,4,7,30,2,2,No,5,3,No
25,66550,1,9,11,4,3,No,0,5,No
21,18237,0,6,29,4,3,Yes,4,3,No
46,43127,0,1,49,3,3,Yes,3,2,Yes
53,129427,20,29,27,1,2,Yes,1,5,No
32,32211,2,10,7,4,3,No,6,5,No
37,28927,4,5,3,4,2,Yes,2,1,No
39,95168,14,14,5,4,1,Yes,1,6,No
35,93251,5,16,14,3,4,No,5,6,No
56,53557,4,8,34,3,1,No,5,6,No
51,121832,17,22,2,1,1,No,8,4,No
36,101579,3,20,10,3,1,Yes,2,1,No
31,106549,2,16,8,1,3,No,5,0,No
29,46095,6,9,24,2,3,Yes,2,4,Yes
48,18163,3,3,41,3,2,No,3,3,Yes
33,71835,4,13,46,4,3,No,0,1,No
52,46691,6,10,40,2,1,No,8,6,Yes
27,81363,3,9,20,2,2,No,0,6,No
37,77410,2,7,3,1,3,No,0,2,No
37,97393,17,19,17,1,1,No,7,3,No
38,77604,9,16,21,3,3,Yes,0,4,Yes
37,133867,0,22,1,3,1,No,2,1,No
48,146901,31,31,38,2,3,Yes,8,1,No
43,119801,13,22,15,2,1,No,2,5,No
25,58873,2,6,9,4,3,No,0,5,No
32,64537,8,14,14,4,2,No,1,4,No
31,54373,5,12,50,4,4,Yes,1,2,No
53,172522,15,33,38,2,1,No,0,1,No
21,41359,0,3,45,4,3,Yes,7,5,No
44,66851,8,8,35,2,2,Yes,2,2,Yes
31,18000,0,0,3,1,1,No,3,5,Yes
55,40130,6,6,28,2,3,Yes,3,0,No
58,38544,2,7,22,1,2,No,0,0,No
59,147933,12,28,11,1,2,No,8,2,No
35,90567,2,17,26,3,1,No,5,1,No
26,43618,1,1,23,2,1,No,5,1,Yes
53,69466,6,13,49,1,3,No,0,2,Yes
25,54863,0,6,13,1,3,No,8,4,Yes
25,37485,6,6,50,4,2,Yes,4,3,Yes
26,62709,6,6,12,2,1,No,8,1,No
38,131434,5,21,46,4,3,No,5,4,Yes
34,86588,13,13,8,3,2,No,3,2,No
44,128389,14,26,32,4,3,No,7,2,No
34,35626,3,6,47,3,1,Yes,3,4,No
48,33033,0,2,32,3,2,Yes,7,4,Yes
56,18050,0,0,7,4,4,No,4,1,No
43,137777,1,24,8,1,4,No,2,5,No
51,31063,1,6,37,1,3,No,3,3,Yes
44,124139,0,25,46,1,3,No,2,4,No
29,60405,8,9,17,3,1,No,3,2,No
40,100021,13,13,48,4,1,No,2,4,No
53,170723,9,29,33,3,4,No,4,0,No
48,138374,16,21,27,3,3,No,1,3,No
28,58392,0,11,39,1,1,Yes,5,5,Yes
35,33005,3,4,12,1,4,No,5,6,No
34,81352,3,12,16,1,2,Yes,7,3,No
55,99628,4,21,41,2,2,No,6,1,No
55,74746,3,14,11,2,2,No,5,2,No
35,67817,0,17,10,1,2,Yes,6,0,Yes
32,71951,11,17,3,2,2,No,3,1,No
25,91470,7,8,20,2,4,No,1,3,No
41,112359,13,19,46,3,3,Yes,7,0,No
23,58762,0,0,12,1,1,No,1,6,No
34,59452,9,16,12,3,4,No,7,3,No
46,24551,0,0,43,1,3,No,8,4,No
41,47024,6,7,38,2,4,No,2,6,No
57,118180,3,22,9,1,2,No,2,1,No
37,54967,8,8,28,3,4,Yes,7,2,No
48,51080,6,16,31,3,4,Yes,0,6,No
56,19090,3,5,50,4,2,No,4,1,Yes
27,72277,1,1,32,1,3,Yes,4,0,Yes
37,87609,17,19,8,3,1,No,0,4,No
46,38003,3,3,26,4,1,No,6,5,No
33,63724,6,12,41,1,1,No,6,3,Yes
31,78833,0,13,33,1,2,No,4,0,Yes
30,18132,1,3,27,1,2,No,4,3,No
34,43506,4,10,45,4,2,No,4,1,No
53,57756,12,15,1,4,4,No,7,2,No
39,18000,0,0,22,1,3,No,6,5,Yes
54,123412,28,28,26,3,2,No,3,3,No
35,80819,8,16,35,4,2,No,7,2,No
27,71694,9,10,14,2,4,No,1,2,No
60,87193,3,17,8,2,2,No,4,4,No
40,63101,4,15,16,3,3,Yes,1,4,No
42,123050,23,23,35,4,2,No,7,2,No
50,88280,17,20,1,3,1,Yes,5,4,No
32,78587,7,9,36,4,1,Yes,1,3,No
43,68162,7,13,26,2,4,No,5,6,Yes
54,143674,17,33,43,1,3,Yes,2,0,No
24,54695,3,6,44,4,1,No,0,3,No
23,25567,3,6,24,1,4,No,8,6,No
47,124283,12,24,23,1,3,No,0,5,No
51,154578,17,31,50,3,4,No,6,4,Yes
59,114472,24,27,33,3,1,Yes,0,4,No
25,76825,3,7,16,1,1,No,3,3,No
40,130632,14,22,36,1,3,No,6,6,No
47,41929,1,1,28,4,1,No,7,4,No
43,97399,6,20,35,1,4,No,2,0,Yes
50,53721,1,3,21,1,4,Yes,1,1,Yes
21,49456,3,5,21,1,2,Yes,7,4,Yes
38,90441,13,17,5,4,1,Yes,1,4,No
32,75057,15,15,27,3,3,Yes,8,2,No
38,113886,3,18,44,1,4,No,2,3,No
53,99273,2,17,18,3,4,No,7,5,No
54,141004,14,24,50,2,1,No,1,4,No
29,82720,7,11,43,2,3,No,6,0,No
24,62559,5,7,20,1,1,No,5,6,Yes
60,147537,10,27,1,3,4,Yes,4,1,No
39,90374,14,18,20,1,2,No,1,4,No
37,118336,15,20,18,1,1,Yes,2,6,No
32,45315,1,12,30,2,2,No,6,2,No
42,25666,0,0,15,3,3,No,6,5,No
31,40707,1,6,8,4,3,No,6,2,No
23,28506,0,2,37,2,3,Yes,0,4,No
29,50100,0,12,2,1,1,Yes,6,6,Yes
34,60197,12,18,7,3,3,Yes,4,6,No
53,106105,9,9,31,2,1,Yes,8,2,No
41,100511,18,21,22,3,2,No,4,3,No
47,41201,3,4,17,1,3,No,0,0,No
43,120382,7,22,39,3,3,No,0,2,Yes
25,73351,4,4,31,3,3,No,0,6,No
41,130103,6,19,31,1,1,No,0,1,No
24,64718,5,5,28,3,3,No,0,6,No
58,33981,0,0,21,4,3,No,0,0,No
39,100784,5,21,18,1,3,Yes,3,0,No
35,73662,13,20,23,4,1,No,4,3,Yes
53,135414,21,24,23,3,1,Yes,5,4,No
24,47125,2,6,49,1,4,Yes,0,5,Yes
28,67963,7,11,19,3,1,No,5,2,No
27,72020,3,9,19,2,2,No,1,6,No
22,41154,3,4,4,3,2,Yes,4,3,No
52,129967,20,26,24,3,1,Yes,6,4,No
37,129117,13,19,35,3,1,Yes,1,5,No
45,105991,10,16,18,2,3,Yes,1,5,No
41,34681,2,6,34,1,3,Yes,7,4,Yes
35,70794,10,10,32,4,2,Yes,7,3,No
35,81274,2,14,28,1,2,No,8,4,No
32,58000,1,10,24,4,3,Yes,0,5,No
60,154154,10,27,1,2,4,Yes,2,0,No
54,156464,17,32,9,4,3,No,5,1,No
32,78361,3,14,43,4,4,No,1,0,Yes
43,116394,5,25,42,1,3,Yes,0,0,Yes
60,140409,12,29,10,2,1,No,7,1,No
40,19466,0,0,25,1,3,No,5,4,Yes
41,33211,2,7,41,1,2,No,6,0,No
46,102397,11,13,15,2,2,Yes,1,3,No
42,115869,7,17,31,4,3,No,7,3,No
24,20707,4,6,47,1,2,Yes,2,5,No
29,44935,0,10,32,2,2,No,5,1,No
39,148100,3,18,21,2,2,Yes,6,1,No
25,68312,5,7,32,3,3,No,0,6,No
36,66705,0,11,46,2,4,Yes,3,5,No
55,122714,30,30,6,1,4,Yes,6,2,No
35,92557,5,16,35,4,2,No,0,0,No
36,92699,15,15,25,2,3,Yes,5,4,No
54,109551,23,26,45,1,2,No,6,0,Yes
47,18050,2,2,43,3,2,No,5,1,Yes
28,85107,1,12,8,1,2,No,8,1,No
32,71179,6,15,37,1,2,No,8,3,Yes
53,136517,19,27,13,2,3,Yes,0,1,No
49,136737,8,27,19,4,3,Yes,2,6,No
57,25056,0,5,37,1,1,Yes,1,3,Yes
53,136393,22,27,24,3,2,Yes,6,2,No
56,129196,26,33,29,1,2,Yes,7,3,No
51,169553,12,33,9,1,3,No,8,2,No
33,48897,2,3,23,3,4,No,8,4,No
52,141805,7,27,36,1,1,No,7,4,Yes
27,50277,4,9,34,3,1,No,3,5,No
30,18000,12,12,34,1,2,No,1,1,No
26,55099,7,8,26,4,3,Yes,5,1,Yes
52,140281,19,20,27,3,3,No,0,3,No
48,18000,0,0,20,2,4,Yes,1,5,No
48,109131,2,19,27,1,4,No,4,1,No
33,126625,7,14,13,4,1,No,5,1,No
46,95857,16,17,4,3,4,No,2,6,No
58,65575,5,13,43,1,1,Yes,8,6,Yes
58,29287,0,0,1,4,2,No,5,2,No
24,60078,2,8,20,1,2,No,6,6,Yes
38,30146,4,9,50,4,1,No,7,4,No
57,161470,7,32,10,4,2,Yes,0,4,No
41,96019,2,15,10,3,3,No,2,1,No
42,78240,2,8,17,2,2,No,7,1,No
56,91881,11,14,26,4,2,No,7,2,No
55,129940,17,23,22,3,4,No,1,3,No
56,105665,10,21,42,3,4,Yes,4,0,No
38,28122,3,4,2,4,2,Yes,1,1,No
52,45511,6,9,41,2,1,No,5,6,Yes
51,130983,22,22,18,2,4,No,3,1,No
59,25336,2,6,37,1,1,Yes,0,3,Yes
24,82268,7,7,30,4,1,No,8,5,No
38,56921,2,11,2,3,4,Yes,0,0,No
53,89845,10,20,6,3,2,No,7,6,No
29,18640,0,0,25,1,3,No,6,2,No
37,67187,0,17,10,1,1,Yes,6,1,Yes
58,67269,5,16,31,1,2,No,5,6,No
25,92378,3,7,39,2,1,No,2,1,Yes
21,43179,3,3,35,3,4,No,1,5,No
43,26542,0,0,12,3,3,No,7,6,No
43,100527,14,25,22,1,1,Yes,8,2,Yes
30,33867,5,5,9,2,2,No,1,3,No
41,103162,12,12,46,4,1,No,1,3,No
47,85056,12,13,1,2,4,No,6,2,No
27,28899,0,0,22,2,4,No,6,6,No
22,39298,4,4,37,3,4,No,0,6,No
37,85546,15,21,19,2,1,Yes,3,0,Yes
38,81720,8,19,7,2,2,No,2,1,No
42,128650,15,20,47,1,2,No,7,5,Yes
46,92890,10,18,15,2,3,Yes,0,6,No
30,82059,0,5,39,4,2,No,7,1,No
28,58570,0,12,27,3,1,No,2,4,Yes
44,107212,4,18,9,3,3,No,5,3,No
44,132273,10,26,13,3,3,Yes,2,6,No
23,60995,5,7,43,4,1,No,0,3,No
40,122821,2,23,15,4,1,Yes,7,0,No
48,101265,6,7,36,1,4,Yes,2,6,No
43,117377,11,27,12,3,3,Yes,2,6,No
60,182198,31,33,20,2,1,No,6,5,No
25,35159,1,3,5,4,1,No,8,5,No
37,34367,3,4,33,1,2,No,2,5,No
40,95887,10,17,6,3,4,No,6,2,No
27,66105,6,7,3,2,2,Yes,3,3,No
27,66062,7,8,14,1,3,No,4,1,No
28,56108,1,11,19,3,1,No,2,5,No
52,111141,2,30,22,1,4,No,2,0,No
26,50975,8,9,43,2,3,No,8,3,Yes
40,119391,14,22,8,1,1,No,5,6,Yes
53,118223,10,12,13,1,1,No,0,4,No
38,44783,3,10,31,4,2,No,2,0,No
43,58665,10,11,17,4,4,No,0,1,No
43,105635,13,16,29,2,3,No,3,5,No
41,31252,2,8,34,2,2,No,6,0,Yes
26,61688,7,10,24,1,4,No,4,3,No
34,100084,9,14,5,1,4,No,6,6,No
30,78531,10,10,46,2,1,No,1,3,Yes
60,65921,4,8,29,4,2,Yes,7,4,No
53,18367,1,4,41,2,2,No,5,6,No
27,63531,8,10,6,2,1,Yes,3,3,No
43,155624,8,25,12,1,2,No,1,0,No
53,171560,27,28,46,4,1,Yes,8,4,No
40,44028,2,8,28,1,3,No,5,3,No
41,45546,7,8,36,2,4,No,2,6,No
45,60616,2,8,25,2,4,Yes,2,6,Yes
53,118434,11,27,14,3,1,No,7,0,No
40,18000,1,1,26,2,1,No,7,5,Yes
31,83096,2,14,1,4,4,No,5,0,No
50,50208,3,3,14,1,4,Yes,0,4,No
49,75445,1,15,12,4,3,No,7,6,No
44,139008,0,23,9,1,4,No,3,6,No
48,100321,9,14,7,4,1,No,3,0,No
30,96218,8,11,5,1,3,No,2,6,No
31,72637,10,15,48,2,1,No,0,1,Yes
24,34249,6,6,4,4,3,No,1,4,No
35,28940,0,0,8,1,4,Yes,6,3,No
33,20955,1,5,25,2,1,No,5,4,Yes
54,70414,4,14,9,2,2,No,6,1,No
42,94723,9,16,29,1,2,No,7,2,Yes
38,117822,17,18,41,1,1,No,7,6,No
59,54563,5,8,32,2,1,No,1,1,No
55,110919,15,23,19,4,4,Yes,4,4,No
51,106366,1,29,24,2,4,No,3,0,No
39,24380,1,1,21,4,2,No,1,4,No
56,83117,11,11,42,3,2,No,4,6,No
60,55694,7,11,24,3,2,Yes,0,6,No
56,140533,2,32,14,4,1,No,8,5,No
41,105461,14,19,33,3,1,Yes,7,4,No
53,114685,1,28,24,2,4,No,2,0,No
50,112950,19,27,21,3,3,No,1,6,No
25,21465,0,7,12,2,4,No,0,2,No
21,20910,1,4,5,2,1,Yes,1,5,No
27,65337,6,6,13,2,1,No,8,0,No
25,53873,5,8,48,1,2,Yes,8,1,Yes
40,67828,3,15,17,3,1,Yes,1,1,No
28,74883,0,12,19,4,4,No,8,0,No
33,83392,4,15,47,3,2,Yes,3,3,No
21,18000,0,5,23,4,4,No,3,5,No
26,31899,0,2,7,2,3,No,7,0,No
53,148107,12,31,17,4,4,Yes,2,2,No
22,18000,2,2,11,1,1,No,7,3,No
33,68758,9,9,35,4,2,Yes,8,2,No
30,81215,1,6,35,3,2,No,7,1,No
39,33595,1,2,44,1,1,No,4,0,No
59,19784,1,3,33,1,3,No,6,1,No
48,18002,0,2,31,1,2,Yes,8,2,Yes
55,146436,11,31,16,4,4,Yes,1,1,No
26,68102,0,11,40,1,1,Yes,8,5,Yes
43,106055,12,27,14,4,3,Yes,4,0,No
39,53412,7,7,27,3,4,Yes,7,0,No
48,75781,12,16,27,3,3,No,1,2,No
28,67872,2,9,38,1,1,Yes,8,3,Yes
60,107746,4,7,6,2,2,Yes,5,5,Yes
50,150090,11,29,23,2,2,No,7,4,Yes
33,94165,12,14,42,3,3,No,6,5,Yes
42,64384,0,6,14,3,2,No,7,4,No
60,55817,7,9,20,3,3,Yes,1,6,No
26,34901,4,7,12,4,3,Yes,8,2,No
59,110506,8,21,26,3,1,No,4,0,No
28,33757,2,9,48,3,1,Yes,5,0,Yes
37,119443,12,19,33,4,1,Yes,1,5,No
38,74459,11,12,38,2,4,No,3,3,No
41,18000,0,0,32,2,2,Yes,6,2,No
24,33825,5,5,30,4,4,Yes,7,5,No
58,36532,0,0,21,4,3,No,0,0,No
49,108985,12,21,21,1,4,No,1,3,No
46,24311,1,1,9,3,4,No,7,4,No
24,20800,0,6,11,3,4,No,2,0,No
54,30318,7,7,8,4,4,No,8,5,No
51,74547,2,8,45,1,1,No,8,2,No
58,68182,2,11,42,3,3,Yes,8,1,Yes
45,61655,4,8,45,2,4,No,3,5,No
59,188056,6,34,1,1,1,No,7,1,No
32,37902,1,7,6,4,3,No,4,1,No
49,157604,20,30,20,1,3,No,7,4,No
52,31094,3,3,40,1,4,No,2,4,Yes
25,92678,1,6,39,2,2,No,3,0,Yes
26,57053,1,6,39,3,2,Yes,3,3,No
36,40335,9,13,15,4,4,No,4,2,No
31,25700,0,3,3,1,2,Yes,6,1,No
38,107032,4,21,27,1,4,No,1,3,No
52,51419,3,6,17,1,3,Yes,0,4,No
59,53474,1,2,1,2,4,No,2,5,No
49,63342,3,5,3,3,4,Yes,1,5,No
24,102476,3,8,23,1,2,No,0,0,No
56,23184,1,4,4,4,4,Yes,7,2,Yes
25,28866,0,7,41,2,3,No,1,5,Yes
43,71627,8,12,48,4,1,No,0,2,No
35,108685,13,17,28,2,1,Yes,0,4,No
32,85477,4,14,13,4,1,No,8,2,No
33,20377,4,7,36,3,4,No,2,6,No
49,32353,0,6,33,2,2,Yes,4,4,Yes
24,42016,2,2,24,3,1,No,4,1,Yes
49,137392,29,30,36,2,3,Yes,6,1,No
32,102057,2,14,31,4,3,No,4,2,No
39,77927,8,17,20,3,3,Yes,0,5,Yes
52,52165,13,16,1,4,4,No,8,6,No
50,138633,32,33,40,2,3,Yes,6,0,No
48,88524,16,16,32,4,4,No,7,5,No
45,108403,4,19,11,4,1,Yes,5,3,No
54,145388,19,32,45,1,4,Yes,2,0,No
41,126429,13,20,46,1,2,No,4,6,Yes
21,43667,1,2,29,1,2,No,7,6,No
30,37654,0,9,18,4,2,No,8,1,No
31,82130,1,11,47,2,3,No,3,6,No
59,33524,1,6,18,2,3,No,3,2,No
24,36121,6,6,4,4,3,No,0,3,No
45,101154,10,14,13,3,2,Yes,0,2,No
24,63547,1,8,12,4,3,No,1,4,No
41,83529,7,13,37,2,3,No,6,5,Yes
50,101666,10,18,23,3,2,No,4,6,No
47,99524,14,17,20,3,3,No,7,3,Yes
32,54766,7,9,42,4,4,No,6,2,No
33,25181,0,0,41,2,2,Yes,4,4,Yes
29,24527,5,11,9,2,2,No,6,6,No
56,135125,16,24,28,3,4,No,2,3,No
32,18503,0,0,6,1,1,No,3,5,Yes
60,124282,27,28,13,1,3,No,5,3,No
60,51452,8,10,24,3,2,Yes,1,5,No
59,105630,4,24,30,4,1,Yes,3,3,No
25,18000,2,7,19,2,3,Yes,8,0,No
32,87034,3,16,14,4,1,No,8,2,No
40,112876,0,14,16,2,2,No,8,3,No
60,118743,26,26,42,1,2,Yes,0,4,No
43,145232,15,27,48,1,4,No,1,2,Yes
60,57224,5,7,30,2,1,No,0,0,No
21,18646,2,2,50,4,4,No,2,5,No
37,18470,0,0,23,2,3,No,5,4,Yes
40,135452,18,22,48,1,2,No,7,3,No
46,103155,9,17,15,2,3,Yes,1,6,No
22,39304,4,6,45,3,2,No,3,1,No
47,103011,2,20,25,1,4,No,5,2,No
52,40599,2,10,17,3,2,No,4,1,Yes
49,126301,22,24,20,4,3,No,3,3,No
54,50252,6,10,38,4,4,Yes,5,3,No
32,110657,7,12,6,1,4,No,1,6,No
49,158607,10,23,15,3,2,No,6,6,No
32,18433,0,0,23,1,2,No,6,4,No
47,125374,8,28,7,3,2,No,4,4,No
52,165126,2,31,36,3,1,No,6,1,No
32,29090,1,3,30,3,3,Yes,5,1,No
22,39909,2,2,2,2,4,No,8,1,No
23,50096,3,5,4,3,3,No,6,1,No
44,21060,0,3,41,4,4,No,8,5,No
40,125907,18,18,34,2,1,No,1,5,No
44,149387,24,25,7,4,4,No,0,0,No
35,73808,5,17,12,3,4,Yes,2,6,No
34,56671,9,18,14,3,4,No,8,3,No
57,117947,13,21,10,4,3,Yes,3,5,No
22,31143,1,1,26,2,3,No,2,3,No
40,57265,4,4,37,4,4,Yes,1,4,No
22,25714,0,3,50,4,4,Yes,4,4,Yes
45,28770,0,3,25,4,1,No,5,4,No
23,28737,4,4,48,2,2,No,6,6,Yes
53,109912,10,26,24,3,4,No,6,6,No
58,77070,1,11,23,2,3,No,2,1,No
53,58396,2,5,26,2,2,Yes,2,4,No
29,53833,5,11,7,1,3,No,5,2,Yes
37,104946,9,19,41,3,4,No,4,1,No
49,124783,23,23,16,4,2,No,5,1,No
48,89959,16,16,31,4,4,No,7,5,No
26,77188,9,10,15,2,2,Yes,8,6,No
22,44876,4,5,3,3,1,No,6,0,Yes
27,65972,7,10,21,1,4,No,5,3,No
59,68635,1,11,13,4,2,No,2,6,No
52,83732,11,20,10,3,2,No,8,6,No
40,110924,13,17,44,3,2,Yes,7,1,No
51,25245,0,0,46,2,4,No,1,2,No
50,105858,13,25,17,2,1,Yes,8,3,Yes
36,74309,2,14,17,1,3,Yes,8,4,No
28,21140,0,3,50,2,3,Yes,3,5,Yes
56,176131,3,24,3,1,2,No,3,4,No
60,34209,0,0,19,3,3,No,2,0,No
24,45359,4,8,5,3,1,No,8,0,Yes
53,119550,9,25,1,1,1,Yes,5,2,Yes
32,102721,2,13,34,4,3,No,2,2,No
46,99604,10,12,14,4,2,Yes,0,3,No
34,94565,15,15,38,4,4,No,1,5,No
26,24490,8,12,13,1,3,No,1,6,Yes
57,90346,5,10,43,2,3,No,3,6,No
33,57906,13,15,40,1,1,No,2,0,No
60,85125,6,21,47,3,2,Yes,5,1,No
40,67234,7,9,41,1,3,No,4,1,No
48,136469,15,26,23,3,3,No,4,5,No
39,132168,16,23,13,3,3,Yes,4,2,Yes
41,140303,2,24,18,4,3,Yes,2,5,No
41,104953,16,16,47,4,3,Yes,7,0,No
27,59433,1,7,37,1,2,Yes,3,5,Yes
50,119453,1,29,21,2,2,No,5,3,No
58,133492,6,20,24,2,4,No,6,3,No
38,47990,6,11,27,2,1,No,1,5,Yes
21,39814,4,5,39,4,3,No,2,0,No
50,32529,3,4,40,1,3,No,3,2,Yes
51,99839,7,13,26,3,3,Yes,0,0,Yes
35,58603,9,17,11,3,4,No,8,5,No
59,153700,14,31,26,4,3,No,5,6,No
22,47468,7,9,22,1,1,Yes,2,1,Yes
53,137106,14,22,50,2,1,No,1,3,No
43,83698,0,17,23,2,1,No,7,3,Yes
47,74796,6,16,10,1,3,No,8,3,No
51,120512,3,18,34,1,1,No,2,0,No
44,119942,3,25,44,4,2,No,3,6,No
42,113627,17,24,23,4,1,No,4,2,No
49,115724,18,28,15,3,3,No,1,6,No
37,30513,2,2,3,4,3,Yes,0,1,No
59,39236,0,8,2,2,1,No,7,6,No
49,35145,3,4,2,2,4,No,0,5,No
47,18962,2,4,22,3,3,Yes,2,5,No
60,37603,3,6,17,1,2,No,1,0,No
45,149428,25,27,12,1,2,No,4,5,Yes
28,80706,1,9,13,1,4,Yes,2,6,Yes
21,42524,1,1,30,1,2,No,7,6,No
22,28431,3,4,49,2,3,No,8,6,Yes
25,83037,4,8,16,2,1,No,2,3,No
43,90671,2,17,16,3,3,No,2,0,No
53,144418,30,32,25,3,2,No,5,5,No
28,63843,0,11,8,2,2,Yes,8,2,No
43,46930,0,11,8,4,4,No,2,2,No
33,55411,11,16,39,1,1,No,4,1,No
58,190347,10,32,1,1,2,No,8,2,No
60,18759,0,0,8,1,1,No,7,0,No
54,55050,1,6,31,1,2,No,8,1,No
35,83812,8,12,33,2,4,Yes,6,4,No
57,138461,25,33,31,1,2,Yes,7,2,No
28,67953,1,10,25,1,1,Yes,1,1,Yes
43,20265,0,0,48,4,4,No,1,0,No
42,101586,8,11,50,2,1,No,6,2,No
42,141446,2,24,24,4,2,Yes,1,4,No
26,41419,4,4,30,2,2,No,4,3,No
51,168559,2,29,43,3,3,No,1,4,No
39,111076,3,22,30,1,3,No,2,3,No
40,42770,1,4,39,3,2,No,3,1,No
52,140346,25,32,36,3,1,No,7,0,No
25,21080,3,6,26,2,3,Yes,0,5,Yes
37,104182,14,19,32,4,1,No,0,2,No
40,109113,2,20,3,1,2,Yes,6,2,No
47,31918,6,9,42,1,2,Yes,2,5,No
25,62807,7,9,7,2,3,Yes,3,1,No
31,62586,5,12,32,1,1,Yes,2,3,No
53,23114,0,2,1,1,4,Yes,7,3,No
41,119615,18,25,25,4,1,No,2,0,No
25,53503,5,5,14,2,2,No,3,0,Yes
54,63995,2,19,16,4,2,No,0,0,No
53,96820,16,20,37,3,4,No,2,1,No
42,123011,4,24,5,2,3,No,1,2,No
26,28591,2,6,49,2,1,No,1,6,No
37,49045,9,9,28,3,4,Yes,7,1,No
56,183808,14,37,29,3,3,Yes,6,4,Yes
54,115025,9,18,10,4,2,No,1,4,No
26,39272,2,9,9,2,2,Yes,5,6,Yes
31,71308,14,14,9,1,3,No,1,2,No
31,38483,1,6,34,1,4,Yes,3,4,No
34,50470,2,2,27,4,4,No,7,3,No
44,93147,5,7,30,2,4,No,5,6,No
46,23262,0,0,42,1,3,No,8,5,No
34,97721,5,17,20,2,4,No,4,3,No
47,102545,14,17,7,4,1,No,8,5,No
47,107683,28,29,47,3,3,Yes,8,2,No
32,60122,13,13,42,3,2,No,5,1,No
53,150177,31,32,15,1,4,No,8,2,No
33,55888,7,16,30,2,3,No,0,5,No
51,172993,0,27,33,4,2,No,5,4,No
43,72746,4,4,34,4,3,Yes,2,1,No
57,154695,3,33,32,3,4,No,4,4,No
53,80763,7,7,34,2,2,No,8,4,No
59,18000,1,3,1,3,2,Yes,2,2,No
25,42410,4,4,34,2,2,No,2,1,No
30,68994,2,13,22,4,4,No,8,0,No
51,60582,0,5,5,4,4,Yes,3,6,No
59,40468,4,4,21,4,3,Yes,5,2,No
25,18407,4,4,19,4,3,No,2,4,No
37,80544,4,16,13,2,1,No,2,2,No
51,53827,14,15,4,3,4,No,8,3,No
37,37211,4,6,1,2,2,No,3,3,Yes
49,82868,23,24,13,3,4,No,3,6,No
24,94215,1,7,42,1,2,No,2,1,Yes
45,89808,18,25,19,1,2,No,2,4,No
44,148592,15,27,49,1,4,No,0,3,Yes
39,33385,0,5,24,1,3,No,8,5,No
54,147007,11,26,29,4,1,No,1,2,Yes
59,134070,6,22,23,3,4,No,7,4,No
24,72169,4,5,27,2,3,Yes,5,3,No
34,23317,0,0,38,1,2,No,0,1,Yes
24,62890,1,6,17,2,4,No,5,3,No
21,39239,1,3,3,1,2,No,5,6,No
49,156393,11,21,11,3,2,No,5,6,No
42,121942,8,26,38,3,3,No,0,1,Yes
27,84220,0,10,1,2,4,Yes,5,0,Yes
32,60864,14,14,48,2,4,Yes,4,6,No
21,35610,2,2,32,4,4,No,4,5,No
38,25414,0,0,27,4,3,Yes,6,2,Yes
33,27095,0,0,44,2,2,Yes,4,4,Yes
39,60227,3,13,23,3,1,No,4,5,No
34,62905,12,15,45,4,1,No,0,0,No
53,144388,24,29,34,3,1,No,7,0,No
21,29728,0,2,40,1,1,No,6,1,Yes
23,18818,5,6,12,1,1,No,5,4,No
33,60632,4,12,10,1,3,No,3,6,No
36,72518,9,9,37,3,4,No,5,4,No
46,120686,27,27,46,4,3,Yes,7,3,No
55,150356,21,32,9,4,3,No,4,1,No
48,69292,5,12,48,3,4,Yes,2,0,No
23,50373,4,4,20,4,4,Yes,7,5,No
23,58683,0,5,37,1,2,Yes,8,3,No
39,129579,15,20,37,3,2,No,6,4,No
53,117514,3,27,23,2,3,No,3,1,No
52,102255,9,9,32,2,1,Yes,8,2,No
21,36189,0,5,33,4,4,No,5,5,No
36,35805,7,7,16,3,4,Yes,8,4,No
42,31803,1,6,31,2,1,No,6,0,Yes
40,87167,2,12,40,1,1,Yes,3,4,Yes
43,45891,4,9,11,2,3,No,8,6,No
54,92733,10,19,5,2,2,No,8,5,No
27,68977,4,9,15,1,4,Yes,8,6,No
45,130717,25,27,36,2,2,Yes,6,1,No
57,41420,0,4,21,4,3,Yes,4,5,Yes
60,48514,6,17,12,4,4,No,1,6,No
53,117553,21,23,21,2,4,No,4,1,No
59,122322,8,26,19,4,1,Yes,8,6,Yes
57,91050,0,18,29,3,4,Yes,8,6,No
