Age,Income,LoanAmount,CreditScore,EmploymentYears,ExistingLoans,MonthlyDebt,LoanTerm,PreviousDefault,HomeOwnership,Default
55,975193,740398,658,14,1,20412,24,No,Mortgage,0
53,567948,674910,660,24,0,13004,36,No,Own,0
29,422978,70898,807,16,1,458,36,Yes,Mortgage,0
50,700543,784335,662,25,0,1101,12,No,Rent,1
21,635314,890879,634,0,5,43287,36,No,Mortgage,1
25,913820,796926,500,9,2,33127,60,No,Rent,0
52,767183,1075956,591,18,4,26618,36,No,Mortgage,0
48,174730,575480,762,15,2,30373,36,No,Mortgage,1
60,596441,585716,552,7,0,18848,36,No,Own,1
23,891454,1051237,615,7,4,33328,60,No,Own,1
55,889817,660012,676,15,0,1273,24,Yes,Own,0
35,663561,568687,776,17,0,16287,60,Yes,Rent,0
43,1036698,753019,638,16,3,20237,60,No,Own,0
38,741249,750097,775,18,4,26506,24,No,Mortgage,0
34,185264,265405,710,3,1,11413,60,Yes,Own,0
41,437554,60495,761,9,5,24523,36,No,Rent,0
25,355097,366652,712,4,3,22095,36,No,Rent,0
34,624075,595312,635,4,3,14554,24,No,Rent,0
38,355506,50000,639,13,3,15820,36,No,Rent,0
43,673944,420496,735,19,2,9564,60,Yes,Rent,0
62,929788,483958,744,29,4,26511,12,No,Rent,0
28,350367,625935,622,11,4,40243,12,No,Mortgage,0
47,152426,240097,799,19,1,10215,24,No,Own,0
62,552649,774623,632,10,0,20796,36,No,Mortgage,1
40,663254,50000,669,25,2,16153,12,No,Rent,0
45,689020,65397,505,6,0,662,60,No,Own,0
41,819148,656195,631,8,0,12151,60,No,Rent,0
57,150000,717874,628,29,1,35454,24,No,Rent,1
39,620280,173686,667,21,2,25295,84,No,Mortgage,0
36,474652,1494226,645,18,4,26133,60,No,Mortgage,1
58,1306825,658330,804,28,2,23902,60,No,Rent,0
58,480200,849659,758,26,2,24386,84,No,Rent,1
36,498580,403234,792,14,4,54197,12,No,Mortgage,0
21,669876,766108,722,5,4,34790,48,No,Rent,0
65,1249305,548454,622,23,5,27632,36,Yes,Mortgage,0
47,520801,796177,633,19,5,42821,36,No,Rent,1
53,522903,898991,839,23,1,7426,60,No,Rent,0
35,881170,918338,423,7,0,14101,60,No,Rent,1
32,150000,654442,695,13,1,14785,60,No,Rent,1
58,886441,513651,534,32,3,45550,48,No,Rent,0
36,391529,307547,673,19,2,11291,60,No,Rent,0
63,821455,421567,606,14,0,7738,60,No,Mortgage,0
27,983453,50000,770,10,3,28058,60,No,Rent,0
53,635426,939534,602,20,5,29861,24,No,Mortgage,0
30,872691,1241575,520,8,3,21285,84,Yes,Mortgage,0
29,996245,135970,796,8,4,19878,48,No,Own,0
44,702641,460213,700,18,2,9099,60,Yes,Rent,0
59,778219,185831,721,18,1,15704,36,No,Rent,0
37,510324,446275,794,13,4,46940,12,No,Mortgage,0
25,589405,623387,711,7,3,21443,12,Yes,Mortgage,0
41,548336,214935,738,8,1,2387,36,No,Rent,0
45,540071,50000,655,16,5,42427,60,No,Mortgage,0
28,685557,166285,602,12,0,29921,36,No,Rent,1
55,760744,153822,691,14,3,37180,84,Yes,Mortgage,0
28,464552,842661,767,0,3,20717,84,No,Rent,0
37,923986,800847,646,5,3,27014,60,Yes,Rent,1
52,1304199,668152,769,27,2,8264,48,No,Own,0
48,1062027,462429,582,13,3,62285,36,No,Rent,0
26,1035698,1065729,612,8,5,32795,60,No,Own,0
35,1378492,115579,792,16,4,37389,36,No,Mortgage,0
60,594633,706775,707,27,5,27628,84,Yes,Mortgage,0
47,797267,794234,781,20,0,16682,60,No,Own,0
65,937177,425753,521,27,1,30564,36,No,Rent,0
25,628378,50000,646,8,4,50428,24,Yes,Mortgage,0
55,150000,312209,712,24,3,16083,60,No,Mortgage,1
32,212776,1061549,582,12,0,1656,60,Yes,Own,1
41,804256,677958,716,3,1,14742,48,No,Mortgage,0
34,1676239,633242,714,13,4,35322,12,No,Mortgage,0
59,298542,474349,748,7,1,20384,48,No,Rent,0
23,549474,50000,668,5,4,54725,24,Yes,Mortgage,1
21,1123115,1097194,771,4,2,27035,36,No,Mortgage,0
51,327913,390623,627,13,0,30900,84,No,Rent,0
64,1335198,1002069,533,22,1,38429,60,No,Own,0
62,703488,510224,724,0,5,16034,24,No,Rent,0
27,1068104,153530,564,10,1,5447,48,Yes,Mortgage,0
31,688293,100075,631,13,4,43787,60,No,Mortgage,0
46,832489,61560,608,18,1,20443,12,No,Own,0
37,696100,885291,569,20,0,5926,84,No,Own,1
54,1115083,545789,594,29,2,22217,60,No,Mortgage,0
23,969571,368403,850,8,4,39532,36,No,Own,0
39,623514,1063561,605,2,3,13222,60,No,Own,1
37,1128579,329246,738,7,4,27215,48,No,Rent,0
46,873568,304225,576,19,0,2108,24,No,Own,0
36,1296861,651991,599,2,1,25296,36,No,Rent,1
33,254254,397298,583,11,3,4387,36,No,Rent,1
25,601482,143969,614,8,1,27111,36,No,Rent,0
23,603323,466540,641,3,2,20961,60,No,Rent,0
35,504989,236559,703,14,2,3923,36,No,Rent,0
38,1284177,714584,576,6,1,16683,36,No,Rent,0
65,746559,1382383,473,14,2,24341,36,Yes,Rent,1
60,631095,50000,770,10,1,17804,60,Yes,Own,0
38,1054723,248185,831,9,4,23397,60,No,Mortgage,0
65,1236817,1094900,823,18,5,47368,36,No,Rent,0
51,954272,740967,607,21,0,15991,48,No,Rent,0
39,257429,649508,677,6,0,30227,60,Yes,Rent,1
60,867242,294938,661,0,0,15332,36,No,Own,0
62,836565,1080867,692,17,3,17215,24,No,Rent,0
42,373385,438164,700,24,0,1902,36,No,Rent,0
36,760424,673286,728,18,2,19485,60,Yes,Rent,1
62,882628,188402,787,29,4,42917,36,No,Rent,0
31,1106936,599567,560,10,0,26884,48,Yes,Rent,0
65,764043,50000,622,20,2,29914,36,No,Rent,0
38,910918,277011,507,18,0,14829,60,No,Own,0
41,1009836,746335,656,16,4,18895,60,No,Own,0
57,744105,862517,669,5,0,13739,60,No,Own,1
61,150111,555201,657,8,1,23567,60,No,Rent,1
63,440570,798678,819,28,1,28732,84,No,Rent,0
29,278839,462222,723,11,3,30282,24,No,Rent,0
51,514869,77171,747,15,2,31033,36,No,Rent,0
27,303932,541008,587,11,5,39685,12,No,Mortgage,0
65,607765,258365,667,21,4,42334,48,Yes,Rent,0
43,744271,733800,662,1,1,10658,60,No,Own,0
49,768202,108631,720,5,1,18013,60,No,Own,0
41,393314,402710,629,12,5,28431,24,No,Mortgage,1
59,411174,1324441,719,7,3,22041,36,No,Rent,1
21,826883,531770,638,5,5,32531,60,No,Rent,0
50,690924,69614,586,4,2,43015,48,No,Rent,0
36,402820,146517,642,15,4,14182,60,No,Rent,0
60,560213,88160,816,5,1,17271,60,Yes,Own,0
28,1282694,50000,763,3,5,30213,36,No,Rent,0
34,845919,738685,850,14,1,18239,60,No,Rent,0
53,738841,623127,502,0,2,35689,48,Yes,Own,1
39,363554,377583,701,1,2,35132,48,No,Mortgage,1
62,150000,422983,749,10,2,15829,48,Yes,Rent,1
24,705801,50000,766,3,4,25151,60,Yes,Rent,0
36,1338481,551806,776,15,0,20959,24,No,Rent,0
53,496539,65902,812,6,1,22192,60,No,Own,0
36,215610,674914,587,5,0,18843,60,Yes,Rent,1
22,892000,849364,584,2,1,7908,36,No,Rent,0
44,816259,507292,741,22,0,14237,24,No,Own,0
32,980631,322915,657,15,3,22516,84,No,Mortgage,0
61,1758169,793841,662,14,1,19680,48,No,Mortgage,0
41,384328,350807,529,16,2,13813,48,No,Mortgage,1
55,670536,50000,651,16,4,14079,60,No,Mortgage,1
59,627805,944598,792,19,3,7177,60,No,Rent,0
49,852803,575541,728,2,0,9461,60,No,Mortgage,0
35,570554,427108,735,7,3,28542,36,No,Rent,1
57,750750,234327,775,0,3,26994,60,No,Own,0
59,530748,224424,790,22,1,19689,36,Yes,Own,0
63,371555,50000,626,22,0,11600,60,No,Rent,0
65,358796,519115,542,7,3,32788,60,No,Rent,1
21,276470,131895,697,3,5,27008,24,No,Rent,0
42,1057886,452264,626,9,1,29229,36,No,Mortgage,0
54,1201692,381411,740,3,2,10238,12,No,Mortgage,0
50,910182,490303,607,9,5,30102,48,No,Rent,1
35,829985,362860,533,3,2,27263,36,No,Rent,0
55,618465,928864,850,24,1,19202,24,No,Mortgage,0
26,540524,336300,658,9,2,36397,48,No,Mortgage,0
63,546739,701347,605,4,5,45368,60,No,Mortgage,0
40,180551,371403,722,10,4,37953,36,Yes,Mortgage,1
47,713984,623373,735,6,3,5402,36,No,Rent,0
28,965995,504069,713,0,2,33646,60,No,Rent,0
64,769250,959331,818,12,4,16621,60,Yes,Rent,0
45,462599,677931,666,26,3,28854,84,Yes,Own,1
37,625070,901053,704,7,3,22017,24,No,Mortgage,1
24,636352,765658,690,3,2,31334,48,Yes,Rent,1
57,1166386,290974,472,10,0,12658,60,No,Own,0
64,715364,1338165,473,14,3,25039,36,Yes,Rent,1
43,1252186,899031,817,4,1,6378,36,No,Own,0
57,723222,521410,720,0,5,17060,24,No,Rent,0
62,179241,473064,738,7,4,30195,36,No,Rent,1
45,669153,645624,648,8,2,21325,36,No,Rent,0
51,239265,672559,692,6,2,6790,60,No,Mortgage,1
56,698069,410023,711,0,4,41926,60,Yes,Rent,0
61,553848,622589,688,0,4,17938,48,No,Rent,0
35,379159,142500,633,12,3,12110,60,No,Rent,0
39,150000,74642,652,15,5,21741,60,No,Rent,1
44,1304763,822625,850,1,1,6037,36,No,Own,0
55,1040872,467178,594,30,3,19296,36,No,Mortgage,0
46,809075,367220,658,8,0,11504,36,No,Mortgage,0
22,654838,831111,778,5,1,33234,60,No,Rent,0
31,1151029,839044,544,15,4,35815,60,No,Mortgage,1
40,653217,1138805,632,6,4,18081,60,No,Own,1
51,360640,371191,632,8,3,14463,36,Yes,Rent,0
32,820813,139299,742,14,3,33646,24,No,Mortgage,0
53,249042,885062,486,29,0,2652,36,No,Mortgage,1
62,1016549,313404,541,5,4,24283,36,No,Rent,0
56,1088831,759170,764,28,5,35262,36,No,Rent,0
35,413470,428067,687,0,4,38063,48,No,Mortgage,0
44,1356208,449698,718,10,4,2371,48,No,Own,0
46,1285774,323266,719,27,3,25473,60,Yes,Mortgage,0
46,410813,50000,699,6,3,13634,36,No,Mortgage,0
21,662550,882794,810,6,1,29085,60,No,Rent,0
46,1340573,498568,803,1,5,38133,60,No,Own,0
54,539707,640497,645,24,1,16614,36,No,Own,0
36,1188122,422434,663,17,2,10869,84,No,Mortgage,0
37,492450,437425,642,11,3,19776,36,No,Mortgage,1
65,155646,453121,721,21,4,26276,24,No,Mortgage,1
31,660990,509252,703,3,4,37542,60,No,Mortgage,0
35,569898,538326,604,17,2,9190,84,No,Own,0
51,579917,632934,769,32,5,30996,36,Yes,Mortgage,0
29,736069,623777,835,10,0,3227,36,No,Mortgage,0
65,1069206,652213,766,1,3,44375,12,No,Mortgage,0
60,1175340,396200,620,9,3,33010,36,No,Rent,0
61,657945,274347,630,17,3,24210,36,No,Rent,0
31,955185,50000,639,12,1,21537,36,No,Rent,0
65,1114686,837152,619,25,3,17985,24,No,Own,0
40,735578,1123314,755,17,2,29733,24,No,Rent,1
56,179542,354660,684,23,3,16806,60,No,Mortgage,1
65,887203,405974,793,10,2,15840,36,No,Rent,0
47,1482970,415153,692,10,5,32767,48,No,Mortgage,0
34,570945,458480,778,10,2,33184,36,No,Rent,0
59,615812,50000,829,6,3,17090,60,Yes,Own,0
36,311275,375287,778,15,1,23279,48,Yes,Rent,0
48,974890,1026426,728,4,2,9458,12,No,Rent,0
43,238345,838170,538,26,5,32152,24,No,Own,1
50,1308384,592827,501,12,4,47538,48,No,Mortgage,0
25,578555,248444,651,6,4,16208,48,Yes,Mortgage,0
50,728941,247147,687,29,2,13506,24,No,Mortgage,1
31,571991,50000,693,10,5,40298,60,No,Mortgage,0
48,751832,399516,699,6,2,7033,24,Yes,Mortgage,0
54,884638,815363,658,33,1,10653,60,No,Rent,0
52,979674,396284,687,13,0,24664,60,No,Mortgage,0
52,150000,687062,793,18,3,18534,60,No,Rent,1
21,876488,584486,646,0,3,27941,24,No,Rent,0
32,760771,757508,482,16,0,3760,48,No,Mortgage,0
32,813653,431445,671,17,1,12645,84,No,Mortgage,0
49,628871,50000,767,24,5,28378,36,Yes,Own,0
24,978344,322907,725,10,3,32666,12,No,Own,0
38,698613,684600,604,9,4,39529,36,No,Rent,0
36,450697,61087,700,23,3,20022,48,No,Own,0
57,1138940,52208,727,18,0,24039,36,No,Own,0
43,790675,256412,529,16,5,40873,48,No,Rent,0
31,244907,50000,706,7,1,27734,36,No,Rent,0
52,859903,240300,796,0,3,27504,60,No,Own,0
30,1301473,87192,583,11,3,25875,60,No,Mortgage,0
63,580973,812981,734,28,2,24882,36,Yes,Own,0
26,1452699,643554,571,10,2,12766,60,No,Mortgage,0
35,556853,50415,742,20,3,36063,60,No,Own,0
38,468800,409851,788,3,1,17543,36,No,Rent,0
33,841940,433306,700,17,2,12814,84,No,Mortgage,0
49,172767,303756,625,24,5,11818,60,No,Rent,1
21,197995,429114,515,4,1,23058,84,No,Rent,0
58,870632,1135567,775,9,3,20324,36,No,Own,0
35,613813,447375,685,8,5,16993,36,No,Mortgage,0
39,1135278,501006,729,12,0,22522,24,No,Rent,0
29,1001453,204210,637,2,5,47182,84,No,Rent,0
37,894006,521768,653,17,3,27295,60,No,Rent,0
63,1104394,929248,604,28,3,41787,84,No,Rent,0
63,1223722,609846,637,23,5,28532,36,Yes,Mortgage,1
45,281696,837416,563,22,5,35318,24,No,Own,1
30,511052,877782,631,10,2,34121,60,No,Rent,1
24,692475,992587,665,9,4,20236,60,No,Mortgage,0
34,1236985,1102312,713,19,2,20988,60,No,Mortgage,0
55,1162726,50000,706,29,4,38028,48,No,Rent,0
56,367229,224599,624,19,5,25877,60,No,Rent,1
40,219424,82867,407,3,0,13095,36,No,Own,1
55,854746,827650,668,30,1,12240,60,No,Rent,0
34,1679053,924789,775,14,5,50406,12,No,Mortgage,0
65,343781,347468,709,9,5,31724,36,Yes,Own,1
59,548153,259002,689,3,5,47415,84,No,Own,0
46,1113234,50000,673,16,1,17161,12,No,Rent,0
40,1367742,738193,739,21,0,51601,36,No,Mortgage,0
65,289461,628803,844,19,2,29626,60,No,Mortgage,1
54,482760,241281,663,17,5,26448,60,No,Rent,0
56,876750,373196,760,20,1,8887,48,No,Own,0
27,1146332,246608,767,9,3,31760,60,No,Rent,0
58,1161957,745471,496,7,1,20112,36,No,Rent,0
25,233697,1053191,546,6,2,23005,48,No,Rent,1
41,654583,671637,626,9,5,40661,36,No,Rent,0
33,1019039,990364,813,7,5,16944,24,No,Rent,0
39,554420,1095538,778,15,3,27323,36,No,Rent,0
47,791452,661385,665,19,1,2297,24,No,Mortgage,0
28,198373,992457,719,16,5,28307,36,Yes,Mortgage,1
43,1722885,89439,850,2,4,20988,12,Yes,Rent,0
32,411034,808858,633,19,4,28655,60,No,Rent,1
48,692818,913761,598,18,0,15134,60,No,Mortgage,0
59,216835,447461,697,29,0,15497,24,Yes,Own,1
46,488151,151367,655,22,0,19163,60,No,Rent,0
56,1068537,395317,658,22,5,38537,48,No,Mortgage,0
31,606258,319715,578,17,4,20009,60,No,Own,0
49,893078,385303,736,19,5,36405,36,No,Mortgage,0
30,1308618,666930,610,8,0,0,60,No,Mortgage,1
49,889849,532919,585,16,4,40226,36,No,Rent,0
21,734193,796426,816,6,1,30676,60,No,Rent,0
38,665025,50000,777,1,5,42119,36,No,Rent,0
44,804555,64167,614,27,2,273,36,No,Rent,0
35,1189094,693177,595,3,2,19148,36,No,Rent,0
60,391118,67078,631,24,0,10986,60,No,Rent,0
38,305766,1121928,775,6,1,13574,36,No,Own,1
24,441059,1262516,676,1,4,26184,48,No,Own,1
41,392058,245587,646,12,4,30883,48,No,Rent,0
53,243776,592535,626,26,0,1723,60,No,Mortgage,1
33,633761,496924,641,9,4,14050,36,No,Mortgage,0
56,497185,1303875,741,20,4,26240,60,No,Mortgage,0
38,654559,151212,718,20,0,25982,84,No,Mortgage,0
44,1197366,508689,779,30,2,48674,12,No,Mortgage,0
41,739543,814916,706,22,2,22643,12,Yes,Rent,0
44,710657,578041,730,17,2,27643,24,No,Rent,0
35,488147,486234,778,18,4,36893,12,No,Rent,0
62,928955,407646,643,27,5,42671,48,No,Rent,0
27,546071,624642,691,6,4,21928,12,Yes,Mortgage,0
61,894930,96046,631,5,1,31970,24,No,Mortgage,0
65,1066548,79333,649,24,5,41728,36,No,Mortgage,0
35,775602,977688,572,16,5,42302,36,No,Mortgage,1
34,959297,480382,675,13,4,38158,36,Yes,Rent,0
44,909096,307869,732,20,0,13340,24,No,Own,0
53,336236,591518,699,11,3,30439,36,No,Own,0
44,194223,679105,742,26,2,44066,12,No,Rent,1
60,150000,657645,629,11,1,25311,84,No,Mortgage,1
22,1233588,50000,837,0,5,17915,36,Yes,Rent,0
51,458936,274390,594,29,1,40400,48,No,Own,0
25,900663,595852,725,7,4,25238,84,No,Own,0
51,927399,134251,731,11,0,30706,36,No,Rent,0
59,1769921,762398,644,13,1,22326,48,No,Mortgage,0
56,778220,395885,524,11,5,50572,36,No,Own,0
30,1340404,74555,775,6,5,35701,36,No,Rent,0
38,470424,513955,684,13,3,24224,24,No,Rent,1
65,890527,97584,596,5,1,7531,60,No,Rent,0
55,962962,1172347,543,2,2,12536,60,Yes,Rent,1
26,955952,872554,550,4,3,32603,60,No,Rent,1
22,759495,221278,719,1,2,35184,84,No,Mortgage,0
25,594328,673103,601,11,3,15169,12,No,Mortgage,1
52,636954,906564,780,16,2,20230,60,No,Own,0
39,877433,442066,723,22,0,19252,24,No,Own,0
34,681863,342040,610,17,3,20004,60,No,Own,0
47,539044,374622,614,8,5,35098,36,No,Mortgage,1
52,381260,782671,685,12,3,38131,60,No,Mortgage,1
36,1041041,524657,666,8,1,12238,24,Yes,Rent,0
22,150000,416856,638,5,5,40145,60,No,Rent,1
33,674442,397719,644,16,2,27312,48,Yes,Rent,0
45,851734,266433,614,18,0,1238,24,No,Own,0
44,816777,58903,578,29,2,4241,36,No,Rent,0
52,489661,684161,778,20,1,9860,60,No,Rent,0
53,871841,757493,749,7,0,25502,36,No,Mortgage,0
21,873508,281557,680,10,0,8264,60,No,Rent,0
31,825001,964835,523,14,5,36813,36,No,Mortgage,1
56,688775,649388,673,10,1,22446,36,No,Rent,0
36,912847,316996,685,23,4,21980,36,Yes,Rent,0
23,1071176,686995,529,5,1,26978,24,No,Rent,0
21,671443,525267,734,5,4,30960,60,No,Rent,0
35,733895,50000,801,3,1,24914,24,No,Rent,0
36,516646,354773,766,16,4,36009,60,No,Mortgage,0
34,540511,621001,637,5,2,15572,24,No,Rent,0
31,865900,50000,847,7,1,22757,60,No,Own,0
33,367493,603018,635,13,4,26897,24,No,Own,1
24,419262,882917,850,1,0,10493,60,No,Own,0
21,263248,757690,668,3,2,7115,48,No,Rent,1
58,522796,307798,550,21,1,15807,24,No,Rent,0
22,1094871,50000,764,3,5,16184,36,No,Rent,0
49,343697,1096777,835,0,3,31371,60,No,Own,1
38,902291,538847,636,16,3,28163,60,No,Rent,0
55,657878,738890,637,9,2,34626,60,Yes,Own,1
58,727797,833514,685,24,2,22868,36,No,Rent,0
57,955358,313736,825,3,5,37114,48,Yes,Mortgage,0
41,150000,50000,760,3,2,33574,24,No,Mortgage,0
22,151070,682371,548,3,2,17306,36,Yes,Rent,1
44,368524,614638,688,17,5,24443,36,No,Rent,0
38,421681,50000,633,12,3,15157,36,No,Rent,0
25,488339,708747,753,10,4,38423,12,No,Mortgage,0
36,688777,359754,625,1,5,22347,60,No,Mortgage,0
26,516353,75375,780,7,3,29043,36,No,Own,0
56,464571,1338715,706,7,4,25841,36,No,Rent,0
35,298329,369683,649,11,3,19057,36,No,Mortgage,1
42,754757,1118671,733,15,2,30636,60,No,Mortgage,0
47,345371,300331,611,23,5,11802,60,No,Rent,0
24,344574,590694,688,2,3,10520,36,No,Own,1
36,162228,684071,737,19,5,38336,48,No,Own,1
56,422401,535962,668,28,1,8371,60,No,Rent,0
37,1200719,715119,600,17,2,36297,36,Yes,Rent,0
36,1595934,655921,710,16,4,28738,12,No,Mortgage,0
25,838150,548575,607,0,3,33208,24,No,Rent,0
26,967103,162861,589,5,5,43071,84,No,Rent,0
62,787453,684430,710,30,3,42019,60,No,Mortgage,0
54,947609,101333,684,17,0,3353,60,No,Rent,0
39,1343271,512651,757,0,5,18430,24,No,Mortgage,0
41,956405,779502,655,17,2,22657,60,No,Own,0
58,395430,497259,597,2,0,12143,24,No,Own,1
26,462894,1045213,528,9,0,0,36,No,Rent,1
37,150000,50000,629,16,4,26167,60,No,Rent,1
47,970250,411173,617,20,0,9028,48,No,Rent,0
45,672025,135909,740,17,5,28272,36,No,Rent,0
40,413568,708695,725,21,5,42738,24,No,Rent,0
21,862322,987176,611,4,1,15491,60,No,Rent,0
35,309165,357362,807,11,0,22009,48,Yes,Rent,0
36,293515,875311,606,19,0,26113,36,No,Mortgage,1
64,855229,619537,818,7,5,21292,36,No,Rent,1
21,712558,541404,683,4,2,34443,36,No,Mortgage,0
37,1181736,685898,622,16,2,36849,36,Yes,Rent,1
61,958434,263085,640,1,2,29836,84,No,Mortgage,0
63,221012,455562,736,5,2,18109,48,Yes,Rent,1
64,432254,50000,666,15,2,12814,36,No,Own,0
30,474827,682416,677,9,1,16706,36,No,Own,1
65,150000,463904,590,22,1,14141,60,No,Rent,1
34,411336,716407,585,7,2,21571,36,No,Mortgage,1
61,708048,445935,634,19,2,4711,60,No,Mortgage,0
52,318354,358995,649,14,1,20889,84,No,Rent,0
46,1399292,327243,608,7,2,15664,60,No,Rent,0
36,917378,729298,637,7,4,23042,60,Yes,Rent,0
57,836042,939867,596,1,1,10706,12,No,Mortgage,0
42,713276,726602,745,6,2,40213,84,No,Mortgage,0
23,774636,719672,605,8,4,42441,60,Yes,Rent,1
60,200490,483609,777,11,4,19058,48,Yes,Rent,1
21,704068,457108,696,3,2,17999,12,No,Mortgage,0
33,741585,773870,430,15,0,0,48,No,Mortgage,0
55,690212,453288,706,16,2,11646,24,No,Rent,0
28,304631,804274,753,0,0,12144,36,No,Rent,1
44,967161,399971,686,26,3,16010,24,No,Rent,0
42,479258,199142,797,27,3,33655,12,No,Own,0
42,652569,77307,587,16,3,25080,60,Yes,Mortgage,0
45,499991,1159447,658,28,5,28463,48,No,Mortgage,1
55,463170,219456,613,29,5,10741,48,Yes,Rent,1
30,303741,846411,655,12,4,31238,60,No,Own,1
35,1320267,544001,618,13,0,16075,36,No,Mortgage,0
48,378847,361974,625,26,4,13125,60,No,Rent,0
47,778490,320193,681,28,2,10320,24,No,Mortgage,0
46,946032,50000,763,3,3,35581,36,No,Rent,0
56,581591,670879,558,7,0,16733,36,No,Own,0
38,703262,283536,685,15,4,35789,60,No,Mortgage,0
63,605635,50000,568,10,2,28559,36,No,Mortgage,0
63,1094881,294875,548,6,4,23708,36,No,Rent,0
57,1116596,935162,540,22,5,32022,84,No,Rent,0
26,232519,1032372,568,2,1,19052,48,No,Rent,1
55,352595,470896,602,6,0,26884,84,No,Own,1
26,702169,54492,672,4,4,13975,60,No,Own,0
60,906559,511962,686,28,3,24714,12,No,Rent,0
50,765816,1041568,572,14,4,23294,36,No,Mortgage,0
21,666011,812162,692,7,1,23652,48,Yes,Rent,0
58,680195,764835,631,12,4,50399,60,No,Rent,1
51,1048427,674888,786,29,2,30658,84,No,Own,0
36,1527118,1261673,584,1,2,26768,36,Yes,Mortgage,1
28,510703,693422,749,7,3,39177,12,No,Mortgage,1
37,554008,527795,663,4,0,16007,24,No,Rent,0
54,1023656,529550,850,7,5,41967,60,No,Own,0
47,510493,715362,751,22,3,12302,60,No,Rent,0
23,1344769,557260,663,4,3,38416,12,No,Own,0
38,734919,1177365,768,19,0,36097,24,No,Rent,0
53,343153,552315,716,17,1,27715,36,No,Own,0
42,1176648,50000,515,24,2,22340,36,Yes,Rent,0
30,1137614,99668,605,3,5,34596,36,Yes,Own,0
38,626402,302795,838,1,4,22394,48,No,Rent,0
48,594040,53098,799,5,1,14357,12,No,Own,0
50,1025427,50000,825,24,2,27379,84,No,Rent,0
26,638442,428348,650,10,5,8086,24,No,Own,0
44,1087770,1294977,672,8,1,19617,60,No,Rent,0
44,175216,50000,755,3,3,26907,24,No,Mortgage,0
21,703804,59105,708,0,1,26224,84,No,Own,0
26,1156481,258338,660,11,5,37358,60,No,Own,0
51,451114,456954,761,18,2,24742,24,No,Own,0
25,756082,528634,676,4,3,29742,36,No,Mortgage,1
44,998456,50000,614,17,2,12552,24,No,Own,0
52,396359,388407,773,15,3,30339,24,No,Own,0
46,1707304,760961,812,11,3,39196,36,No,Rent,0
32,770247,786828,560,7,0,1228,60,No,Rent,1
52,901759,82535,650,3,3,22111,36,No,Rent,0
29,818117,66195,675,6,4,27004,24,No,Own,0
65,934926,869647,648,11,5,30053,60,No,Mortgage,0
27,794863,83248,520,11,3,41757,60,No,Mortgage,0
59,270098,428516,679,30,3,20881,36,No,Own,0
22,595549,743382,740,1,5,39977,60,No,Mortgage,1
52,648787,717816,660,11,2,23369,36,No,Mortgage,0
63,748280,633008,690,8,1,36243,48,Yes,Mortgage,0
54,158982,677831,647,22,5,25723,60,No,Rent,1
32,150000,807149,650,13,1,12247,48,No,Rent,1
60,744709,1115647,718,14,1,23026,36,No,Own,1
65,713988,496146,610,20,3,53897,36,Yes,Rent,0
21,702485,378084,701,4,5,16178,36,No,Own,0
46,535694,55492,807,0,0,9756,12,No,Own,0
65,390789,560167,574,6,5,34709,12,No,Mortgage,1
56,592373,874856,645,19,5,31540,24,No,Mortgage,1
29,710595,369418,632,13,5,30604,60,No,Mortgage,0
21,585095,1014014,625,1,0,25928,36,No,Rent,0
37,248910,648504,603,3,0,13125,60,Yes,Rent,1
47,163506,227760,799,20,1,11858,24,No,Own,0
50,605699,752127,585,21,4,42881,36,No,Rent,1
50,680618,502574,850,9,1,12323,36,No,Rent,0
53,588722,378676,617,10,2,28762,60,No,Rent,0
38,1017137,512611,779,6,1,24183,24,No,Mortgage,0
48,1074200,949766,850,19,1,1766,12,Yes,Own,0
42,657720,203408,649,11,3,16827,84,No,Rent,0
54,786230,132483,648,16,1,34818,84,Yes,Mortgage,0
36,525679,415772,683,11,0,2394,36,Yes,Own,0
35,1541555,371045,648,17,0,19335,24,No,Rent,0
27,514500,1055156,550,12,0,0,36,No,Rent,1
52,949982,787243,632,22,0,15692,48,No,Rent,0
25,914083,701120,805,11,4,40087,36,No,Rent,0
61,735721,897886,611,8,5,39572,60,No,Own,1
51,792837,165269,675,17,2,33131,84,Yes,Mortgage,0
33,1674742,622984,730,14,5,32540,12,No,Mortgage,0
65,912130,613412,814,5,3,22743,36,No,Rent,0
56,644596,1447189,725,0,1,5671,36,No,Mortgage,0
60,409289,79580,640,25,0,12750,60,No,Rent,0
35,690543,417581,644,7,4,14814,36,No,Mortgage,0
53,570231,780650,680,27,1,18929,48,No,Own,0
44,671904,614909,737,4,1,3675,36,No,Rent,0
55,1124569,244503,694,15,2,36736,60,No,Rent,0
51,828808,200791,716,7,2,34816,36,No,Rent,0
62,691715,53157,566,20,4,8316,36,No,Own,0
37,1252647,132132,588,13,5,39403,12,No,Own,0
38,950500,383445,564,15,2,18376,36,No,Rent,0
46,947104,1301052,716,12,5,30836,60,No,Own,0
21,1011633,363656,707,5,1,5614,60,Yes,Rent,1
48,507455,702230,620,20,5,45256,36,No,Rent,0
53,586106,729273,651,26,0,0,12,No,Rent,0
51,1255027,748770,850,13,2,21529,36,No,Own,0
65,1346136,646477,539,24,1,32817,60,No,Mortgage,0
27,1178266,129531,650,4,5,30956,36,Yes,Own,0
50,853127,797284,762,18,0,14151,60,No,Own,0
33,868746,266488,703,13,0,5741,60,No,Rent,0
51,1111419,765056,624,22,4,38125,60,No,Rent,1
27,746069,630289,842,16,0,20181,60,No,Rent,0
28,1241903,89714,787,9,2,30422,60,No,Rent,0
39,596832,1067077,790,15,4,29077,36,No,Rent,0
33,1003193,656478,671,8,0,24015,48,No,Mortgage,0
57,517652,559325,687,0,4,17258,48,No,Rent,0
65,1166943,643384,767,31,3,35839,48,No,Mortgage,0
56,656633,1423009,747,0,0,8978,36,No,Mortgage,0
60,1326393,995378,551,22,2,32565,60,No,Own,0
49,1437837,541604,787,4,4,34416,60,No,Own,0
38,432106,449446,602,8,4,29550,24,No,Mortgage,0
55,863543,424791,697,20,3,21997,24,No,Rent,0
42,161926,834811,829,7,5,26805,60,No,Own,1
42,400082,737623,592,20,3,38401,60,Yes,Rent,1
21,150000,433595,630,6,4,46703,60,No,Rent,1
42,150000,591750,751,17,2,23393,12,No,Rent,1
24,618592,855641,427,3,0,15954,60,No,Own,1
22,670647,665113,598,3,3,32834,48,Yes,Mortgage,1
53,150000,476164,752,21,3,9549,36,Yes,Own,1
31,462006,179633,801,18,0,2282,36,Yes,Mortgage,0
41,1252233,50000,562,27,2,19760,36,Yes,Rent,0
45,570246,255234,803,7,0,11602,12,No,Rent,0
57,212315,746877,664,11,2,26826,84,No,Mortgage,1
41,186000,57903,681,23,2,18344,36,No,Rent,0
34,886765,665810,553,19,0,1693,36,No,Rent,0
31,912565,950961,652,1,0,10879,36,No,Mortgage,1
25,1694968,347575,746,11,2,10502,36,No,Rent,0
29,890875,952252,666,13,4,39129,84,No,Mortgage,0
30,207038,464184,658,0,1,17074,60,No,Mortgage,1
52,1135042,758665,609,21,4,37886,60,No,Rent,0
40,150000,745718,692,23,5,45552,48,No,Rent,1
28,693186,91857,702,2,0,5898,60,No,Rent,0
21,750300,475052,640,3,5,24668,48,No,Mortgage,1
28,532557,1018075,551,8,0,1025,36,No,Rent,1
46,1263512,454727,494,14,2,51753,48,No,Mortgage,0
53,1198812,447809,742,2,2,13961,12,No,Mortgage,0
63,913355,616729,676,0,0,16107,36,No,Mortgage,0
31,906685,588365,675,9,2,26573,48,No,Mortgage,0
62,880072,397026,732,26,4,22766,12,No,Rent,0
49,1001518,546901,602,8,5,27975,36,Yes,Mortgage,0
31,793106,843597,619,11,4,30695,36,No,Own,0
57,150000,405400,636,6,5,41112,84,No,Rent,1
52,592968,931288,593,17,4,30942,24,No,Mortgage,0
57,884919,675567,682,16,1,0,24,Yes,Own,0
37,821925,535953,753,3,5,11001,12,No,Own,0
35,393669,372029,653,19,3,18528,60,No,Rent,0
31,565166,697081,577,9,2,13777,12,No,Mortgage,1
33,645881,367027,606,16,4,16238,60,No,Own,0
47,788953,389890,637,11,0,11250,36,No,Mortgage,0
37,873521,428190,446,17,2,12935,36,Yes,Own,1
63,1116890,730380,513,4,0,14758,36,No,Rent,0
61,937322,667298,498,0,1,4753,60,Yes,Mortgage,1
36,949069,387390,693,10,0,18253,36,No,Own,0
65,1032825,425119,649,25,3,26990,36,No,Rent,0
62,183747,358647,636,0,3,38868,24,No,Rent,1
35,460000,843914,709,10,3,25466,48,No,Rent,0
50,959619,425492,584,11,4,26111,48,No,Rent,0
21,540773,325625,802,0,2,33991,36,No,Rent,0
37,822421,1150217,758,17,1,38817,24,No,Rent,0
39,955082,627419,472,5,3,11203,48,No,Own,1
53,352431,610054,709,13,2,27805,36,No,Own,0
32,878747,514854,542,11,3,36358,60,No,Rent,0
35,332098,996479,572,5,4,23975,36,No,Rent,1
56,237136,929310,739,22,0,11523,60,No,Mortgage,1
49,1198662,766079,606,27,2,17175,36,No,Mortgage,0
61,576898,1021536,830,26,1,9009,60,Yes,Rent,0
28,650171,103772,739,10,4,35520,48,No,Mortgage,0
21,635673,850495,426,5,3,24733,48,No,Rent,1
36,383277,79417,579,10,5,32711,60,No,Rent,0
52,199888,234317,623,10,4,39670,60,No,Own,1
28,262510,846195,758,1,0,14411,36,No,Rent,1
27,947245,476192,661,0,2,28303,60,No,Rent,0
60,873272,303164,736,17,5,36520,36,No,Mortgage,0
33,478026,1569854,617,15,4,29044,60,No,Mortgage,1
43,1303945,659534,720,21,2,16648,24,No,Rent,0
32,874951,610565,550,5,0,2083,60,No,Rent,1
23,416747,353339,712,3,1,19199,36,No,Rent,0
38,420845,70512,543,7,4,23957,60,No,Rent,1
61,686965,492129,796,17,1,4666,48,No,Mortgage,0
61,726740,836069,733,25,2,24233,36,No,Rent,0
55,1220608,771875,786,4,0,542,60,No,Mortgage,0
59,409182,483082,802,12,4,30796,60,Yes,Mortgage,1
33,1298132,723924,789,14,1,16090,24,No,Rent,0
22,274054,997038,534,8,1,16371,48,No,Rent,1
28,1494460,263848,722,13,3,49498,48,No,Rent,0
51,658131,924168,790,10,2,20409,60,No,Own,0
57,686357,498142,591,12,0,18480,48,Yes,Mortgage,0
60,256215,426442,724,30,0,16919,24,Yes,Own,0
34,1113763,1008180,807,11,3,14306,24,No,Rent,1
36,1119973,1089959,672,19,1,19184,60,No,Mortgage,0
62,549932,790346,592,7,0,22020,36,No,Mortgage,0
58,273121,826181,769,16,5,32898,48,No,Rent,1
47,773686,274639,666,26,2,9780,24,No,Mortgage,0
59,1058575,947084,505,22,3,35485,84,No,Rent,1
21,531992,1080385,757,0,4,43644,24,No,Mortgage,1
64,1104404,649389,749,0,3,44689,12,No,Mortgage,0
41,209699,266161,795,16,3,33703,60,Yes,Rent,0
21,654351,50000,775,3,1,6805,36,Yes,Mortgage,0
28,1179849,1194935,756,1,2,29172,84,No,Rent,0
37,1352960,512770,778,15,0,19704,24,No,Rent,0
29,981157,116797,804,12,2,17384,60,No,Mortgage,0
28,651221,329701,483,7,2,10796,24,No,Rent,0
46,734710,50000,830,0,0,20603,60,No,Mortgage,0
29,843419,562679,519,15,3,33065,60,No,Rent,1
33,438195,207728,795,20,1,10472,36,No,Rent,0
22,1342804,452511,662,3,0,15912,48,No,Rent,0
62,839596,1333559,637,0,5,32608,60,No,Own,1
36,1229137,264209,691,17,1,22974,48,No,Rent,0
43,183866,411406,802,21,2,12778,48,No,Mortgage,0
44,726725,603534,756,17,3,28091,24,No,Rent,0
61,967176,945535,597,27,5,46623,84,No,Rent,0
53,1282351,743970,642,23,2,15001,60,Yes,Mortgage,1
30,157834,560925,705,10,5,34943,24,No,Rent,1
29,1061282,653522,499,8,0,19654,48,No,Own,1
44,584804,992778,531,27,3,29560,36,No,Own,1
54,936632,790516,661,21,1,17839,48,No,Rent,0
46,684485,364951,633,6,0,10691,36,No,Mortgage,1
50,604913,867517,817,27,2,5532,60,No,Rent,0
47,1262625,515853,587,2,0,14967,48,No,Rent,0
30,1002978,463881,733,13,0,7752,36,No,Mortgage,0
40,1062999,302818,654,14,5,32577,60,No,Own,0
35,702758,50000,732,3,5,33266,60,No,Rent,0
35,777179,751981,473,15,1,0,48,No,Mortgage,1
28,736399,779200,758,7,4,37470,60,No,Own,0
32,471858,780092,604,6,3,27748,36,No,Mortgage,1
35,604574,407510,784,8,4,27155,36,No,Rent,0
34,699342,321670,821,15,5,37778,60,No,Rent,0
64,1051531,1095705,650,30,0,19366,60,No,Rent,0
64,216454,1110385,794,8,1,12959,60,Yes,Own,1
36,922923,880316,690,9,3,21137,24,No,Mortgage,0
55,1238412,50000,707,24,3,36482,12,No,Rent,0
61,823288,1320132,618,4,5,35370,60,No,Own,1
63,172273,431196,741,9,3,30558,36,No,Rent,1
51,179361,720152,699,8,0,14133,24,No,Own,1
27,944455,384615,850,7,4,41869,36,No,Own,0
58,698220,50000,680,12,0,9981,36,No,Rent,0
42,697517,1001998,675,28,4,48111,60,No,Rent,1
51,921698,797073,763,15,3,29752,48,No,Own,0
46,1199292,405456,584,0,0,15438,48,No,Rent,0
41,370102,471864,638,12,5,28936,24,No,Mortgage,1
48,529717,385991,674,8,1,5199,60,No,Rent,0
52,1202780,790852,757,11,0,15157,36,No,Mortgage,0
47,1186658,503217,795,24,3,50364,12,No,Mortgage,0
35,669175,571740,735,19,0,15605,60,Yes,Rent,0
61,974276,66794,684,16,2,9724,12,No,Rent,0
21,150000,333496,578,3,5,41190,36,No,Rent,1
48,1323541,725919,698,18,2,15847,24,No,Mortgage,0
48,1070533,80004,617,9,5,31641,84,No,Own,0
53,919497,593471,666,7,0,18862,60,No,Rent,0
51,431736,335608,653,10,3,19304,36,Yes,Rent,1
52,676915,901190,774,9,2,19436,60,No,Own,0
64,1269661,520868,850,13,3,26649,60,No,Mortgage,0
49,150000,667095,641,20,5,29231,60,No,Rent,1
52,330191,830896,692,19,4,33597,60,Yes,Own,1
47,753818,620853,602,7,1,23889,36,No,Rent,0
61,1041774,812500,595,7,4,38228,60,Yes,Rent,1
62,615769,50000,689,2,5,42290,48,No,Own,1
65,314038,769289,576,5,4,43721,24,No,Own,1
60,844740,998567,722,0,4,42032,36,Yes,Own,0
63,726305,1037657,650,17,3,21289,24,No,Rent,0
49,1189563,268925,703,18,2,33278,60,No,Rent,0
21,502214,1351584,694,6,3,17580,36,No,Own,0
63,692238,964244,602,7,5,36386,60,No,Own,1
31,166346,731443,549,12,1,34505,60,No,Mortgage,1
21,434786,545323,660,5,1,18381,48,No,Rent,0
41,951861,477124,675,26,1,17006,24,No,Rent,0
40,1313175,140325,701,21,0,3683,36,No,Own,0
55,414214,652874,577,8,1,15604,36,No,Rent,1
38,459263,450407,709,0,3,38606,48,No,Mortgage,0
30,528506,212500,772,14,4,26536,60,No,Own,0
34,462173,560582,607,13,5,24466,24,No,Own,0
35,1026538,129491,599,9,0,19041,24,No,Mortgage,0
21,931468,556921,730,1,3,28738,36,No,Mortgage,0
49,958335,410397,645,20,0,11688,48,No,Rent,0
65,1256659,384026,493,17,0,12376,48,No,Rent,1
25,905154,336554,850,8,5,41416,36,No,Own,0
65,219005,573710,626,0,5,38072,12,No,Mortgage,1
42,1492366,996863,769,21,3,29524,36,No,Own,0
59,695028,1383362,720,1,0,5245,36,No,Mortgage,0
26,724174,700297,787,4,2,27076,84,No,Mortgage,0
64,893107,50000,630,18,2,35349,36,No,Rent,0
46,527189,50000,718,15,4,42278,60,No,Mortgage,0
46,1290960,451441,583,17,3,29040,24,No,Mortgage,0
64,1142648,477162,678,23,1,30769,60,No,Own,0
48,684931,726688,688,12,5,37126,84,No,Rent,0
62,935588,577678,644,32,0,20515,60,No,Own,0
32,847388,640792,687,5,4,25510,24,No,Mortgage,0
35,395745,644641,734,10,1,20105,36,No,Own,0
40,1051508,50000,702,10,0,16522,36,No,Mortgage,0
21,659816,50000,806,0,0,5951,36,Yes,Mortgage,0
30,290629,1219605,753,16,4,20915,48,No,Own,1
55,860287,312748,796,1,3,23671,60,No,Own,0
50,1112380,249029,788,27,1,0,60,Yes,Mortgage,0
33,348446,648869,650,15,2,13431,60,No,Own,1
30,561079,365311,792,12,2,19997,60,No,Rent,0
48,691023,60402,734,10,0,18997,60,No,Own,0
44,599092,1050240,603,0,4,39977,36,No,Mortgage,1
26,533817,364317,684,11,3,39050,48,No,Mortgage,0
38,1468104,601261,712,19,1,5102,48,No,Rent,0
65,306225,871369,720,0,0,5828,36,No,Mortgage,1
34,846845,366128,694,14,5,15472,60,No,Mortgage,0
50,981701,411053,684,15,2,19198,60,No,Mortgage,0
49,697333,180058,715,28,3,30613,60,No,Rent,0
44,1127389,520851,685,13,1,25427,24,No,Rent,0
35,752212,402157,605,18,0,15596,36,No,Own,0
57,322345,700698,602,6,2,10270,36,No,Rent,1
34,470840,831186,693,8,0,0,60,No,Own,0
22,194671,839648,562,4,4,31516,36,No,Rent,1
57,155513,304492,625,5,5,48508,84,No,Rent,1
57,475739,399551,704,10,0,17013,24,No,Own,0
42,1299196,667763,579,21,3,33189,48,No,Mortgage,0
53,349227,991358,747,22,2,25365,84,No,Rent,1
46,1093874,661480,621,30,4,18996,36,No,Mortgage,0
50,930483,432314,633,9,5,34064,48,No,Rent,0
37,1049086,650883,822,15,0,4208,12,Yes,Own,0
35,624227,1103525,606,6,3,30492,48,Yes,Mortgage,1
26,220007,388542,696,5,4,28213,36,No,Rent,1
64,860772,522179,735,23,1,5053,24,No,Rent,0
31,1679925,626800,697,14,5,28882,12,No,Mortgage,1
59,1235793,618026,622,23,5,29630,36,Yes,Mortgage,0
35,943354,254872,541,18,4,26817,36,No,Mortgage,0
60,931718,454650,721,26,4,22270,12,No,Rent,1
26,415439,885207,766,1,5,16769,84,No,Rent,0
53,1094603,424044,592,2,5,44365,36,No,Mortgage,1
56,1620671,72036,701,25,5,35480,48,No,Rent,0
61,351708,921128,697,15,4,26974,36,No,Mortgage,1
54,630749,366836,612,10,2,29105,60,No,Rent,0
54,1275025,119119,680,26,2,35270,12,No,Rent,0
44,223726,748342,543,22,5,36278,24,No,Own,1
54,585637,190945,683,22,0,26016,60,Yes,Rent,0
40,507105,50000,684,11,2,4559,60,No,Own,0
21,725938,525676,717,2,3,27044,60,No,Rent,0
40,606793,619858,696,18,2,17541,36,No,Own,0
41,1278366,832690,716,22,0,23524,60,No,Mortgage,0
46,713509,484855,492,10,5,30363,48,Yes,Rent,1
60,320797,866021,767,22,5,33596,48,No,Rent,0
48,693014,1007412,588,15,0,13717,60,No,Mortgage,0
52,942200,775175,698,23,0,15958,48,No,Rent,0
58,982683,596950,684,15,1,37942,48,Yes,Mortgage,0
40,575893,1273468,753,25,2,12617,60,No,Rent,0
41,1398614,399781,850,24,3,18795,24,No,Own,0
41,539267,239271,771,25,4,29201,12,No,Own,0
26,897270,806753,536,7,1,32194,60,No,Rent,0
27,788405,487691,600,3,3,34889,24,No,Rent,0
34,359854,191001,634,10,4,9342,60,No,Rent,0
32,783250,50000,642,12,4,52166,24,No,Mortgage,0
65,1262020,76636,655,25,5,44138,36,No,Mortgage,0
55,646438,464136,598,10,1,17233,48,Yes,Mortgage,1
39,1363263,842070,749,22,1,21389,60,No,Mortgage,0
60,235353,424368,758,11,3,21322,48,Yes,Rent,1
30,924124,895659,672,12,5,38161,84,No,Mortgage,0
57,657361,847694,571,30,2,23242,36,No,Rent,0
39,369383,559287,602,0,2,26491,36,No,Own,1
29,360872,839320,766,1,3,23316,84,No,Rent,1
37,420720,389553,670,11,2,14650,36,No,Mortgage,0
33,1110664,746870,764,14,5,36422,24,Yes,Mortgage,0
40,293028,1061263,688,9,4,27489,48,No,Rent,1
27,743234,302261,536,9,0,21995,36,No,Rent,0
25,679713,900483,622,2,5,41302,36,No,Mortgage,0
50,995994,1026362,705,3,0,14916,12,No,Rent,0
43,525239,102562,601,7,4,25798,36,No,Mortgage,0
37,691465,76673,622,21,1,2454,84,Yes,Own,0
43,660442,386596,740,8,0,20837,24,No,Rent,0
21,911692,373762,688,1,2,30325,36,No,Mortgage,0
36,665972,1043829,621,4,4,21932,60,No,Own,0
63,747153,50000,803,6,1,16450,60,Yes,Own,0
46,1139888,649346,770,10,5,31222,36,Yes,Mortgage,0
38,680580,695432,843,16,0,16958,60,No,Rent,0
33,1055010,839136,583,8,5,38528,24,No,Rent,1
21,785191,343896,639,4,3,36918,84,No,Mortgage,0
31,917085,50000,600,15,1,27405,60,No,Mortgage,0
60,671983,815515,620,11,4,39951,60,Yes,Own,0
60,1254822,884606,618,17,3,26240,48,No,Rent,0
46,687743,143127,800,27,1,11579,36,No,Mortgage,0
46,392100,989164,778,15,5,40188,60,No,Mortgage,1
44,1207059,311228,673,29,2,15970,12,No,Rent,0
29,801346,510364,701,12,1,15305,24,No,Mortgage,0
55,582848,514852,548,19,0,11671,84,No,Mortgage,1
36,1458418,363040,676,16,5,35601,60,No,Rent,0
55,1219806,648059,850,0,3,20288,24,No,Own,0
59,157170,1023134,545,3,1,13330,24,Yes,Own,1
43,383691,656263,751,2,3,12221,84,No,Rent,0
23,941000,801569,521,9,3,27233,60,No,Rent,1
36,951456,608813,678,9,2,31800,48,No,Mortgage,0
53,1078011,98280,626,8,5,39702,48,Yes,Own,0
37,410599,110384,652,18,3,16241,24,No,Mortgage,0
59,565260,992017,777,25,0,2776,36,No,Rent,0
36,420437,366361,691,19,3,11703,60,No,Rent,0
46,310266,265984,561,27,2,13509,24,No,Rent,0
30,434170,50000,691,5,1,29467,48,No,Own,0
59,699354,328422,744,7,2,24900,48,No,Rent,0
39,1790856,641098,663,18,5,44246,24,No,Own,0
44,700985,595063,788,13,1,31640,24,No,Rent,0
56,1082107,884904,672,9,4,26680,48,No,Rent,0
37,921666,357519,540,8,2,23442,36,No,Rent,0
31,1236165,645410,614,6,0,0,60,No,Mortgage,0
61,615843,1057054,586,8,4,40201,60,No,Own,0
57,843753,345559,732,12,4,24674,36,No,Rent,0
43,812173,1010311,597,12,1,22231,48,No,Mortgage,1
58,928370,722413,679,0,1,21040,36,No,Mortgage,0
34,1137321,97746,619,16,2,39597,12,No,Own,0
31,362178,413011,636,6,3,26023,48,Yes,Own,1
38,211345,120422,660,19,1,10900,60,No,Rent,0
33,666468,1010207,702,13,4,40876,36,Yes,Mortgage,1
65,930100,406001,643,21,4,45246,48,No,Rent,0
49,1151606,983639,847,29,0,3781,24,No,Rent,0
48,150000,433748,732,24,5,20814,36,No,Mortgage,1
50,750223,245818,539,17,3,36769,48,No,Rent,0
57,174541,50000,826,8,3,32427,36,Yes,Rent,0
55,613759,682860,626,22,0,14905,36,No,Own,1
36,446084,398608,680,13,3,16271,60,No,Rent,0
64,896527,794885,644,9,5,37522,48,No,Own,1
56,580002,221748,646,23,0,23108,60,Yes,Rent,0
52,164754,651334,817,19,3,27111,60,No,Rent,1
43,934013,1287688,609,15,2,6068,36,Yes,Rent,0
47,521220,290093,651,9,0,19837,60,No,Rent,0
45,1148599,524597,695,11,0,24688,24,No,Rent,0
28,1338945,973712,759,9,0,0,60,No,Rent,0
65,1286089,622248,540,22,3,37788,60,No,Mortgage,0
63,366465,205436,784,18,5,37729,60,Yes,Own,0
35,589785,625654,709,10,4,52219,36,No,Mortgage,0
27,1403853,700420,769,10,0,14735,60,No,Mortgage,0
23,221827,456830,759,9,1,9049,36,No,Rent,0
48,1139796,226300,700,26,3,13949,12,No,Rent,0
27,1101552,116362,598,10,1,9083,48,Yes,Mortgage,0
27,1021631,562947,774,6,4,19967,84,No,Own,0
26,823443,620701,677,7,3,26565,48,No,Rent,0
50,425733,791419,705,20,2,11643,60,Yes,Own,0
61,404591,51178,630,22,0,16039,60,No,Rent,0
40,839700,867348,724,15,1,6735,36,No,Mortgage,0
23,849154,420221,673,1,0,10609,36,No,Rent,0
23,270780,128366,677,6,4,27858,24,No,Rent,0
25,233933,989505,539,8,2,16620,48,No,Rent,1
63,651297,69533,625,10,2,31689,36,No,Mortgage,0
24,153001,186440,600,5,0,6480,60,No,Own,0
65,462738,96819,673,15,2,13026,36,No,Own,0
43,945930,1485514,619,19,3,18406,60,No,Own,0
34,937158,604927,792,22,3,44357,84,No,Rent,0
31,218341,380606,663,0,1,14560,60,No,Mortgage,0
56,390056,649516,690,4,0,16531,48,No,Rent,0
52,543111,71811,793,4,1,23249,48,No,Rent,0
35,765851,177469,754,15,3,31825,60,No,Own,0
45,735056,622341,674,9,1,22098,36,No,Rent,0
28,991133,205544,605,5,3,49717,84,No,Rent,0
51,922287,407234,614,11,4,34143,48,No,Rent,0
51,930667,637399,594,28,5,47010,36,No,Own,0
44,417913,400686,693,24,1,0,36,No,Rent,0
59,384327,539853,764,12,1,7814,60,Yes,Rent,0
45,979236,786361,505,16,3,21883,36,No,Mortgage,0
37,317975,585618,656,6,4,28833,60,Yes,Rent,1
45,758391,442344,600,12,2,24143,36,No,Rent,0
63,319661,788017,605,7,4,34896,12,No,Rent,1
38,409525,1047772,682,8,4,25480,48,No,Rent,1
38,988713,656549,582,8,3,12986,24,Yes,Own,1
50,903708,616973,697,5,3,27655,12,No,Mortgage,1
42,820239,898281,681,14,0,19618,36,No,Rent,0
35,633751,237544,789,14,4,18166,48,No,Rent,0
61,622633,641937,579,3,1,21552,36,No,Own,0
52,684657,112096,699,11,5,34934,60,No,Own,0
38,1262241,531729,731,19,3,21909,48,Yes,Rent,0
52,868033,451086,708,20,3,22894,24,No,Rent,0
41,281928,327458,612,8,3,50534,48,No,Own,1
35,1470109,539358,714,18,0,9208,48,No,Rent,0
59,1025810,983955,577,28,4,43734,84,No,Rent,0
31,987713,1027534,850,8,3,13927,24,No,Rent,0
52,834077,448006,613,31,5,39669,36,No,Rent,1
36,675674,1007963,688,18,4,28186,36,Yes,Rent,0
34,1709430,828878,767,14,5,56333,12,No,Mortgage,0
49,1272751,50000,647,6,2,21021,84,No,Own,0
63,150000,439283,605,23,2,14622,60,No,Rent,1
41,174170,125318,675,21,3,16135,36,No,Rent,0
65,369187,576262,705,13,0,3012,36,No,Rent,0
46,492917,180786,532,29,4,20165,48,No,Mortgage,0
32,618284,309610,722,8,4,39432,60,No,Rent,0
62,828000,400005,612,17,0,4454,60,No,Mortgage,0
54,1114021,897263,671,3,4,23895,48,No,Rent,1
45,952574,437684,740,21,1,9978,24,No,Own,0
39,409916,354979,656,13,5,34119,24,No,Mortgage,0
55,484263,1480039,662,30,4,32255,24,No,Own,1
49,648075,438152,707,4,1,446,60,No,Rent,0
57,949470,704852,687,17,1,4254,24,Yes,Own,0
37,460467,834326,701,21,5,41546,24,No,Rent,1
56,567365,594177,744,21,1,22961,36,No,Rent,0
58,991106,641891,607,23,4,22860,24,No,Own,1
56,450791,1340082,760,19,5,29565,60,No,Mortgage,1
33,592638,858805,539,7,0,0,60,No,Rent,1
65,210406,472393,734,5,3,31198,36,No,Rent,1
22,636760,51601,756,4,2,11380,36,Yes,Mortgage,0
23,398151,991979,699,3,3,34653,60,Yes,Own,0
64,697351,50000,724,6,3,27207,36,No,Rent,0
27,1452045,715711,588,7,1,15969,60,No,Mortgage,0
40,617604,191349,679,20,1,13067,60,No,Mortgage,0
36,799946,667692,616,18,4,21421,60,No,Own,0
22,804669,478430,695,4,3,30973,36,No,Mortgage,0
27,1067946,50000,606,7,2,20840,60,No,Own,0
48,531207,381957,577,2,4,43597,60,No,Mortgage,1
37,852208,449853,517,7,2,27969,36,No,Rent,0
21,1071985,351958,676,4,2,8239,60,Yes,Rent,0
43,654086,553076,619,11,1,20637,36,No,Rent,0
45,478113,1124873,661,26,5,24704,48,No,Mortgage,1
29,250849,947312,573,10,3,26033,36,No,Rent,1
59,942491,1094994,788,8,3,22541,36,No,Own,0
50,837250,306844,750,17,5,32280,36,No,Mortgage,0
65,1223568,676169,663,14,4,43437,60,No,Rent,0
37,834860,717745,736,21,3,27640,12,Yes,Rent,0
27,459353,673056,632,4,3,42314,60,No,Own,1
22,504412,823584,620,7,1,3651,24,No,Own,1
57,468626,770772,850,26,1,32395,84,No,Rent,0
41,304632,1009551,776,1,0,19340,48,No,Mortgage,1
52,308435,586734,710,14,3,31364,36,No,Own,1
56,1297232,740765,669,24,5,37219,12,Yes,Rent,0
48,856522,553202,514,20,4,33937,48,No,Own,1
60,561418,211024,633,5,5,37040,84,No,Mortgage,0
64,889771,787523,635,16,4,31859,60,Yes,Mortgage,1
52,951364,440559,642,22,1,4028,48,No,Rent,0
50,150000,748403,712,6,2,8190,60,No,Mortgage,1
54,1135824,404505,765,5,3,37852,60,No,Own,0
52,1147627,204077,850,21,3,30139,48,No,Mortgage,0
25,579289,50076,653,5,3,49626,24,Yes,Mortgage,1
30,597579,102441,680,11,4,37750,48,No,Mortgage,0
37,1026780,523219,663,19,4,43940,36,No,Mortgage,0
56,1069903,911915,516,16,4,31038,36,No,Own,1
39,543002,1175615,561,13,1,0,60,No,Mortgage,0
45,564860,644426,850,21,2,16361,36,No,Rent,0
41,290300,381005,507,18,3,11498,48,No,Mortgage,1
40,562957,114133,524,17,3,24688,36,No,Rent,0
62,1280484,570966,540,17,1,21183,60,No,Rent,0
44,1070828,247970,717,25,1,14808,12,No,Rent,0
21,706890,405543,646,4,1,24283,12,No,Mortgage,0
44,288254,295654,592,9,2,48307,48,No,Own,1
43,773536,523814,730,20,5,20824,12,No,Own,0
22,631921,767159,628,4,3,47481,24,No,Own,1
60,150000,1138181,828,3,2,21234,48,No,Rent,1
57,1014915,938333,528,21,4,34984,84,No,Rent,0
40,900328,246650,500,17,5,25649,36,No,Mortgage,0
65,505616,186200,743,21,2,22000,36,Yes,Own,0
43,390391,350175,527,22,1,14701,48,No,Mortgage,0
44,410249,487122,588,11,3,19989,36,No,Mortgage,1
46,298648,899962,620,23,0,18852,36,No,Rent,1
58,1207379,779181,772,3,2,2637,60,No,Mortgage,0
37,400495,134265,688,21,3,34127,36,No,Rent,0
58,977847,556437,702,16,0,4523,60,Yes,Mortgage,0
40,661899,145804,850,9,0,22694,24,No,Own,0
22,843435,252657,685,3,3,30819,84,No,Mortgage,0
52,915211,850818,725,10,4,35155,48,No,Own,0
48,1112519,658283,622,6,2,36829,36,No,Mortgage,0
40,807908,836784,550,1,3,19641,36,No,Mortgage,1
21,520448,816568,840,1,0,17717,60,No,Own,0
30,249939,506576,724,9,3,38273,24,No,Rent,0
31,1086201,97783,709,11,4,15748,48,No,Rent,0
54,649025,635233,537,30,4,31000,24,No,Own,0
65,955488,402020,674,24,2,27728,36,No,Rent,0
42,757335,354693,642,10,1,16309,36,No,Mortgage,0
28,481675,50000,722,6,2,27430,48,No,Own,0
48,1025059,275729,495,26,1,7446,36,No,Mortgage,0
32,150000,694256,705,6,3,17270,60,No,Rent,1
44,1156482,464756,681,14,0,25517,24,No,Rent,0
59,730465,599161,725,0,4,19380,24,No,Rent,0
43,1191562,455029,724,17,0,16524,36,No,Rent,0
22,713391,698486,783,7,0,30428,84,No,Mortgage,0
32,1068709,133219,782,9,2,14719,60,No,Mortgage,0
54,589980,865938,662,29,3,16129,36,No,Own,0
28,717929,361354,720,14,0,15534,60,No,Own,0
37,534110,264808,759,5,3,18891,48,No,Rent,0
39,780770,1154135,723,20,2,33690,24,No,Rent,0
37,486147,494676,718,14,2,21996,24,No,Rent,0
49,760451,517628,509,9,5,36113,48,Yes,Rent,1
45,517391,984216,586,21,5,38944,60,No,Mortgage,1
54,1244426,555452,657,32,1,20205,60,Yes,Rent,0
49,1152690,440857,724,0,3,10649,12,No,Mortgage,0
46,703101,216949,789,28,1,13793,36,No,Mortgage,0
36,353989,428929,601,15,2,8215,36,No,Rent,0
39,174138,456199,798,21,3,11429,48,No,Mortgage,1
37,674634,50000,758,0,5,28609,60,No,Mortgage,0
51,846322,68342,623,24,5,56550,24,No,Mortgage,0
49,732229,251489,672,5,5,46681,24,No,Own,0
65,328301,733645,548,8,1,40601,24,No,Own,1
52,501293,524058,844,14,2,24778,36,No,Rent,0
31,1059380,569007,606,10,2,25378,48,Yes,Rent,1
46,572573,716771,659,26,0,10577,60,No,Rent,1
25,316964,687364,615,6,4,35056,60,No,Own,1
37,1129710,632761,802,14,0,3416,12,Yes,Own,0
40,316599,1020989,615,28,2,12533,36,Yes,Mortgage,1
51,394541,1071358,849,7,0,32329,60,Yes,Own,1
43,649050,252603,620,19,4,21670,36,No,Mortgage,0
60,756245,645848,690,27,3,43108,60,No,Mortgage,0
60,710017,561639,712,0,4,17601,24,No,Rent,0
27,575411,641955,690,8,3,22865,12,Yes,Mortgage,0
43,1042100,50000,714,10,0,17828,36,No,Mortgage,0
62,757630,216876,699,19,3,11141,36,No,Rent,0
21,488969,562722,657,4,3,30041,24,No,Mortgage,0
61,544773,976063,850,25,0,10607,60,Yes,Rent,0
44,1135269,792241,720,20,2,28144,24,No,Rent,1
65,317673,334309,712,7,5,35765,36,Yes,Own,1
51,1221571,697427,850,13,4,27160,36,No,Own,0
35,908604,459003,791,7,1,26002,24,No,Mortgage,0
38,1088253,332497,719,3,5,25995,48,No,Rent,0
22,150000,155604,722,1,4,32016,60,No,Own,0
25,495172,956322,662,1,0,17623,12,No,Own,1
50,341209,846548,682,15,4,39796,60,Yes,Own,1
34,1021690,796688,716,13,3,13999,36,Yes,Mortgage,0
45,1190840,742455,549,18,3,35884,48,No,Own,0
34,561664,607667,674,6,2,13006,24,No,Rent,0
44,333245,476948,614,16,4,21368,36,No,Mortgage,1
35,1414232,136332,799,15,4,38462,36,No,Mortgage,0
43,1610578,50000,843,3,3,20897,12,Yes,Rent,0
45,906002,486150,844,4,3,29551,60,No,Rent,0
58,150000,90980,489,17,4,5825,48,No,Mortgage,1
44,721292,1008514,574,14,1,20109,48,No,Mortgage,0
21,536540,205548,827,8,5,38539,36,No,Own,0
26,1354802,721481,767,8,0,13764,60,No,Mortgage,0
21,618892,1039463,745,8,0,7157,36,No,Own,0
60,374970,614516,669,1,0,15373,48,No,Rent,0
64,152908,64118,670,17,1,15686,24,No,Mortgage,0
26,154701,158190,677,1,5,30546,24,No,Rent,0
44,791348,586406,543,13,3,18342,60,No,Rent,0
37,150000,72305,640,19,5,28104,60,No,Rent,1
62,205463,392007,644,0,2,36219,24,No,Rent,1
52,405520,543429,771,6,1,25104,36,No,Rent,0
32,739783,191791,801,14,3,30821,60,No,Own,0
63,508803,51372,689,0,4,39830,48,No,Own,0
51,568730,609749,647,20,0,15831,36,No,Own,1
48,175430,101218,794,21,1,10376,24,No,Own,0
51,543137,774616,850,20,2,9573,60,No,Own,0
37,714870,679957,850,18,2,13326,60,No,Rent,0
37,887098,583375,673,18,0,8244,12,No,Mortgage,0
38,750735,585709,713,14,0,21469,60,Yes,Rent,0
55,465205,886639,694,19,2,24079,48,No,Own,0
65,497107,1094541,686,1,5,38906,84,Yes,Rent,1
50,445943,362952,754,14,2,25788,24,No,Own,0
40,150000,603411,801,16,1,23313,12,No,Rent,1
63,944788,1372012,729,8,5,43590,60,No,Rent,0
43,207387,123116,407,4,0,11568,36,No,Own,1
30,1563308,367332,715,9,3,46841,48,No,Rent,0
58,695506,240852,735,4,5,50531,84,No,Own,0
27,528869,51088,535,4,4,49284,24,No,Rent,1
52,942895,445015,582,30,1,19784,36,No,Mortgage,0
35,153798,223903,553,0,3,26096,60,No,Rent,1
29,839135,925049,593,13,3,25769,36,No,Own,0
63,964163,662071,740,4,1,3341,48,Yes,Rent,0
43,1208350,613574,631,7,5,40695,36,No,Rent,0
41,686585,681748,850,15,2,12519,60,No,Rent,0
36,889432,228611,769,16,0,15708,36,Yes,Rent,1
44,603365,1067418,729,22,4,30126,36,No,Rent,0
29,1184230,696542,517,9,0,21715,48,No,Own,0
23,921121,909357,710,2,3,23156,48,No,Rent,0
65,273230,405702,733,6,4,35513,60,No,Rent,1
29,571325,622146,710,9,2,37572,84,No,Rent,0
40,552632,123629,666,24,5,30968,24,No,Mortgage,0
50,178523,380037,850,20,3,22398,36,No,Own,0
33,632980,81922,528,12,4,35689,12,No,Mortgage,0
38,992248,729176,846,9,4,34922,36,No,Mortgage,0
37,1170001,308197,768,5,4,28803,48,No,Rent,0
35,860819,645083,735,13,5,19761,60,No,Mortgage,0
62,493385,243316,769,21,1,24061,36,Yes,Own,0
65,735136,275748,714,13,3,31735,24,No,Rent,0
27,1299222,123159,544,11,3,25313,60,No,Mortgage,0
35,229477,420227,681,14,3,12620,60,No,Rent,1
51,960988,50000,827,20,5,40961,48,No,Mortgage,0
64,564391,166012,635,4,3,41979,84,No,Mortgage,1
57,751981,806663,569,31,2,21255,36,No,Rent,0
23,1218611,653161,762,6,5,42962,36,No,Rent,0
23,292895,50000,567,8,3,41204,12,No,Rent,0
39,621784,106915,516,21,5,25365,36,No,Rent,1
60,162046,50000,472,20,3,4254,48,No,Mortgage,1
28,1048923,98049,625,12,2,6633,48,Yes,Mortgage,0
64,513439,816497,685,0,5,46157,24,No,Own,1
21,607538,400577,817,5,1,16401,60,Yes,Own,0
60,418402,563719,776,21,1,7419,36,No,Rent,0
50,383083,512969,838,25,5,70000,60,No,Mortgage,0
21,904741,861601,682,4,0,12370,24,Yes,Own,0
64,1027397,713132,827,24,5,37193,36,No,Rent,0
34,1333359,50000,829,16,5,38671,36,No,Mortgage,0
51,1415650,98732,737,1,2,20540,60,No,Rent,0
33,801380,548243,745,15,5,39314,36,No,Mortgage,0
65,765124,271425,726,14,5,28898,24,No,Rent,0
32,800305,1282969,681,13,2,20127,48,No,Rent,1
62,1245303,581723,519,13,2,19715,60,No,Rent,0
26,1024049,137094,785,13,1,19438,60,No,Mortgage,0
47,800678,789089,588,28,4,29757,60,Yes,Own,1
55,573462,356596,617,12,2,31135,60,No,Rent,0
51,677752,116506,725,12,5,40789,60,No,Own,0
55,1325452,948415,607,28,0,7419,36,No,Rent,0
53,899077,659273,628,16,1,3255,60,No,Rent,1
32,479438,532292,553,10,5,62875,60,No,Own,1
39,418525,67437,723,4,3,21724,36,No,Rent,0
42,402940,331673,508,25,3,10819,24,No,Rent,0
55,740126,475140,790,17,2,29574,36,Yes,Mortgage,0
52,634377,498518,698,31,4,40868,24,No,Own,0
35,849577,50000,850,3,2,17915,60,No,Own,0
63,1103759,688974,523,13,4,43481,36,No,Mortgage,1
32,1063106,920199,749,9,0,19728,60,No,Mortgage,0
64,357211,554536,624,2,5,36244,12,No,Mortgage,0
35,1047833,416276,583,6,1,26678,60,No,Rent,0
65,1001423,739418,633,19,4,21420,36,No,Mortgage,0
40,197692,105184,651,17,4,29222,60,No,Rent,1
47,523814,564549,554,20,5,28959,84,No,Mortgage,1
45,420358,437409,699,27,0,1331,36,No,Rent,0
27,360501,615851,698,1,2,13519,36,No,Own,0
42,473896,1542501,614,5,4,37401,60,No,Rent,1
25,331131,602896,827,6,1,34154,84,No,Rent,0
65,422050,1116634,717,5,5,36795,84,Yes,Rent,1
45,224464,355621,745,22,3,18116,36,No,Mortgage,0
41,877186,769517,719,19,2,26570,12,Yes,Rent,0
35,150000,724013,733,13,3,26243,60,No,Rent,1
53,906722,479190,535,15,2,15422,12,No,Rent,1
63,1043635,728673,836,18,4,40410,36,No,Rent,0
28,870812,459105,743,9,2,40769,36,No,Mortgage,0
52,1095796,667725,660,29,2,17038,36,No,Mortgage,0
60,531019,629109,715,28,0,19625,60,No,Rent,1
21,575013,61354,736,5,0,26570,84,No,Own,0
51,582275,1072605,661,5,4,29357,48,No,Rent,1
40,173081,53610,781,19,1,10926,24,Yes,Mortgage,0
44,150000,674804,736,27,5,40025,12,No,Rent,1
55,886400,635923,693,15,0,615,24,Yes,Own,0
27,817606,675615,706,15,5,36868,60,No,Own,0
53,578752,669935,663,10,4,28380,36,No,Mortgage,1
36,534658,752321,787,5,2,11640,60,Yes,Rent,0
21,724238,116914,757,2,1,7018,36,Yes,Mortgage,0
36,461083,253746,693,20,0,10430,60,No,Rent,0
63,1206697,590220,581,15,2,22186,60,No,Rent,0
65,949971,970707,783,19,2,19464,36,No,Own,0
29,602219,475282,641,12,1,10675,60,No,Mortgage,0
52,150000,568138,672,21,5,23515,60,No,Rent,1
23,299943,431125,681,8,4,26499,36,No,Rent,1
46,609173,915351,646,22,5,61492,24,No,Rent,0
40,708742,50000,621,20,0,1902,84,Yes,Own,0
36,193660,422378,574,13,2,11344,36,No,Rent,0
37,290017,204248,713,3,2,8813,60,Yes,Own,0
27,833015,681818,638,9,0,5980,36,No,Own,0
53,444327,1285613,580,9,5,21235,60,Yes,Rent,1
36,727244,749541,651,17,4,36032,36,No,Rent,1
44,520414,92412,623,8,3,25867,36,No,Mortgage,0
65,150000,52544,667,8,3,31609,36,No,Mortgage,0
47,797762,533850,671,9,2,20590,36,No,Rent,0
54,875015,669245,527,25,3,27639,36,No,Own,0
28,1037248,58613,796,12,5,18728,48,No,Own,0
59,911969,662661,685,2,2,16097,36,No,Mortgage,0
35,1013463,371181,677,10,1,17545,36,No,Own,0
63,540614,1035777,818,24,0,8242,60,Yes,Rent,0
28,248337,1036923,566,13,2,11983,60,Yes,Own,1
51,424942,404960,594,0,5,41482,60,No,Mortgage,1
39,502360,193328,728,14,2,5312,36,No,Rent,0
64,776123,68471,613,17,4,30587,36,No,Rent,0
52,803557,273180,650,17,4,14413,60,No,Mortgage,0
40,586701,1045634,654,15,2,41615,36,No,Mortgage,0
33,150000,255667,776,17,5,38849,36,No,Rent,1
61,925368,897401,649,26,2,44914,84,No,Rent,0
22,1051708,792081,508,5,1,29402,24,No,Rent,0
29,1105222,670421,484,7,0,20282,48,No,Own,0
21,437421,366072,670,1,1,22022,36,No,Rent,0
51,1371018,486160,619,11,4,22988,60,No,Rent,0
40,382190,50000,734,6,3,25775,36,No,Rent,0
62,745240,1402581,706,2,4,30860,60,No,Mortgage,1
53,717881,50000,752,20,3,28462,36,Yes,Own,0
29,965091,937076,697,2,0,7549,36,No,Mortgage,0
46,1406681,292724,618,7,3,15466,60,No,Rent,0
51,432100,633436,528,5,0,0,24,No,Rent,1
30,748497,663564,850,15,0,21603,60,No,Rent,0
42,309134,252721,490,24,2,13411,24,No,Rent,0
63,1146986,121895,636,19,4,43623,36,No,Mortgage,0
29,413529,343232,648,11,3,33782,84,No,Mortgage,1
50,205507,339321,622,26,0,14995,60,Yes,Rent,0
39,419623,746445,737,23,5,45015,24,No,Rent,0
24,597036,742327,625,5,4,46729,24,No,Own,0
46,1033777,515726,690,2,1,17557,36,No,Own,0
61,887683,1056273,733,0,3,37557,36,Yes,Own,0
49,1416616,607468,822,1,4,34098,60,No,Own,0
28,875795,631996,584,2,0,0,60,No,Rent,1
51,627446,529200,833,14,1,18894,60,No,Rent,0
29,891535,523553,695,7,4,43703,36,No,Mortgage,0
46,653940,576336,595,21,5,40975,36,Yes,Rent,1
43,264977,284711,607,9,3,43022,48,No,Own,1
43,939292,296341,846,16,3,27525,36,Yes,Own,0
47,150000,250816,630,20,5,9997,60,No,Rent,0
38,690040,50000,625,17,0,9518,84,Yes,Own,0
53,150000,673228,647,20,5,29270,60,No,Rent,1
64,807507,1331793,485,18,3,24576,36,Yes,Rent,1
59,353097,217537,642,18,2,47667,12,No,Rent,0
22,1232436,880976,799,5,4,24132,60,No,Rent,0
46,738263,650280,639,1,0,10198,60,No,Mortgage,0
45,391230,1249452,684,24,5,31618,48,No,Mortgage,1
56,962601,584106,669,5,2,20628,60,No,Rent,0
34,244635,1231520,750,16,5,19792,48,No,Own,1
35,376013,833937,638,19,5,46575,36,No,Mortgage,0
21,669998,50000,735,2,1,30439,84,No,Own,0
64,637415,758712,724,24,2,24091,36,Yes,Own,0
61,772706,355115,715,19,5,43561,36,No,Mortgage,0
54,318825,1053695,628,4,0,19241,24,No,Own,1
21,1378851,196730,769,7,5,42973,84,No,Rent,0
25,700569,224548,742,4,4,44620,60,Yes,Rent,0
62,1174840,50000,749,27,5,51584,60,No,Rent,0
43,489706,125269,646,9,4,31693,48,No,Rent,1
63,665919,50000,768,6,4,33537,36,No,Rent,0
47,1024959,628065,796,11,5,30014,36,Yes,Mortgage,0
22,730199,502075,704,6,2,27180,36,No,Mortgage,0
46,809283,455110,662,15,0,18623,60,No,Mortgage,0
44,967030,50000,627,17,3,20333,24,No,Own,0
29,768563,570153,686,11,1,13510,24,No,Mortgage,0
53,216229,192384,810,10,1,32778,60,No,Rent,0
49,1073637,92044,656,10,4,31462,84,No,Own,0
26,1230023,715233,800,5,4,43381,36,No,Rent,0
37,1275191,522973,739,19,4,25203,48,Yes,Rent,0
47,601543,529546,581,22,4,43157,36,Yes,Rent,0
29,918804,642361,691,16,1,22104,60,No,Own,0
63,824004,848012,845,13,4,6211,60,Yes,Rent,0
32,155310,61325,673,7,1,24492,48,No,Mortgage,0
45,1268699,633010,659,20,5,29993,48,No,Mortgage,0
61,919264,977767,769,31,3,12425,24,No,Rent,0
45,747682,425044,656,15,0,20991,60,No,Mortgage,0
34,261398,639011,609,7,2,22840,24,No,Rent,1
35,263339,581566,599,18,1,7407,48,No,Mortgage,1
43,751843,378341,653,12,0,10100,36,No,Mortgage,0
64,1034097,675861,827,21,5,41519,36,No,Rent,0
58,677187,557398,690,17,0,3941,60,No,Rent,0
26,812973,50000,695,3,3,11368,48,No,Rent,1
30,733079,1185796,505,10,1,2509,12,No,Mortgage,1
55,500279,830210,675,21,4,44977,36,No,Rent,1
57,274160,1013633,545,1,0,9757,24,Yes,Own,1
34,551772,406198,767,7,4,35386,36,No,Rent,0
64,1218449,993807,611,0,5,28280,60,No,Own,0
49,734462,306134,751,16,2,23931,60,No,Mortgage,0
37,284560,534230,617,19,5,29585,60,No,Rent,0
55,772623,326316,736,9,3,29516,36,No,Rent,1
31,475742,702012,611,10,5,35450,36,No,Rent,1
36,347875,759824,659,16,3,43270,36,No,Mortgage,1
33,389622,1012433,563,3,4,27569,36,No,Rent,1
45,692426,397425,649,5,0,13803,36,No,Mortgage,0
42,845260,83445,616,19,0,14362,12,No,Own,0
27,610489,326751,531,9,2,10998,24,No,Rent,1
25,664593,695659,614,10,2,18416,12,No,Mortgage,0
47,1060215,465166,561,16,5,57315,36,No,Rent,0
24,343445,1063486,749,5,4,37700,60,Yes,Own,1
43,275735,275678,657,17,1,0,84,No,Mortgage,1
29,1190876,1237935,738,5,1,26843,84,No,Rent,0
47,532650,702512,728,22,3,11815,60,No,Rent,0
63,909094,580454,781,5,4,30167,36,No,Own,0
58,638159,530134,555,17,0,17459,84,No,Mortgage,1
56,276071,933639,574,9,0,24730,36,Yes,Own,1
34,150000,616614,583,5,0,13163,60,Yes,Rent,1
27,397766,710707,598,7,3,35800,60,No,Own,1
64,169362,50000,692,21,2,18315,24,No,Mortgage,0
52,888406,58921,812,14,5,45023,48,No,Mortgage,0
52,150000,562484,626,15,3,18910,36,No,Own,1
30,808367,50000,666,2,5,26319,24,No,Own,0
42,196693,821901,687,22,5,50297,48,No,Rent,1
46,887095,193625,797,3,1,9597,60,No,Rent,0
38,1411374,506726,802,14,1,21853,24,No,Rent,0
46,568834,87364,769,22,3,8078,24,No,Rent,0
51,301123,761404,698,9,3,40545,60,No,Mortgage,1
65,1121958,448287,767,18,3,19725,36,No,Mortgage,0
51,839531,655762,515,20,3,23922,48,No,Own,1
39,438732,471296,683,0,3,37276,48,No,Mortgage,0
44,166136,249079,654,24,0,9700,60,No,Rent,0
40,925293,427718,677,10,2,30702,48,No,Mortgage,0
28,1210667,1128768,579,6,2,11008,60,No,Rent,0
36,449831,873807,718,7,3,21812,48,No,Rent,1
37,696854,296498,704,12,3,36790,36,No,Mortgage,0
63,695304,966147,595,7,5,37416,60,No,Own,1
48,584348,925873,642,22,5,60697,24,No,Rent,1
37,241356,659041,777,15,4,27247,12,No,Own,1
46,605844,711474,842,24,3,14045,36,No,Rent,0
28,1017067,298881,759,9,4,30875,12,No,Own,0
21,701129,91155,780,5,0,5486,36,Yes,Mortgage,0
40,591015,146800,683,21,0,25832,84,No,Mortgage,0
46,642434,1225975,486,2,5,48644,24,No,Rent,0
25,155093,90486,721,2,4,31641,60,No,Own,1
28,265905,1006868,673,5,1,27043,60,No,Mortgage,1
49,829200,826991,675,31,1,15622,60,No,Rent,0
55,360739,211520,653,13,4,50190,60,No,Mortgage,0
65,227283,534119,552,20,5,37933,48,No,Mortgage,1
36,560723,406696,805,10,1,29072,60,No,Own,0
55,577647,817228,728,11,2,21256,60,No,Own,0
54,1087087,603422,685,31,0,19094,60,Yes,Rent,0
37,735550,634445,599,6,4,35558,36,No,Rent,0
55,594364,390512,682,4,0,12249,60,No,Rent,0
49,591993,328964,560,17,5,44834,36,No,Mortgage,0
57,383980,540488,751,9,1,9118,60,Yes,Rent,0
60,1408787,617622,850,15,4,34739,60,No,Mortgage,0
22,851991,267880,708,6,0,11219,60,No,Rent,0
43,1053759,50000,706,0,3,23516,36,No,Own,0
60,876943,926592,577,2,0,9662,12,No,Mortgage,1
42,814876,50000,768,16,1,27881,12,No,Mortgage,0
49,658712,432539,585,30,5,25688,36,No,Own,0
53,332828,506510,850,29,5,66921,60,No,Mortgage,0
50,150000,640361,598,12,5,21914,36,No,Own,1
51,1079052,50000,649,27,2,14033,12,Yes,Rent,0
42,1257802,909366,673,21,5,34477,60,No,Own,0
24,1144921,68455,629,7,2,5693,36,No,Own,0
33,728562,79720,691,15,5,50190,24,No,Mortgage,0
26,158194,687221,604,12,2,26088,60,No,Rent,1
54,572942,607732,782,30,5,30402,36,Yes,Mortgage,0
52,598851,1284423,561,10,5,20337,60,Yes,Rent,1
44,620809,60027,520,10,1,0,60,No,Own,0
36,862183,958532,644,14,4,35507,84,No,Mortgage,0
46,518859,964002,579,29,1,17249,12,No,Mortgage,1
60,832645,784885,617,14,2,32908,60,Yes,Mortgage,1
21,672752,486175,764,4,4,31917,60,No,Rent,0
53,826846,515107,744,18,2,23730,36,Yes,Mortgage,0
43,1340621,775677,724,21,1,20961,60,No,Mortgage,0
31,1097210,825462,768,11,3,43858,24,Yes,Mortgage,0
21,990970,566814,634,0,0,14019,60,No,Mortgage,0
63,614904,340875,463,10,3,27451,24,No,Own,0
36,820124,626356,699,17,2,16083,60,Yes,Rent,0
31,1571700,876920,607,15,4,29842,84,Yes,Rent,0
26,357846,823513,748,0,3,24349,84,No,Rent,1
31,232264,486028,734,15,4,31158,24,No,Rent,1
55,577597,762847,850,13,3,50875,36,No,Own,0
64,1135038,69480,629,25,5,42421,36,No,Mortgage,0
45,662504,383397,680,6,0,13083,36,No,Mortgage,0
65,917904,460971,648,24,2,29151,36,No,Rent,0
49,165654,177297,789,23,3,8581,24,No,Own,0
54,966050,489652,515,13,1,13395,12,No,Rent,0
40,315851,831220,549,19,3,4924,60,No,Own,1
33,227880,94273,792,18,5,29082,48,Yes,Mortgage,0
52,992616,389779,677,20,4,55022,60,No,Mortgage,1
31,1033491,827374,548,16,4,38134,60,No,Mortgage,0
52,1180919,125775,818,20,3,28271,48,No,Mortgage,0
35,990323,793621,752,11,4,37984,24,Yes,Mortgage,1
25,525856,248168,829,4,4,35415,36,No,Own,0
28,1084781,140734,581,9,2,7402,48,Yes,Mortgage,0
26,458759,858987,793,0,4,23142,84,No,Rent,1
48,631149,984874,666,16,1,13038,48,No,Own,0
65,1114413,87210,636,25,5,43668,36,No,Mortgage,0
28,847753,523545,703,9,1,11617,24,No,Mortgage,0
21,846535,93226,649,4,5,16701,48,No,Rent,0
37,430366,744253,584,21,1,0,60,Yes,Mortgage,1
24,652917,752812,627,3,3,46948,24,No,Own,0
65,720402,1091986,620,23,0,45067,36,No,Own,0
44,894334,814748,850,7,3,30167,84,No,Rent,0
51,992881,421532,668,19,0,9877,48,No,Rent,0
42,928320,267665,571,21,0,4305,24,No,Own,0
59,587042,504779,528,18,0,19454,84,No,Mortgage,1
27,973516,316981,841,5,5,39216,36,No,Own,0
30,852005,886261,585,12,4,31346,36,No,Own,0
30,575932,321589,727,6,3,42496,60,No,Rent,0
64,778476,703878,609,18,2,32556,60,Yes,Mortgage,1
64,1038570,728591,649,19,3,20464,36,No,Mortgage,0
47,720791,530271,573,7,1,9066,24,No,Own,0
55,486812,505415,600,29,1,8919,48,No,Own,1
35,477544,306068,734,5,3,22714,48,No,Rent,0
52,875515,85663,640,21,5,54867,24,No,Mortgage,0
56,619140,142944,850,6,3,31416,24,Yes,Own,0
38,183872,50000,656,16,5,29229,60,No,Rent,1
52,1187380,597953,677,28,1,20172,60,Yes,Rent,0
24,613174,734558,745,5,4,37574,60,No,Mortgage,0
54,496840,486258,660,23,0,11115,60,No,Rent,0
29,315417,862868,441,11,1,30993,60,No,Own,1
52,150000,674716,587,14,4,18037,36,No,Own,1
43,653306,50000,602,13,3,24455,60,Yes,Mortgage,1
31,541643,137037,709,0,4,34691,60,No,Mortgage,0
49,203241,430311,728,22,5,12013,36,No,Mortgage,1
43,181452,88360,769,19,1,10665,24,Yes,Mortgage,0
43,1233744,565614,622,9,5,37984,36,No,Rent,0
33,232570,782895,525,12,1,32541,60,No,Mortgage,1
44,958802,1541910,586,16,0,17877,60,No,Own,0
54,323070,407829,649,10,0,29086,84,No,Rent,0
65,150000,541373,577,24,5,43777,48,No,Mortgage,1
49,868799,528076,518,22,5,25000,48,No,Own,0
61,1337807,971887,536,24,3,30950,60,No,Own,0
59,730461,81232,474,17,4,48407,60,No,Own,1
58,1181987,894874,570,10,3,38610,36,No,Mortgage,1
48,986561,472578,578,23,2,22820,48,No,Rent,0
52,413539,529868,669,24,0,12143,60,No,Rent,0
47,732857,697867,489,21,3,32342,36,No,Rent,0
29,258360,511418,617,12,4,42488,12,No,Mortgage,1
52,675918,339256,770,14,4,39534,60,No,Own,0
55,817847,242337,773,3,2,24714,60,No,Own,0
46,1607814,876847,636,26,3,30482,36,No,Mortgage,0
56,287660,397140,774,8,0,22711,36,No,Own,0
37,527932,1060560,814,15,5,27396,36,No,Rent,0
37,652646,1008765,647,18,4,32694,36,Yes,Rent,1
54,1150258,795620,797,5,1,4292,60,No,Mortgage,0
39,368360,91906,631,15,4,17130,36,No,Rent,0
43,850445,918214,809,16,0,13044,84,No,Own,0
24,842948,674891,642,7,3,13541,60,No,Rent,0
50,601502,469157,678,6,1,3326,60,No,Rent,0
34,1395521,74090,830,14,4,35902,36,No,Mortgage,0
38,934387,361333,659,17,4,16734,36,Yes,Rent,0
64,438685,558053,683,15,0,9410,36,No,Rent,0
43,282958,254971,796,22,2,28052,60,Yes,Rent,0
51,468218,466025,813,24,2,15372,36,No,Own,0
65,675872,251474,686,22,4,39826,48,Yes,Rent,0
44,1331547,443429,560,19,4,34574,24,No,Mortgage,0
61,674775,472896,608,29,4,33945,36,No,Own,0
36,181377,258677,577,3,4,24553,60,No,Rent,1
53,200034,712651,843,22,4,20769,60,No,Rent,1
45,653025,347582,610,5,3,30206,36,No,Mortgage,1
47,668051,312691,618,28,2,11274,24,No,Rent,0
21,1308471,714290,639,0,5,28026,60,No,Own,0
31,755660,574354,628,5,1,14244,60,No,Mortgage,0
29,1199012,666635,644,9,5,33099,48,No,Rent,1
28,568105,94615,754,7,0,11278,60,No,Rent,0
54,520803,871024,849,26,1,12117,60,No,Rent,0
61,928165,478265,815,9,4,28531,36,No,Own,0
60,1169666,711550,517,3,1,16264,36,No,Rent,0
38,295504,67650,718,0,3,35067,36,No,Mortgage,0
51,767492,445882,585,20,1,21190,60,No,Mortgage,0
21,758332,714902,808,3,1,6474,36,No,Rent,0
27,400651,900942,484,15,2,23153,60,No,Own,1
40,196325,75646,645,22,2,27798,48,No,Rent,1
56,657230,391489,748,5,1,22250,48,No,Rent,0
54,255971,389915,850,16,2,21458,36,No,Own,0
59,1394780,827718,628,27,5,38944,12,Yes,Rent,1
65,616265,388735,724,7,2,25140,48,No,Rent,0
31,1149482,829225,669,11,3,41126,24,No,Rent,0
27,304081,824508,581,10,4,49366,60,Yes,Mortgage,1
26,160092,691552,640,0,4,27253,60,No,Mortgage,1
36,941618,547773,803,7,1,27110,24,No,Mortgage,0
47,432551,220642,620,8,0,17717,60,No,Rent,0
31,888014,748195,755,4,1,7468,60,No,Mortgage,0
40,715537,684597,850,13,1,18500,60,No,Rent,0
28,1412581,702901,771,8,0,13444,60,No,Mortgage,0
61,247199,329525,673,11,5,36313,36,Yes,Own,1
45,325227,186974,800,28,2,17674,60,No,Mortgage,0
30,1167426,222187,631,2,5,36964,36,Yes,Own,0
46,1257931,1368649,657,26,1,38084,60,Yes,Own,1
30,1172387,704941,683,11,4,33393,48,No,Rent,1
53,517720,424162,566,19,2,13514,24,No,Rent,1
39,566186,404046,808,14,5,49373,12,No,Mortgage,1
60,1163549,413930,612,7,4,30638,36,No,Rent,0
58,600304,799756,850,14,5,45874,36,No,Own,0
55,821411,54330,658,16,1,6245,60,No,Rent,0
38,1211013,63060,684,9,5,14635,24,No,Rent,0
54,1230366,67470,727,28,5,33934,48,No,Rent,0
42,662291,940974,640,23,5,58583,24,No,Rent,0
55,329768,557896,850,30,5,70000,60,No,Mortgage,0
26,605745,660474,606,9,2,16393,12,No,Mortgage,0
40,1410384,840659,715,25,1,21178,60,No,Mortgage,0
51,962693,116265,608,0,1,33219,84,Yes,Own,1
29,203236,1571938,622,12,1,16563,36,Yes,Rent,1
34,519780,422969,746,19,3,42728,60,No,Mortgage,0
52,380640,260325,673,16,4,48510,60,No,Mortgage,0
49,483198,394479,614,8,3,14182,36,Yes,Rent,1
57,297855,899241,782,16,5,33371,48,No,Rent,1
29,1160974,221493,820,8,2,35724,60,No,Rent,0
34,960502,50000,580,15,2,25924,60,No,Mortgage,0
40,677676,158733,659,9,2,16519,84,No,Rent,0
51,602070,360900,767,8,1,36268,12,No,Mortgage,0
35,974886,751954,846,10,5,34233,36,No,Mortgage,0
65,844092,1062961,669,15,3,26424,24,No,Rent,1
33,1184447,656411,664,10,5,37252,48,No,Rent,0
40,629434,360356,625,19,2,20854,12,No,Own,1
54,680087,82332,581,27,4,13366,36,No,Rent,0
61,866778,1076453,698,0,4,36426,36,Yes,Own,0
25,290585,1285925,669,9,4,33716,60,No,Rent,1
42,499071,539504,573,5,3,29320,48,No,Rent,1
22,1024754,329631,657,7,3,26777,84,No,Own,0
53,893634,410819,592,30,2,21984,36,No,Mortgage,0
22,426831,772526,850,4,1,10181,60,No,Own,0
35,512464,781800,760,7,0,15510,60,Yes,Rent,0
26,820813,825025,584,12,4,29518,36,No,Own,1
31,910009,81018,668,16,1,16385,48,No,Rent,0
56,783729,831236,706,24,2,22898,36,No,Rent,0
46,1105467,892042,847,22,0,3622,12,Yes,Own,0
33,351535,772900,648,12,0,12765,24,No,Rent,1
39,963567,727501,777,12,5,37535,36,No,Mortgage,0
34,976003,654562,718,15,1,17170,48,No,Own,0
31,176053,634933,721,11,3,16392,60,No,Rent,1
50,155696,332044,630,11,4,36769,60,No,Own,1
48,1079713,629324,793,11,5,33946,36,Yes,Mortgage,0
64,461647,105346,624,17,3,25501,48,No,Rent,0
26,240242,591520,724,13,4,34663,24,No,Rent,1
34,150000,701127,610,13,1,16548,24,No,Rent,1
29,450298,537848,695,13,1,9289,60,No,Rent,0
40,456152,337963,714,18,0,10317,60,No,Rent,0
31,536121,343483,770,8,3,19867,48,No,Rent,0
39,897677,698469,594,18,2,16896,36,Yes,Rent,0
61,584139,931628,850,24,0,4772,60,Yes,Rent,0
54,443080,441022,796,13,3,28412,60,Yes,Mortgage,0
30,1504399,640293,570,14,0,0,36,No,Rent,0
27,797239,50000,635,1,2,20065,60,No,Mortgage,0
51,1112668,732581,630,27,1,13199,36,No,Mortgage,0
32,818636,50000,571,13,0,8777,36,No,Rent,0
31,1055588,914524,689,14,4,16441,36,Yes,Mortgage,0
65,432654,1055750,676,3,4,38973,84,Yes,Rent,1
47,455940,910021,777,17,4,38842,60,No,Rent,1
31,823832,632168,560,3,1,0,60,No,Rent,0
36,658287,960051,790,15,0,9500,60,No,Rent,0
33,428061,770308,781,13,0,16058,36,No,Own,0
25,1588856,287965,782,9,1,10903,36,No,Rent,0
34,1200570,500706,678,17,0,12467,84,No,Mortgage,0
53,389636,727364,770,16,3,28843,36,No,Rent,1
26,1359217,50000,599,7,2,29485,60,No,Mortgage,0
32,382462,830696,631,12,4,23432,60,No,Rent,1
30,539437,604446,624,12,5,26146,24,No,Own,0
42,763110,741176,740,8,3,38143,84,No,Mortgage,0
44,685565,88391,603,18,2,20987,12,No,Rent,0
30,703632,1217689,763,14,2,27145,24,No,Rent,0
33,692003,1124999,804,12,3,25473,24,No,Rent,0
64,558166,345680,699,21,2,7141,36,No,Mortgage,0
42,521775,1215219,573,17,0,0,60,No,Mortgage,0
42,240479,1099287,616,26,3,14301,36,Yes,Mortgage,1
58,504811,510140,650,24,0,14690,60,No,Rent,0
38,274741,810953,621,20,0,24949,36,No,Mortgage,1
62,1217160,853440,583,9,2,32725,60,No,Rent,0
47,893338,1329333,602,16,1,8741,36,Yes,Rent,0
30,150000,688961,724,2,5,11561,60,No,Rent,1
59,967322,1148446,775,12,4,17873,36,No,Own,0
45,601420,1086483,547,28,5,28854,36,No,Own,1
46,444204,51665,648,12,4,40111,60,No,Mortgage,1
38,228223,714168,804,8,5,36349,60,No,Mortgage,1
62,903826,959053,754,21,0,16057,36,No,Own,0
50,955278,819198,530,27,0,27876,12,No,Rent,0
57,797525,169892,792,0,4,25751,60,No,Own,0
40,516719,662036,619,28,3,28734,36,No,Mortgage,1
59,873343,465940,734,25,4,23077,12,No,Rent,0
39,764164,635443,659,6,5,45542,84,No,Rent,0
64,1192818,645246,796,28,5,32214,48,No,Mortgage,0
53,277101,584789,623,26,1,8017,60,No,Mortgage,0
30,800360,526992,684,14,0,9501,60,No,Own,0
39,1110081,616176,757,23,3,16405,24,No,Rent,0
60,444304,1033808,630,3,0,19988,24,No,Own,1
26,1074640,1049914,744,5,3,27093,36,No,Mortgage,0
45,775591,471201,473,12,4,39242,48,Yes,Rent,1
43,1355279,351589,711,12,0,15082,36,No,Rent,0
45,1141998,750277,565,17,4,35045,48,No,Own,1
63,985272,1068284,691,23,4,43096,48,No,Mortgage,0
29,910861,530459,543,12,4,42784,36,No,Rent,0
35,1035336,733758,814,10,5,38777,36,No,Mortgage,0
22,870878,530666,736,2,1,31822,48,No,Mortgage,0
35,1130835,376331,564,10,1,26330,60,No,Rent,0
51,1017936,420616,465,17,1,38253,36,No,Rent,0
49,1204049,506060,554,0,0,16347,48,No,Rent,0
41,311128,291437,600,11,2,45017,48,No,Own,1
41,902451,384253,565,18,3,18254,36,No,Rent,1
41,1172860,648771,618,11,5,35844,36,No,Rent,0
21,856522,662054,746,3,2,26058,12,No,Mortgage,0
59,456336,123257,759,8,0,12745,36,No,Rent,0
64,671341,50000,615,18,4,10454,36,No,Own,1
32,652931,929532,764,13,0,10106,60,No,Rent,0
42,774626,510091,789,18,0,24501,60,No,Own,0
56,1164591,421481,806,7,4,42547,60,No,Own,0
34,1235246,92310,604,14,3,40381,12,No,Own,0
60,403201,786874,850,28,1,31995,84,No,Rent,0
59,713272,863941,670,2,0,11580,60,No,Own,0
30,709199,712999,582,10,2,15229,12,No,Mortgage,0
38,751688,756798,754,21,2,24539,12,Yes,Rent,1
54,644993,834725,635,3,0,15534,12,No,Own,0
37,1021384,420107,699,10,4,41313,36,Yes,Rent,0
57,1151799,459202,661,21,4,34491,48,No,Mortgage,0
59,547550,186361,763,22,0,20768,36,Yes,Own,0
29,321125,439291,516,16,1,9019,36,No,Rent,1
48,694668,862334,808,13,3,20251,60,No,Own,0
30,404943,883035,482,15,1,22209,60,No,Own,1
49,842782,433348,688,27,5,35549,36,Yes,Mortgage,0
58,835143,889689,602,2,0,10169,12,No,Mortgage,0
31,850365,50000,566,16,1,7922,36,No,Rent,0
48,1284427,592536,756,0,2,0,24,No,Own,0
59,730415,777801,815,18,3,16029,36,Yes,Rent,0
46,200579,737805,723,28,4,41117,12,No,Rent,1
57,726324,67863,652,26,3,27155,84,No,Rent,0
33,1245849,276829,669,15,3,23228,48,No,Rent,0
25,580217,50000,777,11,5,30162,36,No,Own,0
42,168882,633365,777,16,1,22713,12,No,Rent,1
62,479442,423764,801,16,0,9567,60,No,Rent,0
55,962400,1006815,683,3,2,11068,12,No,Rent,0
33,676965,61731,710,2,1,7488,60,No,Rent,0
39,1322263,497004,728,20,5,27912,48,Yes,Rent,0
47,150000,1145751,644,0,3,38512,36,No,Own,1
30,550567,182480,832,12,3,30442,60,No,Own,0
35,696166,761961,594,23,5,26424,36,No,Rent,1
34,820550,522357,665,15,5,36763,36,No,Mortgage,0
25,240788,144800,675,0,5,25737,24,No,Rent,0
41,1335190,444457,733,15,0,15591,36,No,Rent,0
45,219881,749029,843,21,5,36955,36,No,Rent,1
40,785652,788648,618,21,3,29684,36,No,Rent,0
55,575070,366808,595,10,4,33355,60,No,Rent,1
36,150000,245483,749,18,5,39485,36,No,Rent,1
55,646062,664444,569,30,5,28452,24,No,Own,0
33,521781,877189,689,6,0,3464,60,No,Own,1
64,150000,368748,600,27,1,10448,60,No,Rent,1
55,721964,825787,656,30,3,18169,36,No,Own,0
55,189866,318808,466,15,0,24935,36,No,Rent,1
31,821394,243017,850,13,3,15143,48,No,Rent,0
39,1007154,668073,594,18,0,20780,36,Yes,Rent,1
52,874362,1211786,667,28,1,19885,84,No,Own,0
21,170038,788741,566,4,5,36599,36,No,Rent,1
34,831481,534063,698,17,0,7339,12,No,Mortgage,0
24,466662,491612,850,9,3,37339,84,No,Rent,0
48,421280,366008,762,27,2,14758,24,No,Mortgage,0
56,477689,383955,500,30,4,41712,60,No,Rent,1
32,159183,731412,561,11,2,23421,60,No,Rent,1
64,1200540,50000,633,26,5,42005,36,No,Mortgage,0
56,1104437,542859,690,22,4,36947,60,No,Rent,0
35,1368394,545660,804,13,1,17513,24,No,Rent,0
31,519725,850019,762,0,4,21861,84,No,Rent,0
21,908638,574302,706,5,2,29326,36,No,Mortgage,0
54,1116700,765355,624,14,1,8971,60,No,Rent,0
53,638141,997639,695,28,1,31193,60,No,Rent,0
51,863035,483658,640,29,4,42413,36,No,Rent,1
21,613364,901362,465,5,1,10596,60,No,Own,1
45,611752,1224270,699,4,2,6802,24,No,Own,0
23,304934,460684,458,6,5,26982,84,Yes,Rent,1
51,1061621,64087,687,16,0,8183,60,No,Rent,0
63,1181551,700283,810,29,5,34126,48,No,Mortgage,0
27,972357,675032,819,12,4,38695,36,No,Rent,0
59,244492,71354,661,13,3,34803,36,No,Mortgage,0
42,617936,192346,779,11,2,19931,24,No,Own,0
34,1133677,299922,685,16,2,25210,48,No,Rent,0
44,1076282,305712,695,11,1,24277,60,No,Mortgage,0
29,1239493,86751,810,10,3,31349,60,No,Rent,0
55,675481,394676,577,14,0,17743,48,Yes,Mortgage,0
21,494869,1038859,654,4,0,26954,36,No,Rent,1
61,320736,802807,687,15,5,27815,36,No,Mortgage,1
30,1138205,654853,713,1,2,24534,36,No,Own,0
39,1291936,50000,576,25,1,22111,36,Yes,Rent,0
49,1162574,401544,466,17,3,30570,36,No,Rent,0
21,1165753,991526,765,3,1,29309,36,No,Mortgage,0
64,364312,695921,575,6,3,43908,24,No,Own,1
25,885553,665701,747,10,5,29129,60,No,Own,0
43,1189419,234939,664,2,3,19858,12,No,Own,0
49,150000,211630,609,21,5,14529,60,No,Rent,1
44,716140,254405,705,9,5,44711,24,No,Own,0
63,915809,346400,650,21,4,31080,36,No,Rent,0
39,1502926,374670,672,22,2,16996,24,No,Rent,0
62,313408,202768,630,15,5,48050,12,No,Rent,0
50,1210002,182078,809,21,1,31611,48,No,Mortgage,0
50,659456,760406,707,15,5,39379,84,No,Rent,1
55,842510,897967,604,4,1,11522,12,No,Mortgage,0
34,986729,424286,638,13,4,29905,60,No,Rent,0
35,641181,587710,738,15,0,18047,60,Yes,Rent,0
60,345832,527503,638,0,1,16647,24,No,Own,1
46,801537,362581,619,5,0,16415,36,No,Mortgage,0
56,412158,879679,764,29,1,23726,84,No,Rent,1
22,889008,512463,763,4,1,25546,36,No,Mortgage,0
38,481711,308857,785,16,5,40193,24,No,Rent,0
56,769125,576936,550,17,3,34075,12,Yes,Mortgage,0
54,585785,292816,745,13,1,20821,48,No,Mortgage,0
52,150000,644397,681,21,5,28043,60,No,Rent,1
49,978866,778086,804,29,5,31711,84,No,Own,0
32,329211,640098,779,2,0,28700,60,No,Rent,0
24,772463,508647,606,0,5,23533,48,No,Mortgage,1
43,894887,1448817,592,18,2,21717,60,No,Own,1
34,304383,80325,805,18,5,22277,48,Yes,Mortgage,0
59,670958,50000,745,10,5,32410,36,No,Rent,0
32,564788,375532,820,18,4,32316,12,No,Rent,0
58,342927,660039,668,4,0,13701,48,No,Rent,0
45,1081822,514911,712,16,1,25761,48,Yes,Rent,0
45,862165,949562,672,24,5,34387,60,No,Rent,0
50,946540,424226,657,20,1,7216,48,No,Rent,0
32,938806,118615,640,4,2,17538,24,No,Mortgage,0
21,635045,483472,736,2,4,27482,60,No,Rent,0
65,440285,107855,707,16,1,8432,36,No,Own,0
32,802245,477247,668,20,1,17388,84,No,Mortgage,0
26,877369,402249,753,8,4,18958,84,No,Own,0
61,246327,1096179,789,8,1,13213,60,Yes,Own,1
44,330361,90838,738,3,2,17126,24,No,Mortgage,0
23,601314,531225,663,4,2,16759,60,No,Rent,0
23,590919,1121344,721,2,4,40627,24,No,Mortgage,1
48,527366,320644,722,21,3,32869,48,No,Rent,0
36,764922,1205660,648,16,0,15943,60,No,Own,0
42,576100,702018,610,23,3,25566,36,No,Mortgage,0
47,150000,171371,791,21,2,9641,24,No,Own,0
48,1209215,1378710,666,24,1,37209,60,Yes,Own,1
30,770761,289963,721,11,5,35223,36,No,Rent,0
42,714967,536951,708,19,3,24124,24,No,Rent,0
23,318734,426278,439,5,4,31538,84,Yes,Rent,1
52,632821,75758,684,18,2,14117,60,No,Mortgage,0
30,1194388,644897,658,14,3,16679,12,No,Rent,0
50,1180851,476567,654,3,2,18859,48,No,Rent,0
27,531384,578211,719,9,4,18956,12,Yes,Mortgage,0
38,926928,79402,664,6,1,20953,24,No,Mortgage,0
65,353282,707290,746,11,0,21002,36,No,Mortgage,0
55,1282975,76399,718,28,2,33382,12,No,Rent,0
50,947691,357033,850,9,5,17302,36,No,Mortgage,0
35,899780,236456,492,17,4,28731,36,No,Mortgage,0
33,215136,738248,617,13,1,16984,48,No,Rent,1
50,762679,69003,730,5,0,15924,60,No,Own,0
25,585866,483889,850,8,4,30455,84,No,Mortgage,0
48,817559,165462,733,15,0,33112,36,No,Rent,0
49,702870,312349,700,16,3,23471,60,No,Mortgage,0
57,636923,596059,567,31,4,29205,24,No,Own,1
22,905632,795052,669,4,0,11957,24,Yes,Own,0
53,950336,492557,704,8,3,34810,84,No,Rent,0
27,1285085,768862,790,14,0,14719,60,No,Mortgage,0
34,768715,163487,708,11,2,32326,24,No,Mortgage,0
48,1170324,755549,669,11,4,35771,36,No,Mortgage,0
63,583286,87594,841,13,1,22478,60,No,Mortgage,0
31,491056,1066901,526,11,1,391,36,No,Rent,1
38,642339,1043242,640,5,4,19529,60,No,Own,0
44,683283,50000,592,0,3,7200,60,No,Rent,0
38,979313,693727,613,18,1,14917,36,Yes,Rent,0
29,775023,452945,685,9,2,10082,24,No,Mortgage,0
58,433108,267443,642,18,4,25852,60,No,Rent,0
34,265158,394217,503,12,0,14709,36,No,Rent,1
56,150000,1136807,588,1,0,13527,24,Yes,Rent,1
61,808598,658179,517,16,2,21162,48,No,Rent,0
41,577859,1042627,647,6,3,19716,60,No,Own,1
56,652352,884101,694,6,2,29015,60,No,Rent,0
34,461497,880136,690,4,0,3330,60,No,Own,0
33,150000,629963,742,4,5,12679,60,No,Rent,1
24,859430,348747,695,0,4,35032,84,No,Mortgage,0
34,241398,676128,676,11,2,17801,60,No,Rent,1
32,902837,935927,650,13,5,36174,84,No,Mortgage,1
50,713935,817614,640,27,0,1513,12,No,Rent,1
57,700769,780986,639,15,4,47685,60,No,Rent,0
55,270513,910345,742,21,1,6978,60,No,Mortgage,1
47,693655,374755,636,32,0,5108,24,No,Rent,0
53,199416,668310,805,22,3,20312,60,No,Rent,0
37,308861,239708,717,7,0,15880,60,Yes,Own,0
37,379429,624640,627,18,5,26809,60,No,Rent,0
56,470496,562508,785,12,0,10079,60,Yes,Rent,0
62,1026137,872998,599,25,4,41613,84,No,Rent,0
27,808561,231275,736,6,0,6674,60,No,Rent,0
40,314899,1119667,758,10,0,9863,36,No,Own,1
45,656867,630222,738,17,2,25631,24,No,Rent,0
45,1183625,630985,774,13,5,30650,36,Yes,Mortgage,0
62,316707,378776,690,11,5,39331,36,Yes,Own,1
47,1030639,435073,564,14,5,66658,36,No,Rent,0
53,433106,795320,646,21,2,26905,48,No,Own,0
61,942196,1284172,622,3,5,35539,60,No,Own,1
43,749784,99535,850,0,0,21828,60,No,Mortgage,0
37,800027,630370,736,20,2,18550,60,Yes,Rent,0
21,556263,50000,686,2,2,24241,84,No,Own,0
22,432883,394620,721,4,3,42973,60,Yes,Own,0
21,834458,732934,677,7,3,17262,60,No,Rent,0
29,524686,80393,632,15,2,15048,24,No,Mortgage,0
30,1064122,58374,815,13,2,17680,60,No,Mortgage,0
23,451779,605577,563,8,4,32031,60,Yes,Mortgage,1
28,1080505,568304,581,11,0,26982,48,Yes,Rent,1
45,1103970,50000,723,8,1,20239,36,No,Mortgage,0
35,427352,487661,503,19,2,28914,36,No,Rent,1
40,464641,144655,625,7,4,27299,36,No,Mortgage,0
45,1243695,1008766,850,25,1,0,24,No,Rent,0
24,919658,460761,712,8,5,37735,36,No,Mortgage,0
45,704379,50000,592,10,4,29023,60,Yes,Mortgage,0
52,1176327,1313532,652,22,2,36016,60,Yes,Own,0
65,204898,656698,850,17,4,26845,60,No,Mortgage,1
51,550903,924172,616,17,5,32342,24,No,Mortgage,0
47,404905,408968,754,27,1,10957,24,No,Mortgage,0
26,740461,683189,663,10,5,46185,24,Yes,Mortgage,0
55,773691,130793,659,27,2,27538,12,No,Own,0
60,966829,234142,625,0,3,31702,84,No,Mortgage,0
57,876512,1154178,766,11,3,21122,36,No,Own,0
32,925256,364767,635,14,0,22992,84,No,Mortgage,0
24,150000,304928,637,10,4,28800,12,No,Mortgage,1
41,660580,1095805,728,12,3,29243,60,No,Mortgage,0
21,1368924,283390,574,2,0,20925,84,No,Rent,0
52,582165,52764,828,7,2,23786,60,No,Own,0
59,565132,409328,718,12,1,20308,24,No,Own,0
29,1326974,632611,683,10,0,9490,60,No,Mortgage,0
31,1083058,50000,692,12,5,17470,48,No,Rent,0
50,749844,753518,558,30,4,35821,60,Yes,Own,0
35,153328,64263,822,21,4,27121,48,Yes,Mortgage,0
54,629759,588551,693,12,0,18265,36,No,Rent,0
52,953984,751895,662,21,1,18940,48,No,Rent,0
51,150000,696002,780,21,3,15873,60,No,Rent,1
42,753237,306627,437,0,2,26749,60,No,Own,1
35,1379215,516272,580,18,0,18418,36,No,Mortgage,0
50,524148,195789,643,14,0,27587,24,No,Rent,0
37,150000,575602,679,14,0,19340,84,No,Own,1
37,275738,50000,704,2,2,28872,36,No,Mortgage,0
47,1135832,776345,622,24,2,16452,36,No,Mortgage,0
61,1262431,524505,850,12,4,36456,60,No,Mortgage,0
42,1249419,675121,644,17,4,38321,36,Yes,Rent,1
60,1421509,1007090,563,30,0,5794,36,No,Rent,0
60,826296,984099,610,24,4,19913,36,No,Rent,0
63,829363,113932,648,4,2,15200,60,No,Rent,1
61,924942,1008970,747,22,1,14984,36,No,Own,0
50,620799,936947,640,5,3,26387,60,No,Rent,1
31,892971,304933,708,12,0,2111,60,No,Rent,0
33,1044264,973573,752,15,1,24874,48,No,Own,0
51,958734,716603,628,20,0,6220,60,No,Rent,0
42,257284,529858,656,22,5,25686,36,No,Rent,1
25,1224456,88260,828,9,1,31620,60,No,Rent,0
42,685139,431281,619,20,3,25145,12,No,Own,0
36,514702,388643,701,10,0,2719,36,Yes,Own,0
40,1030708,468650,613,5,2,26306,36,No,Mortgage,0
54,518646,50000,617,9,1,27172,48,No,Rent,0
49,1095932,698071,573,16,3,25048,60,Yes,Rent,1
50,746562,605780,754,13,3,30203,60,No,Rent,0
36,507347,536594,686,14,4,20691,24,No,Rent,0
37,566936,178055,673,21,5,30151,24,No,Mortgage,0
48,482039,966266,665,14,1,6638,48,No,Own,1
26,545771,50000,736,5,3,30844,48,No,Own,0
52,708862,441701,610,25,4,21229,36,No,Own,1
23,1332727,494991,698,2,0,9144,48,No,Rent,0
55,538471,55368,795,8,0,22233,48,No,Rent,0
64,299762,778042,572,5,5,28390,12,No,Rent,1
28,1238759,105186,772,1,5,40543,36,No,Rent,0
56,635218,139812,606,27,3,22462,84,No,Rent,0
49,1204484,595682,646,11,2,12047,48,No,Rent,0
24,733400,689947,562,5,2,25123,48,Yes,Mortgage,1
51,316888,695255,559,6,0,381,24,No,Rent,1
65,397200,747978,759,8,1,22305,36,No,Mortgage,1
35,569222,602628,641,5,3,9669,24,No,Rent,0
62,719324,978862,675,30,1,25504,24,No,Rent,0
23,598822,1107527,755,7,1,2914,36,No,Own,0
29,661608,833987,716,2,5,42522,60,No,Own,1
64,725827,1159375,578,24,1,38497,36,No,Own,1
31,294165,690525,769,19,2,29290,12,No,Own,1
40,1208233,55887,560,22,1,24097,36,Yes,Rent,0
21,1129206,334303,636,2,2,22163,84,No,Own,0
24,389075,660194,623,4,4,27498,24,No,Mortgage,1
33,219224,283835,675,15,2,25980,60,No,Rent,1
22,578086,216001,637,4,2,14415,48,Yes,Mortgage,1
45,319920,424292,681,28,0,0,36,No,Rent,0
41,354047,374324,797,1,2,22322,36,No,Rent,0
40,1228453,344171,617,20,5,36704,60,No,Rent,0
37,1047609,442438,627,19,1,26784,36,No,Mortgage,0
43,647334,597858,537,7,1,11372,24,No,Own,0
65,241792,689811,589,8,3,39649,24,No,Own,1
56,787302,298332,720,12,4,28820,36,No,Rent,0
63,868633,73416,642,3,3,13626,60,No,Rent,0
21,707899,313555,670,2,3,37463,84,No,Mortgage,0
27,458851,740966,748,7,4,42965,12,No,Mortgage,0
59,1653481,802087,653,13,3,16070,48,No,Mortgage,1
27,557375,240006,786,12,3,32768,60,No,Own,0
48,701313,50000,829,10,5,48060,12,No,Own,1
62,1282041,546454,850,16,1,32631,60,No,Mortgage,0
21,197304,778942,690,5,0,2593,48,No,Rent,1
33,669840,786282,501,9,0,0,60,No,Rent,1
58,357472,408706,755,8,3,15504,48,No,Rent,0
60,591519,276260,649,15,2,23135,36,No,Rent,0
45,551657,50000,749,22,3,13759,24,No,Rent,0
54,640353,68194,780,6,3,26373,48,No,Mortgage,0
46,477655,854276,782,12,4,37906,60,No,Rent,1
50,943633,795882,741,16,3,31521,48,No,Own,0
54,899287,132980,605,1,1,34887,84,Yes,Own,1
62,514445,751300,647,8,5,40336,60,No,Mortgage,1
64,1296905,565039,516,25,4,40634,60,No,Mortgage,1
56,911606,470422,720,2,2,39364,84,No,Rent,0
28,1129298,752521,519,12,0,18037,48,No,Own,0
37,322974,708782,651,19,5,45383,36,No,Mortgage,1
64,431289,683657,620,7,5,39389,60,No,Mortgage,0
49,352009,154711,815,28,3,14074,60,No,Mortgage,0
25,150059,534648,650,5,5,40708,60,No,Rent,1
41,1306918,830709,682,24,5,45844,60,No,Own,0
45,165766,354226,741,20,3,15746,36,No,Mortgage,0
46,581597,678991,850,21,3,9539,36,No,Rent,0
50,570182,262320,744,7,3,16021,24,No,Mortgage,0
46,200280,413889,767,20,3,18171,36,No,Mortgage,1
30,1248387,616815,670,10,0,3993,60,No,Mortgage,0
63,150000,503760,676,9,2,17459,60,No,Rent,1
59,218065,772500,627,30,5,38136,24,No,Rent,1
56,197804,291769,617,2,5,45208,84,No,Rent,1
56,747804,730184,707,21,3,24119,36,No,Rent,0
51,530145,468562,707,25,2,6786,60,No,Own,0
28,674835,337621,787,6,0,23751,60,No,Own,0
61,1144714,573812,712,13,2,33253,48,Yes,Mortgage,0
45,356316,870720,600,1,5,52619,60,No,Rent,1
50,313562,371024,602,12,1,30122,84,No,Rent,0
25,1339323,645242,576,6,5,24431,60,No,Own,0
22,519950,1248194,693,1,4,28961,48,No,Own,1
48,1001291,104947,647,10,5,36472,84,No,Own,0
21,676537,633970,635,0,4,38343,48,Yes,Mortgage,1
30,1193564,110416,571,9,1,11473,48,Yes,Mortgage,0
38,744635,223536,624,20,5,35864,60,No,Mortgage,0
43,354903,367679,510,19,2,11392,48,No,Mortgage,0
35,728158,304821,601,0,5,25774,60,No,Mortgage,0
62,597385,595851,554,8,0,20651,36,No,Own,0
52,662535,392325,797,9,1,38988,12,No,Mortgage,0
65,753089,1092070,607,20,3,45616,36,No,Own,0
39,856222,522830,647,14,3,28040,60,No,Rent,0
37,1223176,660066,654,16,5,18941,12,No,Rent,0
24,717166,843542,692,4,1,28803,48,Yes,Rent,1
25,575771,466190,720,11,3,9474,60,No,Rent,0
51,694279,384794,785,17,4,36592,60,No,Own,0
51,372652,384958,645,12,1,24901,84,No,Rent,1
35,1087587,574240,793,15,1,4664,12,Yes,Own,0
60,613482,626137,580,5,0,21099,36,No,Own,0
58,773815,835702,539,11,0,13292,12,No,Rent,0
31,552769,214343,762,15,2,32229,60,No,Own,0
47,1011982,445937,570,14,4,57623,36,No,Rent,0
45,497533,673071,634,29,0,10415,60,No,Rent,1
55,186851,291172,739,23,1,23633,60,No,Mortgage,1
33,984208,1014863,835,9,3,18429,24,No,Rent,0
64,716824,1105039,593,25,2,48815,36,No,Own,0
40,883226,832537,509,22,3,27035,36,No,Mortgage,1
45,587317,391039,617,19,1,17224,12,No,Own,1
55,899834,665313,475,27,2,23452,36,No,Own,1
34,627389,50000,731,17,5,37683,60,No,Own,0
32,415984,1518629,638,16,5,24177,60,No,Mortgage,1
34,1035336,502918,613,8,0,17847,36,No,Own,0
51,376273,897227,574,13,2,32148,24,No,Own,0
59,853706,147973,658,25,4,34068,12,Yes,Rent,0
55,565195,50000,731,7,2,27422,48,No,Rent,0
52,1146135,341038,743,5,2,15806,12,No,Mortgage,0
51,722309,51273,653,27,2,31941,36,No,Mortgage,0
64,1011106,489701,624,16,0,12677,36,No,Mortgage,0
62,582600,668190,580,3,0,21428,36,No,Own,0
41,445932,443832,672,1,3,32695,48,No,Mortgage,1
55,559486,330642,631,13,2,31402,60,No,Rent,0
52,1330712,168495,677,30,5,19220,60,No,Rent,0
45,928145,187109,812,4,2,10828,60,No,Rent,0
29,202938,532105,722,11,5,27676,24,No,Rent,0
54,395863,824794,669,23,1,22115,48,No,Own,1
55,636417,835843,655,30,5,20948,36,No,Own,1
38,433680,407950,689,16,3,17120,60,No,Rent,1
45,421424,1203968,684,28,4,24331,48,No,Mortgage,1
22,1060485,352381,578,8,2,24589,84,No,Own,1
47,701170,520037,742,9,2,6678,36,No,Rent,0
57,701913,1378023,749,1,1,2523,36,No,Mortgage,0
59,660925,365097,656,23,3,22784,84,No,Rent,0
21,790769,495933,651,2,5,16804,48,No,Mortgage,1
33,1413825,536343,619,15,0,22105,36,No,Mortgage,0
64,1270019,972274,636,1,5,28031,60,No,Own,0
35,791156,362743,524,9,3,25524,36,No,Rent,1
36,390041,352714,776,10,1,16877,48,Yes,Rent,0
61,505422,66218,695,0,4,36812,48,No,Own,0
39,622288,278349,713,18,2,14027,60,No,Mortgage,0
56,1041130,891139,495,25,4,35885,84,No,Rent,0
57,1090189,917196,593,11,4,34941,36,No,Mortgage,1
32,358580,592311,687,14,2,17356,36,No,Own,0
59,709555,379756,730,1,5,42112,60,Yes,Rent,0
39,754021,1131963,719,19,2,30907,24,No,Rent,0
42,156761,411077,778,20,4,13627,48,No,Mortgage,0
25,335715,1558203,610,8,5,41047,60,No,Rent,1
61,1141705,457770,646,7,4,32732,36,No,Rent,0
51,1282632,678672,757,29,3,13672,48,No,Own,0
44,1157080,714807,557,16,4,35528,48,No,Own,0
48,888255,73610,631,24,5,58808,24,No,Mortgage,0
54,506533,394364,582,19,2,18160,24,No,Rent,0
36,1249686,1044633,696,19,0,18686,60,No,Mortgage,0
30,927851,50000,494,14,5,18083,24,No,Own,0
26,856975,258825,700,6,0,4835,60,No,Rent,0
27,1018018,56286,795,14,5,27879,60,No,Rent,0
65,1212787,1067331,809,14,5,43358,36,No,Rent,0
50,424960,233083,620,9,2,17405,60,No,Rent,1
64,1140932,865980,612,21,5,14904,24,No,Own,0
54,1052327,777150,743,13,3,29225,48,No,Own,0
58,819473,419640,599,16,1,4751,60,No,Mortgage,0
62,888660,685449,499,0,0,10676,60,Yes,Mortgage,1
54,233096,676707,814,23,4,19756,60,No,Rent,1
61,818429,50000,483,17,4,38996,60,No,Own,0
55,576068,542330,760,20,0,16882,36,No,Rent,0
59,681413,395617,729,4,1,27111,48,No,Rent,0
29,925892,440142,564,5,4,39545,36,Yes,Mortgage,1
43,177950,680297,734,28,4,45775,12,No,Rent,1
29,542881,230203,760,15,4,30203,60,No,Own,0
41,570182,590222,677,26,0,11797,60,No,Rent,0
38,777900,334245,574,15,0,12955,36,No,Own,0
28,593492,319586,672,9,3,40263,48,No,Mortgage,0
50,1110023,1323141,672,24,1,37441,60,Yes,Own,0
27,1205232,154843,790,3,5,33126,36,No,Rent,0
35,870176,566458,674,18,1,29964,60,No,Rent,0
58,422760,270917,594,3,2,11299,60,Yes,Own,1
64,551055,1144283,719,0,4,40250,84,Yes,Rent,1
51,782129,326398,702,15,4,25894,60,No,Mortgage,0
27,973453,731731,649,8,0,9317,36,No,Own,0
44,846801,68865,606,28,1,3425,36,No,Rent,0
44,1498063,428793,685,7,4,36563,48,No,Mortgage,0
53,1337708,372364,644,3,1,14515,60,No,Rent,0
28,1471938,709960,591,8,1,14900,60,No,Mortgage,0
39,557606,66300,495,17,4,24399,36,No,Rent,1
22,584986,1085908,762,4,4,44042,24,No,Mortgage,0
56,691324,59958,665,17,2,29208,12,Yes,Rent,0
26,588206,57318,790,6,1,13729,60,No,Rent,0
65,1174789,648503,790,31,5,36230,48,No,Mortgage,0
58,814931,168002,641,26,5,28041,12,Yes,Rent,0
34,867686,841320,701,9,3,20383,24,No,Mortgage,0
43,591699,422002,630,20,1,25661,12,No,Own,1
36,325396,453519,767,13,1,26065,48,Yes,Rent,1
51,1328397,156862,696,28,4,25454,60,No,Rent,0
48,685118,343374,607,25,0,11476,24,No,Rent,0
23,684637,1158015,719,5,1,7589,36,No,Own,0
48,159128,644031,788,20,3,21418,60,No,Rent,1
21,905063,562253,760,5,0,28195,48,No,Mortgage,0
45,150000,321443,676,25,1,8938,60,No,Rent,0
37,861063,755222,613,8,3,29819,60,Yes,Rent,1
46,719149,1045821,733,27,5,28717,36,No,Rent,1
56,932994,161869,640,26,4,34644,12,Yes,Rent,0
56,436361,877229,674,25,3,23223,36,No,Rent,1
36,389917,832326,601,20,1,24993,36,No,Mortgage,1
23,545581,230714,796,5,5,32905,36,No,Own,0
59,788524,413649,718,17,3,26714,24,No,Own,0
56,631295,1100981,612,16,1,10145,12,Yes,Own,0
57,708714,291247,640,21,3,21428,84,No,Rent,0
63,925352,680910,756,6,0,2741,48,Yes,Rent,0
33,1708509,665364,705,16,5,29547,12,No,Mortgage,0
52,1044373,694474,815,28,2,28811,84,No,Own,0
38,271981,597637,616,17,5,30985,60,No,Rent,1
32,1311127,760523,798,14,4,13462,24,No,Rent,0
65,920460,873730,819,15,3,14463,60,Yes,Rent,0
21,697976,800429,816,5,0,30090,60,No,Rent,0
21,738111,520802,775,4,2,25528,36,No,Mortgage,0
29,152718,75415,644,13,3,28159,36,No,Rent,1
42,532949,465171,613,23,3,24581,24,No,Own,1
44,432094,256045,679,11,5,28738,48,No,Rent,0
57,428548,687242,604,10,0,13199,36,No,Rent,0
60,1176568,441901,634,7,4,30079,36,No,Rent,0
44,258021,359087,616,11,3,20782,12,Yes,Mortgage,1
55,1088613,80609,641,8,5,38912,48,Yes,Own,0
57,997767,614937,844,5,5,47585,60,No,Own,0
54,1291019,655783,690,29,0,18538,60,Yes,Rent,0
32,1420801,52416,744,13,4,35621,48,No,Rent,0
53,714942,682842,771,13,2,32035,60,No,Rent,0
43,1157246,713368,547,16,4,40708,48,No,Own,0
50,927966,381879,774,19,5,39807,36,No,Mortgage,0
35,175811,631649,560,3,0,16045,60,Yes,Rent,1
29,605204,400160,795,14,3,14921,60,No,Rent,0
30,718178,390987,634,16,1,21747,48,Yes,Rent,1
39,826343,499000,807,20,0,21868,60,No,Own,0
42,532143,337382,817,0,1,17829,36,No,Rent,0
33,150000,690291,756,7,5,16769,60,No,Rent,1
39,678927,512202,719,15,5,27597,12,No,Rent,0
33,929044,321137,629,15,2,21136,84,No,Mortgage,0
55,637263,360969,606,19,3,21807,84,No,Rent,0
61,752205,227015,593,15,1,25253,24,No,Rent,0
50,150000,706996,695,10,3,7927,60,No,Mortgage,1
53,498447,1122535,696,2,4,31911,48,No,Rent,1
24,653574,442779,654,4,2,19220,60,No,Rent,0
28,166399,50000,736,9,0,22821,48,No,Mortgage,0
53,1204960,604493,654,29,0,17307,60,Yes,Rent,0
38,965706,556128,662,0,2,14668,12,No,Mortgage,0
29,1142404,103460,590,12,1,12217,48,Yes,Mortgage,0
62,635189,669939,594,4,0,18881,36,No,Own,0
37,1168332,1077189,700,18,1,15274,60,No,Mortgage,0
28,579935,50000,813,3,1,17996,60,No,Rent,0
26,967168,1062130,617,9,5,41379,60,No,Own,0
45,755734,711867,489,19,5,34168,36,No,Rent,0
33,596812,629864,592,19,1,12906,36,Yes,Mortgage,0
30,466039,680580,576,6,4,32868,60,Yes,Mortgage,1
44,179233,50000,748,1,4,22820,24,No,Mortgage,0
61,462786,77005,648,24,1,12272,60,No,Rent,0
58,925099,694504,678,14,0,0,24,Yes,Own,1
57,495046,494524,573,9,5,45449,36,No,Rent,0
34,307133,839139,651,19,0,25173,36,No,Mortgage,1
63,561790,413227,717,25,2,12194,36,No,Mortgage,0
39,619744,1049283,618,4,4,21373,60,No,Own,0
44,350069,394403,512,18,1,11836,48,No,Mortgage,1
47,1062363,392277,497,14,2,31977,36,No,Rent,0
46,303244,223342,580,12,4,36059,48,No,Rent,1
22,285874,266305,732,3,2,3916,36,No,Mortgage,1
30,155083,557111,694,9,5,29146,24,No,Rent,1
30,813735,1247071,669,14,4,19351,48,No,Rent,0
41,997056,68307,656,14,5,29688,60,No,Rent,0
61,1082235,564034,700,21,0,31722,60,No,Own,1
21,505303,1075429,728,1,5,36386,24,No,Mortgage,1
35,628978,86816,722,19,3,37128,60,No,Own,0
62,779655,904497,630,5,5,38992,60,No,Own,1
26,666565,281245,704,6,0,15746,24,No,Rent,0
44,315014,806942,558,22,5,33450,24,No,Own,1
43,931216,115869,627,17,3,20003,24,No,Own,0
56,419746,661872,583,9,3,14019,36,No,Rent,0
64,1069619,662281,748,0,4,46161,12,No,Mortgage,0
60,373778,510253,761,20,1,1962,36,No,Rent,1
35,476972,849002,732,8,2,23639,48,No,Rent,0
44,1625466,880811,647,24,3,27709,36,No,Mortgage,0
21,901386,574827,746,6,2,27386,84,No,Own,0
44,229814,857428,610,24,0,18779,36,No,Rent,1
31,864230,462873,671,0,1,26840,60,No,Rent,0
22,830252,638297,757,0,1,23763,12,No,Mortgage,0
63,698936,367970,723,27,1,31067,60,No,Rent,0
49,1018996,420752,568,14,5,57533,36,No,Rent,1
35,701141,1175906,726,19,2,36226,24,No,Rent,0
27,706459,50000,648,12,4,49019,60,No,Mortgage,0
26,335488,779803,658,6,3,33032,60,No,Own,1
61,657892,995727,585,9,5,45988,60,No,Own,1
65,658369,659110,600,0,2,36869,48,No,Rent,0
21,603510,240265,773,0,3,49017,60,Yes,Rent,0
42,930632,50000,850,26,4,25383,84,No,Rent,0
34,724899,510552,725,17,2,17979,36,No,Mortgage,0
28,150000,411474,737,13,3,31134,24,No,Rent,1
23,221001,204989,721,1,2,6442,36,No,Mortgage,1
30,150000,247377,700,15,1,23142,48,No,Mortgage,1
53,161656,323184,809,22,1,18829,36,No,Own,0
56,878637,424228,625,30,2,20821,36,No,Mortgage,1
56,750657,426856,798,17,2,25361,36,Yes,Mortgage,0
51,622013,843742,598,17,5,34316,24,No,Mortgage,1
37,1237908,612649,727,20,3,16184,24,No,Rent,0
38,909125,560208,803,20,4,42796,84,No,Rent,0
54,681723,80472,736,10,1,17714,60,No,Own,0
53,868540,812976,705,26,0,10470,60,No,Rent,1
52,840381,411148,660,19,4,52970,60,No,Mortgage,0
25,623297,76671,794,3,0,11085,60,No,Rent,0
33,673407,713102,534,16,0,1418,48,Yes,Rent,1
47,573241,1030252,594,16,4,41151,60,No,Mortgage,0
45,216469,681454,850,21,5,37524,36,No,Rent,0
47,362041,879971,569,16,3,30713,24,No,Own,1
30,273567,616208,577,10,2,32930,36,No,Rent,1
56,900386,780446,751,9,0,23394,36,No,Mortgage,0
29,810604,1281595,661,5,3,17832,60,No,Rent,0
35,1332915,507148,713,0,4,27135,24,No,Mortgage,0
43,723572,505155,612,4,2,11638,24,No,Own,0
65,150000,507135,539,24,5,38453,48,No,Mortgage,1
54,581984,81545,792,8,2,25532,48,No,Rent,0
63,750099,55013,763,7,3,28997,36,No,Rent,0
24,589616,246073,631,6,3,18727,48,Yes,Mortgage,0
53,790408,72845,655,25,3,41284,36,No,Mortgage,0
60,861306,331087,770,18,4,39131,36,No,Mortgage,1
55,476804,175624,620,27,4,14832,48,Yes,Rent,0
63,942760,942104,751,21,0,16420,36,No,Own,0
43,531554,146030,624,10,5,34432,36,No,Mortgage,0
21,1090629,1148643,729,3,1,25362,36,No,Mortgage,0
35,709414,650767,843,11,0,15056,60,No,Rent,0
32,300349,809255,704,3,4,56283,60,No,Rent,1
42,196441,435467,842,20,3,13668,48,No,Mortgage,0
61,436386,1383207,738,7,3,25365,36,No,Rent,1
41,862275,653958,640,8,0,9701,60,No,Rent,0
44,947860,50000,627,17,1,16003,24,No,Own,0
41,1032380,691814,707,19,3,31445,36,No,Own,0
32,944262,103924,609,12,2,18006,36,No,Rent,0
63,532651,680596,639,8,5,40952,60,No,Mortgage,0
33,687513,221140,777,19,3,17916,48,No,Rent,0
37,722057,1192021,774,18,2,32280,24,No,Rent,0
57,754842,135924,669,17,3,32012,12,Yes,Rent,0
29,481410,726934,749,10,3,39220,12,No,Mortgage,0
28,1167310,127042,542,12,1,10009,48,Yes,Mortgage,0
59,1021648,925882,524,19,5,34245,84,No,Rent,1
61,979975,457171,751,18,1,18967,36,No,Mortgage,0
55,754653,1041848,669,20,0,27330,36,No,Own,0
49,491029,115229,777,17,1,34481,36,No,Rent,0
22,1058403,330672,618,6,1,26795,84,No,Own,0
52,203281,265673,660,11,4,39668,60,No,Own,1
30,619219,91545,705,11,4,35319,48,No,Mortgage,0
38,456859,96322,650,18,2,17372,24,No,Mortgage,0
64,240726,548600,767,28,2,28085,48,Yes,Rent,1
35,866275,627517,646,9,4,28680,84,No,Rent,1
37,835422,283015,538,18,5,28356,36,No,Mortgage,0
61,947415,562477,695,3,3,20707,36,No,Mortgage,0
64,511618,54170,688,1,3,37118,48,No,Own,0
31,453990,203627,647,13,3,9720,60,No,Rent,0
46,670774,268684,834,9,2,14265,12,No,Rent,0
38,507830,373846,791,7,0,28323,60,No,Own,0
23,1336733,354725,678,3,5,36580,60,No,Own,1
61,831638,50000,521,17,4,43327,60,No,Own,0
42,1645208,55445,850,5,4,19314,12,Yes,Rent,0
52,1041278,226859,545,22,3,14492,36,No,Mortgage,0
25,888795,780652,609,1,2,12665,36,No,Rent,0
39,990634,935920,623,19,2,26674,36,No,Mortgage,0
27,380955,819404,738,0,5,20757,84,No,Rent,1
48,480758,129044,563,30,3,23740,48,No,Mortgage,0
38,547831,264818,711,21,3,16553,60,No,Mortgage,0
31,814385,687142,707,13,5,38132,60,No,Own,0
24,559852,690193,620,8,3,31748,24,No,Mortgage,1
33,566997,329321,797,9,3,34658,60,No,Rent,0
38,765070,354302,600,3,4,23400,60,No,Mortgage,0
57,927391,1119796,567,0,3,5399,60,Yes,Rent,1
27,1599618,292234,740,8,0,10618,36,No,Rent,0
32,1207808,703838,668,10,4,35424,48,No,Rent,0
51,695869,388443,696,2,5,32791,60,No,Rent,1
57,949233,357343,651,25,1,24459,12,No,Mortgage,0
29,1022261,50000,781,14,4,20562,48,No,Own,0
37,458060,1173096,581,12,1,0,60,No,Mortgage,1
25,585099,281311,768,0,3,46691,60,Yes,Rent,1
31,264226,510583,717,9,5,30944,24,No,Rent,1
26,200139,1052896,561,5,1,20164,48,No,Rent,1
51,1247949,469758,636,1,2,21597,48,No,Rent,0
62,867090,968988,825,15,4,15844,60,Yes,Rent,0
43,631144,222418,717,0,5,23329,48,No,Mortgage,0
59,646541,276907,621,14,3,21597,36,No,Rent,0
27,645043,421084,819,6,2,31025,84,No,Mortgage,0
47,775764,175807,766,19,3,34823,36,No,Rent,0
58,1156153,749771,518,8,1,21803,36,No,Rent,0
35,150000,395915,761,20,4,40713,36,No,Rent,1
46,585412,691751,631,17,5,29351,36,No,Rent,0
25,600546,128850,811,10,0,13099,60,No,Rent,0
48,742780,507561,704,20,5,21372,12,No,Own,0
51,1011281,441625,656,14,2,25263,60,No,Mortgage,0
35,1075371,460225,682,11,4,41443,36,Yes,Rent,0
27,1160746,702729,492,10,0,20394,48,No,Own,0
56,1267924,930683,788,19,5,37302,60,No,Own,0
26,853498,296002,719,8,0,14638,60,No,Rent,0
42,692370,415896,705,17,1,9005,60,Yes,Rent,0
35,988393,655704,596,9,2,12716,24,Yes,Own,0
43,923161,271664,540,22,0,0,24,No,Own,0
41,1011991,409400,625,8,0,22694,60,No,Rent,0
43,595271,81364,667,24,1,17248,12,No,Rent,0
65,1236431,108774,741,9,5,28950,36,No,Rent,0
35,272492,588780,601,18,0,8543,48,No,Mortgage,0
45,232303,597053,664,17,4,24798,36,No,Rent,1
59,1783631,870815,661,16,1,23318,48,No,Mortgage,0
43,530005,519557,585,8,3,23735,48,No,Rent,1
60,696755,581953,743,0,4,24443,24,No,Rent,0
36,863405,711306,604,18,4,22083,60,No,Own,0
64,541452,783445,617,8,1,19900,36,No,Mortgage,0
64,624711,706418,749,13,1,1593,24,Yes,Rent,0
38,893565,109142,687,12,0,10782,48,No,Rent,0
44,820055,756299,532,0,3,20310,36,No,Mortgage,0
58,737255,776962,677,24,1,20633,36,No,Rent,0
28,825296,618809,557,6,0,5491,60,No,Rent,0
47,220525,697095,697,10,1,9794,60,No,Mortgage,0
50,823659,344657,695,12,1,23316,60,No,Mortgage,0
28,595107,417461,668,10,3,31108,48,No,Mortgage,0
49,780536,248755,661,9,4,39864,24,No,Own,0
35,824590,628986,712,15,5,18925,60,No,Mortgage,0
47,197716,595193,685,19,5,26828,36,No,Rent,1
60,639343,378179,734,10,2,18458,48,No,Rent,0
63,743701,603581,654,5,4,41021,48,Yes,Mortgage,1
35,348688,731680,576,19,0,0,60,Yes,Mortgage,1
21,1120066,448697,724,3,2,2478,36,No,Rent,0
33,824266,545856,559,15,3,25083,60,No,Rent,0
37,324094,290938,613,20,0,4736,60,No,Rent,0
56,1077341,50000,623,11,4,46551,48,Yes,Own,0
54,965179,571759,681,7,2,22995,60,No,Rent,0
46,925842,280659,557,21,0,2678,24,No,Own,1
63,931949,989096,775,19,2,19694,36,No,Own,0
55,250081,372230,849,19,2,20457,36,No,Own,0
44,447597,834018,792,4,3,28709,60,No,Mortgage,0
31,801930,666490,744,3,3,24172,24,No,Mortgage,0
58,1057023,636881,617,23,2,20643,24,No,Own,0
50,750808,1005130,553,17,5,23138,36,No,Mortgage,0
30,670236,1128482,574,10,4,31375,36,No,Rent,1
65,586608,69413,688,1,4,40857,48,No,Own,0
46,1211642,726784,580,16,4,37437,48,No,Own,0
48,710440,754670,564,31,4,29332,60,Yes,Own,0
28,1516873,332427,752,8,3,47529,48,No,Rent,0
22,247019,436439,492,7,0,23357,84,No,Rent,1
49,905199,617684,512,20,4,23790,48,No,Own,0
51,479256,138097,490,7,2,8510,48,No,Rent,0
51,873943,266809,675,28,5,35086,60,No,Own,0
36,368183,795324,612,20,3,7525,24,No,Own,1
25,963467,616243,734,6,5,22152,84,No,Own,0
51,1131268,767509,637,17,1,13382,60,No,Rent,0
36,294155,574587,599,18,4,27484,60,No,Rent,1
50,1483733,1179781,691,17,4,17877,60,No,Rent,0
59,341976,824659,588,4,4,36255,12,No,Rent,1
47,1309587,498998,503,13,3,50202,48,No,Mortgage,0
56,1220913,234797,507,12,2,18581,60,No,Own,1
52,641866,441104,695,6,0,10725,60,No,Rent,0
59,1080544,497793,688,24,2,33185,60,No,Own,0
53,150000,198746,639,11,3,36290,60,No,Own,1
36,497920,469723,813,1,2,23018,60,No,Mortgage,0
41,412523,372479,780,1,1,15052,36,No,Rent,0
32,939503,487735,554,13,4,42035,36,No,Rent,1
53,683588,333477,678,18,2,26569,60,No,Mortgage,0
27,629255,603503,742,4,1,28900,60,No,Mortgage,0
44,909956,1317625,637,17,0,8312,36,Yes,Rent,0
56,752155,453249,537,20,3,37729,12,Yes,Mortgage,0
44,1013472,483093,676,23,2,11774,24,No,Rent,0
34,913360,54111,615,12,2,28396,60,No,Mortgage,0
65,150374,68794,675,24,1,15717,24,No,Mortgage,0
59,669781,50000,801,7,3,17716,60,Yes,Own,0
55,657023,849865,667,7,0,14437,60,No,Own,1
25,900629,851137,665,2,0,6230,36,No,Mortgage,0
60,154391,50000,850,10,3,30934,36,Yes,Rent,0
36,780282,492995,784,8,0,31556,36,No,Own,0
53,523167,348618,691,29,2,8356,60,No,Own,1
65,707087,603576,616,0,3,35394,48,No,Rent,1
30,845102,678011,671,13,3,24187,60,No,Own,0
48,452736,256353,841,2,1,15157,12,No,Rent,0
31,909727,461347,571,11,3,39806,36,No,Rent,0
35,1334486,765375,591,16,4,34497,36,No,Own,0
39,318559,301040,621,8,3,44736,48,No,Own,1
64,329948,545922,608,4,0,15278,24,No,Own,0
25,555356,588119,555,2,5,34616,60,Yes,Mortgage,1
33,428809,224372,658,12,3,10917,60,No,Rent,0
52,344854,470632,700,13,1,31456,36,No,Rent,0
41,204116,494491,795,17,2,13266,48,No,Mortgage,0
49,645766,816396,723,13,5,32863,84,No,Rent,1
65,160202,443144,768,2,3,31611,36,No,Rent,1
43,444408,133312,679,4,3,24137,36,No,Rent,0
58,1249912,689170,647,12,5,38944,60,No,Rent,0
65,1046729,464559,805,16,2,22394,36,No,Mortgage,0
53,794906,699650,770,14,3,31891,60,No,Rent,0
58,203155,64848,850,7,2,27497,36,Yes,Rent,0
34,1398550,561513,605,16,0,23440,36,No,Mortgage,0
53,182549,376030,843,19,1,20301,36,No,Own,0
32,273951,1174756,736,11,4,21407,48,No,Own,1
24,683745,50000,779,5,2,29930,36,No,Own,0
50,185103,695618,724,10,1,8033,60,No,Mortgage,1
44,720923,522022,605,12,2,21177,36,No,Rent,0
35,291944,775976,620,17,4,43995,36,No,Mortgage,1
21,693652,365351,593,5,4,31552,12,No,Rent,1
31,793452,637328,844,10,1,23723,60,No,Rent,0
33,300668,52920,813,15,4,27043,48,Yes,Mortgage,0
38,1153335,419013,687,18,4,41251,36,No,Mortgage,0
57,769733,362484,486,12,5,44750,36,No,Own,0
58,278264,456144,642,29,4,28638,36,No,Own,1
41,660350,508514,752,18,3,30715,12,No,Rent,0
27,920853,860886,480,7,0,23587,60,No,Own,1
30,849570,705130,692,10,3,22044,60,No,Own,0
55,910005,440557,699,17,3,18899,24,No,Rent,0
28,533448,1045883,566,13,1,0,36,No,Rent,1
44,581971,50000,699,15,4,40872,60,No,Mortgage,0
55,988587,460443,581,4,4,45539,36,No,Mortgage,0
47,673894,961578,572,18,0,13070,60,No,Mortgage,1
50,624646,412959,769,7,1,37432,12,No,Mortgage,0
21,679856,431838,726,1,4,17348,36,No,Own,0
60,993765,76019,665,4,3,26746,24,No,Mortgage,0
42,1563045,897602,787,21,4,26413,36,No,Own,0
45,520681,256591,841,5,0,14270,12,No,Rent,0
27,855564,584727,827,7,4,40033,36,No,Rent,0
59,698984,785901,701,25,3,22900,36,No,Rent,0
45,219698,236080,804,23,3,36577,60,Yes,Rent,0
24,150000,651645,668,8,5,34587,48,No,Rent,1
23,1302807,711514,619,0,5,26717,60,No,Own,0
40,1344786,684963,582,23,2,34817,48,No,Mortgage,0
23,377965,1127956,754,6,0,7150,60,No,Mortgage,1
40,1127396,173695,790,16,4,35785,24,No,Own,0
59,803899,332179,740,17,3,31217,24,No,Own,0
25,605136,356929,497,11,3,12275,24,No,Rent,1
59,417527,383097,628,10,0,654,60,No,Own,0
36,1425587,822235,695,21,1,48185,36,No,Mortgage,0
64,871556,422991,596,25,3,22398,24,No,Own,0
62,572135,1021103,802,9,2,25510,36,No,Mortgage,0
26,1119835,50000,564,3,0,20317,60,No,Own,0
35,442044,163545,787,19,1,11257,36,No,Rent,0
51,588369,626927,761,27,5,32831,36,Yes,Mortgage,0
59,350673,51260,631,22,1,12847,60,No,Rent,0
22,750593,745940,638,6,4,13174,60,No,Rent,1
32,1326535,649622,700,11,0,2940,60,No,Mortgage,0
39,1258656,534218,740,18,5,26653,48,Yes,Rent,0
65,675362,546733,611,25,3,57333,36,Yes,Rent,1
34,776713,573443,581,5,1,13591,60,No,Mortgage,0
21,858389,976311,579,2,2,7732,60,No,Rent,0
60,471855,384543,729,10,2,18958,24,No,Own,0
40,1010537,233196,595,23,2,33507,60,No,Own,0
21,1430210,441881,663,7,4,41587,12,No,Own,0
38,367274,1144283,771,5,1,15038,36,No,Own,0
56,755648,492143,714,0,5,41231,60,Yes,Rent,0
23,849720,554405,706,7,3,33729,36,No,Mortgage,0
34,315452,952379,580,11,5,25792,36,No,Rent,1
63,1036840,818120,637,24,5,22122,24,No,Own,0
62,576799,778695,728,23,1,24838,36,Yes,Own,0
35,1077013,469067,645,13,5,44191,36,Yes,Rent,0
59,189632,1012267,545,1,1,7096,24,Yes,Own,1
60,307628,907463,738,19,1,8328,60,No,Mortgage,0
64,1095760,919536,642,11,5,32650,60,No,Mortgage,0
33,176064,675465,705,3,4,10277,60,No,Rent,1
33,416047,419492,675,9,0,360,36,Yes,Own,0
49,920274,442382,623,11,5,35605,48,No,Rent,0
36,690036,50000,614,21,0,865,84,Yes,Own,0
33,905742,83319,485,15,3,20477,24,No,Own,0
25,945397,914902,840,9,3,15943,60,No,Own,0
23,509684,962693,628,3,1,20807,36,No,Rent,1
38,1456313,531279,709,17,0,6791,48,No,Rent,0
31,1144667,619143,714,4,3,27395,36,No,Own,0
24,550151,840192,414,3,4,16409,48,No,Rent,1
30,376404,349658,604,11,3,35181,84,No,Mortgage,1
54,947335,265530,685,23,2,25778,12,No,Mortgage,0
27,515986,980998,671,1,1,13757,12,No,Own,1
41,192103,142226,418,1,0,9260,36,No,Own,0
60,936419,652988,502,4,1,9096,60,Yes,Mortgage,1
47,602377,88744,806,25,2,10360,24,No,Rent,0
57,609078,834197,850,11,4,48982,36,No,Own,0
33,1327582,50000,830,16,2,35287,36,No,Mortgage,0
36,676489,1174974,765,15,2,28318,24,No,Rent,0
61,150000,678441,645,28,4,41683,24,No,Rent,1
32,847489,1363305,662,7,3,14425,60,No,Rent,0
65,1237266,814805,586,8,2,28841,60,No,Rent,0
63,155003,377170,546,5,1,0,60,No,Rent,1
61,697246,201306,584,13,1,20980,24,No,Rent,0
54,352545,1045664,622,5,0,18287,24,No,Own,1
53,965896,671452,628,19,0,777,60,No,Rent,0
33,957741,555392,735,8,0,15157,24,Yes,Rent,0
41,696875,50000,627,26,2,16531,12,No,Rent,0
33,567489,247157,774,14,5,28447,60,No,Own,0
42,349508,813953,597,3,5,49042,60,No,Rent,1
36,591418,58877,735,21,3,36062,60,No,Own,0
35,959799,846231,691,9,2,19158,24,No,Mortgage,0
55,982501,591575,658,6,2,14939,60,No,Rent,0
55,178690,308878,681,26,1,4908,48,No,Mortgage,0
50,1083696,632998,667,9,3,31466,36,No,Mortgage,0
35,158534,742602,746,10,3,29494,60,No,Rent,1
61,188854,387843,785,26,4,25040,60,No,Own,1
57,740192,255091,617,13,1,23892,24,No,Rent,0
60,500405,777622,577,6,1,20750,36,No,Mortgage,0
24,1312600,534062,714,1,0,9448,48,No,Rent,0
57,1050336,873253,657,8,4,23570,48,No,Rent,0
21,920135,850777,715,3,3,25682,48,No,Rent,0
58,736489,286125,727,2,5,50249,84,No,Own,0
45,1554726,897167,613,25,1,31758,36,No,Mortgage,0
52,1091942,229237,504,26,3,10480,36,No,Mortgage,0
47,1377055,541259,780,2,5,32953,60,No,Own,0
44,940332,1382402,642,15,0,1672,36,Yes,Rent,0
58,474659,330631,659,0,3,35546,60,Yes,Own,0
31,245294,476154,603,12,2,7427,36,No,Rent,0
21,841820,282969,693,2,3,35799,84,No,Mortgage,0
45,815203,923216,662,23,4,27609,60,No,Rent,1
25,362736,376855,665,4,5,24022,36,No,Rent,0
35,1716283,512537,534,21,3,30126,24,No,Rent,1
44,652741,167630,742,0,5,24498,48,No,Mortgage,0
41,395237,103909,654,18,3,36260,36,No,Rent,0
63,1184679,877904,617,22,4,18481,24,No,Own,1
50,353566,458935,850,22,2,18751,60,No,Mortgage,0
43,594148,374314,698,16,1,37222,48,No,Rent,0
54,1282981,1125876,757,28,4,27049,36,No,Mortgage,0
49,812605,373764,620,30,4,37684,36,No,Rent,0
38,843392,920718,378,7,1,13404,60,No,Rent,1
52,1365595,196574,676,27,4,21903,60,No,Rent,0
44,1151658,877858,693,15,2,26717,24,No,Rent,0
45,1214986,489103,720,14,1,26277,24,No,Rent,0
36,150000,749773,792,4,5,37566,60,No,Mortgage,1
33,795408,765904,450,20,0,0,48,No,Mortgage,1
33,650887,743868,571,16,3,8906,36,Yes,Mortgage,1
28,694880,61511,653,14,5,52354,24,No,Mortgage,0
60,869385,648907,521,17,3,21469,48,No,Rent,1
65,435116,99849,697,15,2,10883,36,No,Own,0
43,687469,560071,675,14,2,20043,36,No,Own,0
22,440304,1229292,651,0,5,24824,48,No,Own,1
63,509532,429316,809,22,0,9009,60,No,Rent,0
33,204284,635275,621,15,3,15372,60,No,Own,1
32,150000,75376,702,7,2,19269,48,No,Mortgage,0
48,724463,50000,654,24,2,38070,36,No,Mortgage,0
43,981985,613166,533,15,4,49953,60,No,Own,1
58,796420,874992,609,0,0,3917,12,No,Mortgage,0
40,377474,350344,744,11,4,13793,24,No,Own,0
35,884276,429296,451,11,2,13354,36,Yes,Own,0
63,403742,282200,743,13,4,16888,48,No,Mortgage,0
58,175581,1064323,568,0,1,17867,24,Yes,Rent,1
51,971647,787428,714,12,3,27737,48,No,Own,0
44,860862,660603,657,13,1,42519,36,No,Mortgage,0
49,441929,615534,634,28,2,26035,84,Yes,Own,0
27,955779,890585,495,10,3,28849,60,No,Rent,0
21,205187,160127,613,5,0,7123,60,No,Own,1
44,709418,496116,495,11,4,31195,48,Yes,Rent,1
48,1180589,458575,576,2,1,12269,48,No,Rent,0
57,640026,851578,651,3,1,11994,60,No,Own,0
53,1390366,1169041,655,17,4,18236,60,No,Rent,0
58,654866,157222,642,27,5,28439,84,No,Rent,1
58,216062,576115,649,30,1,5390,60,No,Mortgage,1
32,888945,50000,684,15,1,9167,48,No,Rent,0
50,722072,68936,665,27,2,40415,36,No,Mortgage,0
28,510989,738282,789,8,3,48609,12,No,Mortgage,0
60,830819,996430,643,15,3,23296,24,No,Rent,0
50,150000,572812,766,11,1,29858,36,No,Mortgage,1
63,876436,570160,720,21,1,8335,24,No,Rent,0
51,1228886,67108,680,7,3,18124,84,No,Own,0
52,557233,1194976,571,9,5,22899,60,Yes,Rent,1
42,686082,488427,758,16,5,33723,12,No,Rent,0
22,422134,810717,844,2,2,16625,60,No,Own,0
47,508211,282836,648,10,0,19506,60,No,Rent,0
57,150000,329515,690,6,3,31896,60,No,Mortgage,1
49,661638,300722,773,13,2,19603,48,No,Mortgage,0
28,1282963,651800,704,12,0,2897,60,No,Mortgage,0
24,182290,86234,716,3,3,36089,60,No,Own,0
53,946910,438604,479,12,2,16690,12,No,Rent,1
57,943863,76544,680,10,2,25171,24,No,Mortgage,0
50,675894,50000,750,22,3,26328,36,Yes,Own,0
47,377352,1073760,677,26,3,28253,48,No,Mortgage,1
48,187245,237347,606,24,4,16000,60,No,Rent,1
25,734055,74535,798,10,4,24632,36,No,Own,0
65,648519,310524,473,13,3,26604,24,No,Own,0
51,463979,868086,693,17,3,15274,60,Yes,Own,1
49,1152157,1011091,659,32,5,43669,48,Yes,Own,1
44,150000,120210,420,1,0,8975,36,No,Own,1
35,998982,260400,711,13,0,0,60,No,Rent,0
36,889823,804522,651,9,2,23289,60,Yes,Rent,0
41,953686,93548,646,5,2,18702,24,No,Mortgage,0
45,502377,424070,719,22,5,25702,60,No,Own,0
54,530657,594372,653,25,2,8747,60,No,Rent,0
50,773652,50000,738,6,0,16933,60,No,Own,0
53,1137651,50000,695,31,5,32845,48,No,Rent,0
51,292134,173127,604,13,5,44594,48,No,Rent,0
30,1505364,872717,619,13,4,22979,84,Yes,Rent,1
41,1007011,315265,650,10,5,29671,60,No,Own,0
65,467134,170495,768,20,5,36570,60,Yes,Own,0
29,356683,672628,589,4,3,40892,60,No,Own,1
52,937643,942096,676,4,2,10974,12,No,Rent,0
52,532816,854533,606,19,4,29894,24,No,Mortgage,1
50,591969,366423,585,12,2,28523,60,No,Rent,0
48,812244,427803,615,28,4,38111,36,No,Rent,0
21,1139799,382446,632,3,3,23340,84,No,Own,0
42,796968,355205,432,2,3,24841,60,No,Own,0
65,563499,729766,619,4,5,42897,60,No,Mortgage,0
58,953317,770550,596,29,0,7745,48,No,Rent,0
45,706079,1078187,725,24,5,36095,36,No,Rent,1
50,848362,564274,705,16,0,0,24,No,Mortgage,0
28,535119,332911,669,10,4,36178,48,No,Mortgage,0
39,681491,290637,597,0,4,28325,60,No,Mortgage,0
54,1078243,440345,704,7,3,14194,12,No,Mortgage,0
58,1303667,664224,632,12,1,19230,48,No,Rent,0
28,720567,356485,656,11,5,37934,60,No,Mortgage,0
22,719747,50000,723,3,4,15853,60,No,Own,0
26,753316,56481,652,0,5,12968,48,No,Rent,0
49,746760,276802,691,29,1,9141,24,No,Mortgage,0
55,777059,241363,687,15,4,15616,60,No,Mortgage,0
53,502599,182277,458,7,2,7729,48,No,Rent,0
28,739703,679815,764,9,5,32501,60,No,Own,0
36,610695,89995,788,0,4,43021,36,No,Rent,0
51,900850,680589,709,1,2,25656,12,No,Mortgage,0
50,150000,223340,606,23,5,8294,60,No,Rent,1
39,256798,50000,720,17,0,11206,24,Yes,Mortgage,0
25,504011,541774,695,10,3,6265,60,No,Rent,0
51,1235556,369211,670,0,0,13702,60,No,Rent,0
42,1295397,864630,728,20,0,18742,60,No,Mortgage,0
35,842216,791331,637,19,4,16150,60,No,Own,0
45,1269433,366515,710,25,2,29797,60,Yes,Mortgage,0
32,600428,376811,767,10,4,14949,60,No,Rent,0
27,772090,1323808,672,4,4,16194,60,No,Rent,0
32,721824,953191,527,14,5,34532,36,No,Mortgage,1
38,363318,66496,633,12,3,17224,36,No,Rent,0
24,978820,300019,665,1,2,20779,84,No,Own,0
29,587059,732110,590,9,2,14147,12,No,Mortgage,1
25,444496,350581,822,9,1,16928,36,No,Rent,1
22,630949,829719,416,6,5,18631,48,No,Rent,1
48,752591,70558,749,10,0,16094,60,No,Own,0
39,660195,50000,608,18,0,719,84,Yes,Own,0
52,580713,764252,676,19,2,20922,48,No,Own,0
28,487541,569085,630,17,5,31437,24,No,Own,1
30,484240,913723,624,11,2,33647,60,No,Rent,1
34,731269,1263072,687,14,2,15983,60,No,Own,0
42,283524,972591,764,3,2,18159,48,No,Mortgage,1
58,570491,464045,561,18,1,16896,84,No,Mortgage,1
54,685012,491651,717,17,0,3766,24,No,Rent,0
30,816883,1347202,682,4,2,16882,60,No,Rent,0
35,522385,371415,798,18,4,40836,60,No,Mortgage,0
62,1133346,628117,624,24,5,28968,36,Yes,Mortgage,0
55,753352,50000,661,25,1,23639,12,No,Own,0
30,826727,677738,835,10,2,18342,60,No,Rent,0
64,558384,50000,497,22,0,20300,60,No,Mortgage,0
36,949266,718184,599,19,1,15828,36,Yes,Rent,0
44,566477,52632,677,16,0,24926,24,No,Mortgage,0
62,441908,1286666,719,7,3,25156,36,No,Rent,0
26,922536,480583,761,10,3,16557,84,No,Own,0
33,1288124,809288,622,12,3,31522,36,No,Own,0
54,1341836,490242,535,25,5,30784,60,No,Rent,0
35,150000,737577,756,13,2,22852,60,No,Rent,1
40,1535634,861460,767,24,3,25257,36,No,Own,0
61,589991,587083,592,29,5,33767,36,No,Own,0
39,321280,673853,576,23,3,39644,60,Yes,Rent,1
51,336691,812523,688,10,3,38102,60,No,Mortgage,1
64,1255175,1011127,620,0,5,29515,60,No,Own,0
27,1290796,183665,713,7,5,29632,60,No,Own,0
25,685536,807275,702,5,2,25937,48,Yes,Rent,0
29,236174,750896,518,15,0,37689,60,No,Mortgage,1
25,718987,653796,848,6,2,1806,36,No,Mortgage,0
57,866243,678787,659,15,0,0,24,Yes,Own,0
38,312953,766425,731,4,3,47751,60,No,Rent,1
63,581573,982973,816,29,0,13196,60,Yes,Rent,0
36,672896,276911,617,19,3,22851,60,No,Own,0
39,953793,392876,643,5,2,15626,36,No,Own,0
44,182453,419209,733,22,5,13994,36,No,Mortgage,1
47,225047,862395,598,21,0,19952,36,No,Rent,1
60,385069,437206,671,24,3,22922,36,No,Own,0
45,1197797,315600,697,5,3,24214,12,No,Own,0
47,671147,94762,662,31,2,16841,60,Yes,Mortgage,0
33,912495,50000,651,15,2,17124,60,No,Mortgage,0
48,724844,777796,573,30,3,36833,60,Yes,Own,1
52,355984,576315,692,16,3,35212,36,No,Own,0
64,673733,483507,636,26,3,55135,36,Yes,Rent,0
33,1057084,800679,722,9,4,39831,24,Yes,Mortgage,0
52,932807,152023,737,11,0,28525,36,No,Rent,0
21,300685,1303365,692,0,5,28598,60,No,Own,1
35,766631,667800,611,11,2,3274,36,No,Rent,0
65,692836,644948,780,17,1,1810,24,Yes,Rent,0
47,563323,148325,560,30,3,18801,48,No,Mortgage,0
35,292691,392640,611,11,0,10553,36,No,Rent,0
49,1172199,688544,559,15,3,30031,60,Yes,Rent,1
22,688848,50000,789,0,1,1721,36,Yes,Mortgage,0
21,229749,205727,606,5,1,4837,60,No,Own,0
24,295850,50000,560,3,4,37194,12,No,Rent,1
41,779448,982627,677,16,2,42904,36,No,Mortgage,1
38,567097,1077267,608,7,4,15831,60,No,Own,1
44,240147,478633,797,21,4,14426,48,No,Mortgage,0
58,929944,395396,672,10,5,26847,36,No,Mortgage,0
34,754768,789733,558,13,3,22202,48,No,Rent,1
31,928146,500974,688,3,2,30237,60,No,Rent,0
52,661440,846652,824,22,2,20208,24,No,Mortgage,0
24,636574,50000,813,8,4,32716,36,No,Own,0
58,274077,50000,752,12,0,27722,36,No,Rent,0
51,1124362,166703,820,22,1,31561,48,No,Mortgage,0
38,916817,327591,850,12,3,26894,36,Yes,Own,0
65,553466,74002,478,22,1,25272,60,No,Mortgage,0
61,697435,178695,647,13,1,21839,24,No,Rent,0
33,605578,423903,687,7,4,16083,36,No,Mortgage,0
53,216600,667688,792,19,2,21763,60,No,Rent,1
36,932905,635748,654,4,4,32188,84,No,Rent,0
44,351585,394451,562,21,1,16973,48,No,Mortgage,0
48,561159,1003094,648,3,4,25756,60,No,Rent,1
31,469706,576733,625,14,5,23022,24,No,Own,0
49,883014,122043,796,9,1,28735,36,No,Rent,0
44,383140,51970,669,0,2,9439,84,No,Own,0
61,1063147,850640,522,20,4,36754,36,No,Own,0
58,1140873,754108,747,26,3,37897,36,No,Rent,1
61,636648,500200,501,20,1,17825,36,No,Rent,1
28,763563,84570,778,8,3,31530,36,No,Own,0
47,813485,704498,703,24,0,9859,36,Yes,Rent,0
29,722056,426621,643,11,4,35050,60,No,Mortgage,1
29,926719,283767,760,9,1,1647,36,No,Rent,0
47,643134,53281,598,10,4,24877,60,Yes,Mortgage,0
59,584710,132928,724,9,0,10634,36,No,Rent,0
31,460353,1557020,616,15,5,29297,60,No,Mortgage,1
64,983385,585392,687,16,3,32809,48,Yes,Mortgage,0
48,1055630,455694,655,1,2,19373,36,No,Own,0
56,759049,858527,602,2,0,10007,12,No,Mortgage,0
59,1264754,607691,850,17,2,28543,60,No,Mortgage,0
42,650299,333352,493,25,2,15068,12,No,Mortgage,0
53,162244,616230,635,14,3,22557,36,No,Own,1
43,361241,652550,597,21,3,38177,60,Yes,Rent,1
29,909996,50000,816,12,5,27516,60,No,Rent,0
31,894960,128181,626,12,3,13684,60,No,Mortgage,0
31,1012386,921272,677,13,4,18481,36,Yes,Mortgage,0
40,743994,681167,835,16,0,13390,60,No,Rent,0
49,1340815,721865,824,12,2,22473,36,No,Own,0
29,1110779,674846,483,13,1,16850,48,No,Own,0
42,216035,90489,743,15,4,13521,84,Yes,Own,0
37,941216,257748,691,13,1,606,60,No,Rent,0
38,304437,722603,651,18,5,46846,36,No,Mortgage,1
65,1132805,58710,610,23,5,40704,36,No,Mortgage,0
53,668588,848680,644,28,4,12107,36,No,Own,1
47,740019,778852,711,13,5,39709,84,No,Rent,0
52,469480,316858,653,18,1,19901,12,Yes,Mortgage,0
24,323488,636810,582,7,2,30157,36,No,Rent,1
62,739947,954119,656,25,2,26539,24,No,Rent,0
32,160182,583479,772,11,3,20636,12,No,Rent,1
42,764310,911544,669,11,1,15520,36,No,Rent,0
38,988942,904107,684,11,3,26055,24,No,Mortgage,0
22,150000,335285,672,7,3,27674,12,No,Mortgage,1
38,1136367,363456,771,6,5,24710,48,No,Rent,0
26,865073,563423,587,1,3,29118,24,No,Rent,0
30,1058641,77137,761,8,1,12331,60,No,Mortgage,0
43,340514,292142,533,28,2,9118,24,No,Rent,0
42,1066969,89077,679,4,0,15635,36,No,Mortgage,0
55,694760,749603,640,11,4,40763,60,Yes,Own,0
36,226079,53717,791,19,3,21816,48,Yes,Mortgage,0
60,150000,451560,598,23,2,13787,60,No,Rent,1
25,600977,631679,730,10,3,19845,12,Yes,Mortgage,1
62,848643,265223,712,14,1,16594,36,No,Rent,0
45,1116290,676714,546,19,5,33420,48,No,Own,0
63,734664,598961,621,2,2,38394,48,No,Rent,0
49,609800,753870,750,12,5,38922,84,No,Rent,0
63,628615,192235,622,8,3,40424,84,No,Mortgage,0
23,552847,1001656,690,2,0,14587,12,No,Own,0
45,841450,69348,613,25,1,247,36,No,Rent,0
39,456891,322017,630,11,5,25865,24,No,Mortgage,0
50,531324,187597,694,14,3,15150,24,No,Mortgage,0
65,324656,715009,581,6,3,39799,24,No,Own,1
49,618864,50000,810,2,1,15334,12,No,Own,0
54,199460,666844,681,8,0,13184,24,No,Own,1
52,965142,515986,590,22,2,23950,48,No,Rent,0
55,1131314,50000,758,32,5,33216,48,No,Rent,0
28,1244096,200815,669,7,5,34193,60,No,Own,0
23,643816,818978,800,7,1,28900,60,No,Rent,0
62,426306,220787,568,0,1,16067,60,Yes,Own,0
45,900563,332226,850,14,3,31854,36,Yes,Own,0
58,1239508,226609,702,16,2,40019,60,No,Rent,0
54,180907,311996,710,25,0,14903,60,No,Mortgage,1
55,541373,825479,659,31,2,16553,36,No,Own,1
49,473275,397412,790,25,1,8056,24,No,Mortgage,0
24,431557,940790,675,3,2,12559,12,No,Own,1
59,266985,843744,798,17,4,33138,48,No,Rent,1
62,449574,377832,721,10,1,12556,24,No,Own,0
24,780623,231639,721,4,0,8534,60,No,Rent,0
62,1043352,501867,642,17,0,7759,36,No,Mortgage,0
38,817299,820253,587,20,0,10864,84,No,Own,1
35,305333,697592,717,3,3,45094,60,No,Rent,1
25,1039953,50000,771,9,4,28946,60,No,Rent,0
46,416123,297963,637,22,4,15170,60,No,Rent,0
23,498442,1365316,663,5,3,19483,36,No,Own,1
51,725630,437422,821,12,1,5775,36,No,Rent,0
62,401025,499112,766,22,0,3450,36,No,Rent,0
25,547081,640675,618,8,4,47173,60,No,Own,1
60,209657,558316,768,28,2,25175,48,Yes,Rent,1
23,634583,252076,609,1,3,14526,48,Yes,Mortgage,0
53,624694,651747,599,29,4,27881,24,No,Own,0
54,517204,597288,834,14,2,19849,60,No,Rent,0
31,1556932,877808,616,13,5,32259,84,Yes,Rent,0
35,354037,454849,569,19,1,28675,36,No,Rent,0
51,935756,741621,751,13,3,26448,48,No,Own,0
47,161151,707769,753,23,3,45558,12,No,Rent,1
63,155079,506409,762,25,2,24059,48,Yes,Rent,1
21,212828,606631,569,3,3,18285,36,Yes,Rent,1
59,638169,518883,682,15,0,6327,60,No,Rent,0
21,753036,482689,641,4,3,22016,48,No,Mortgage,0
23,1125906,1008560,749,4,3,30140,36,No,Mortgage,0
28,864717,385947,731,5,5,19570,84,No,Own,0
47,157268,220649,793,19,0,11539,24,No,Own,0
45,646750,614120,464,19,5,33144,36,No,Rent,1
62,352546,88903,650,25,1,13735,60,No,Rent,0
27,1039312,598158,569,11,0,25031,48,Yes,Rent,1
55,542507,888964,625,26,2,20244,36,No,Rent,0
53,650044,50000,596,18,5,17376,60,No,Mortgage,0
45,1012385,50000,849,26,4,25501,84,No,Rent,0
43,563910,1000520,569,19,4,39372,60,No,Mortgage,1
21,729345,523037,670,4,0,31484,36,No,Mortgage,0
21,656460,797976,696,7,2,26461,48,Yes,Rent,1
46,609966,767246,689,17,4,31679,36,No,Rent,0
51,714409,98722,743,11,1,19634,60,No,Own,0
32,788479,577063,653,17,4,42278,36,No,Mortgage,0
21,1054997,1073280,771,1,3,30399,36,No,Mortgage,0
58,1133469,786268,728,26,4,34713,36,No,Rent,0
21,793905,332795,708,3,3,33064,84,No,Mortgage,0
29,1194717,837690,652,11,3,39747,24,No,Rent,0
38,827471,591842,607,9,0,10947,60,No,Rent,0
21,632975,361866,698,5,5,12979,36,No,Own,0
32,1008976,374766,662,13,4,37582,36,Yes,Rent,1
51,665391,271740,548,17,4,49135,36,No,Mortgage,0
45,379435,458398,633,12,2,22536,36,No,Mortgage,0
41,947013,390614,554,14,1,15828,36,No,Rent,0
21,186685,874859,556,4,5,39253,36,No,Rent,1
40,1222840,50000,800,28,3,11592,48,No,Rent,0
45,687774,445811,746,18,2,6436,60,Yes,Rent,0
56,1178368,735351,588,20,4,37689,60,No,Rent,0
37,1731698,573830,558,20,5,26137,24,No,Rent,0
55,150000,456391,649,23,2,45173,60,No,Mortgage,1
31,751970,353426,642,17,3,23522,48,Yes,Rent,0
43,636177,917177,599,22,4,57291,24,No,Rent,0
24,1372574,250567,613,4,0,16667,84,No,Rent,0
62,1031620,957233,720,23,5,43207,48,No,Mortgage,1
60,869368,737431,522,1,0,6536,60,Yes,Mortgage,0
54,677903,265732,661,13,5,17210,60,No,Mortgage,1
50,753541,745230,617,31,3,33956,60,Yes,Own,0
62,997201,895071,626,22,4,40824,84,No,Rent,0
23,1005680,627404,734,4,4,26036,36,No,Mortgage,0
31,454802,50000,742,8,1,30735,48,No,Own,0
43,797258,1070418,762,16,4,31528,60,No,Mortgage,0
64,450411,174416,780,21,5,33127,60,Yes,Own,0
30,558461,150559,703,0,4,34637,60,No,Mortgage,0
22,1031254,50000,750,4,4,20315,36,No,Rent,0
42,669037,551718,714,20,3,22155,36,No,Own,0
59,327727,273453,673,4,4,37890,60,Yes,Own,1
56,300991,479754,774,3,3,18194,48,No,Rent,1
27,150000,521573,758,13,3,19885,12,No,Rent,1
57,756078,777001,700,24,2,25835,36,No,Rent,0
42,750870,1020492,631,11,1,24876,48,No,Mortgage,1
52,610686,649992,565,32,4,31398,24,No,Own,0
22,642762,79128,774,1,0,5719,36,Yes,Mortgage,0
51,873152,824359,728,12,3,31567,48,No,Own,0
56,372711,1066641,642,3,1,19445,24,No,Own,1
55,747667,993793,664,26,1,27417,24,No,Rent,0
47,446046,212835,635,8,2,16973,60,No,Rent,0
40,805054,71876,582,18,1,11727,12,No,Own,0
47,577054,284425,561,15,4,47340,36,No,Mortgage,0
25,1274672,129002,821,13,1,23928,60,No,Rent,0
37,471888,373470,820,15,4,46705,12,No,Mortgage,0
45,1222103,643479,709,2,2,1774,24,No,Own,0
65,697400,1336347,507,13,3,20889,36,Yes,Rent,1
48,441744,196970,546,25,1,41444,48,No,Own,0
65,1071086,455903,745,15,1,17161,36,No,Mortgage,0
33,461047,898393,597,14,4,28173,60,No,Rent,1
65,449267,514955,597,8,3,26555,60,No,Rent,0
29,926426,705658,681,15,2,20662,60,No,Own,0
33,714324,1129539,721,20,1,30469,24,No,Rent,0
36,432269,381240,758,12,3,24203,48,Yes,Rent,1
40,1354718,380593,678,18,5,35451,60,No,Rent,0
59,640177,477427,532,17,0,17786,84,No,Mortgage,0
32,393063,976751,569,10,3,30698,36,No,Rent,1
62,467255,348595,639,10,0,0,60,No,Own,0
23,419661,518262,850,6,3,36422,84,No,Rent,0
46,530255,760912,661,18,5,26995,36,No,Rent,0
49,570166,79772,716,23,4,11394,24,No,Rent,0
54,1006482,555053,591,33,3,18804,60,No,Mortgage,1
60,631827,800537,602,15,4,44344,60,No,Rent,1
30,647547,1040395,659,14,3,35876,36,Yes,Mortgage,1
51,275970,406540,850,24,2,20704,36,No,Own,0
30,760702,695072,708,3,5,29578,24,No,Mortgage,0
43,875407,961999,827,16,0,9391,84,No,Own,0
29,150000,99326,729,7,0,24156,48,No,Mortgage,0
21,659847,67425,706,4,3,15823,60,No,Own,0
30,1068133,87637,600,12,2,10996,48,Yes,Mortgage,0
50,943851,553044,557,25,2,20564,48,No,Rent,0
38,940502,568726,791,8,1,21737,24,No,Mortgage,0
60,915788,645740,679,14,1,24003,24,No,Mortgage,0
62,302347,706848,556,7,2,42962,24,No,Own,1
59,175560,413178,608,26,2,13280,60,No,Rent,0
63,921519,710979,746,9,2,5957,48,Yes,Rent,0
58,389749,1061012,623,6,0,17455,24,No,Own,1
57,384443,311273,730,13,3,17656,48,No,Mortgage,0
31,620422,431931,742,4,1,5172,48,No,Rent,0
65,658242,962494,833,24,0,6327,60,Yes,Rent,0
21,200218,257198,724,2,1,4727,36,No,Mortgage,0
64,208178,450667,772,8,3,30211,36,No,Rent,1
52,297468,1087211,850,3,4,28653,60,No,Own,1
24,1321973,634990,592,7,5,20810,60,No,Own,0
59,1241527,88809,655,23,5,39397,36,No,Mortgage,0
32,725109,1253889,669,13,0,16483,60,No,Own,0
45,422084,50000,711,0,0,12993,84,No,Own,0
58,607054,801226,662,11,5,45427,60,No,Rent,1
60,690298,50000,847,9,1,18765,60,Yes,Own,0
50,953810,131493,631,0,2,35881,84,Yes,Own,1
39,542344,183468,547,22,3,24959,36,No,Rent,1
42,448642,482022,694,29,4,33133,60,No,Own,0
57,150000,119024,841,9,0,31565,36,Yes,Rent,0
45,1057020,683913,568,15,4,39903,48,No,Own,0
43,167496,671154,736,25,2,42818,12,No,Rent,1
64,842398,926632,753,23,1,16089,36,No,Own,0
54,902746,301816,685,19,3,24206,12,No,Mortgage,0
52,595826,1098603,605,30,2,26912,24,No,Rent,0
38,734282,1219924,682,16,2,16240,60,No,Own,1
36,521353,387683,786,17,1,41691,60,No,Mortgage,0
54,791627,546693,514,19,5,35160,12,Yes,Mortgage,1
36,705804,1249577,684,14,1,12984,60,No,Own,0
32,1114100,876689,741,12,0,19239,60,No,Mortgage,1
33,536600,513511,685,5,5,43625,60,No,Mortgage,0
59,635573,106630,779,8,5,25415,48,No,Mortgage,0
35,1573740,87692,674,18,1,0,48,No,Own,0
30,1600584,1215695,623,0,3,28399,36,Yes,Mortgage,1
48,1244684,714452,692,20,4,30849,48,No,Mortgage,0
41,266612,1096084,760,8,0,13403,36,No,Own,1
27,1308748,657730,674,11,0,3263,60,No,Mortgage,0
36,1068070,618492,835,13,0,9163,12,Yes,Own,0
61,473002,536698,755,21,1,3650,36,No,Rent,0
51,679385,381549,754,16,4,44129,60,No,Own,0
54,817627,450538,551,18,5,31846,12,Yes,Mortgage,0
39,1042684,470069,630,20,2,28197,36,No,Mortgage,0
52,570067,671979,591,1,2,21007,36,Yes,Rent,1
48,930474,387453,669,12,0,19524,60,No,Mortgage,0
23,503607,1037102,627,4,0,23883,36,No,Rent,0
21,582539,588519,619,4,2,31219,24,No,Mortgage,0
33,707762,684565,615,8,5,41171,36,No,Rent,1
23,895282,134347,723,3,1,12516,36,No,Rent,0
41,1167818,82566,744,11,2,10959,24,No,Rent,0
42,496483,977344,653,11,3,25792,48,No,Rent,1
38,937210,470063,771,11,1,22968,24,No,Mortgage,0
37,949068,586123,807,19,3,38697,84,No,Rent,0
46,1071686,485505,628,14,5,58088,36,No,Rent,0
63,1245019,70849,626,22,5,42736,36,No,Mortgage,0
42,714371,184352,637,10,3,17629,84,No,Rent,0
41,1333986,417474,689,16,5,34807,60,No,Rent,1
42,1291602,329141,652,22,4,33215,60,No,Rent,0
43,480235,1182879,684,29,5,26484,48,No,Mortgage,1
27,763501,239836,719,14,0,30163,48,No,Rent,0
47,620170,188451,739,14,3,14650,24,No,Mortgage,0
63,1178604,442628,452,16,0,10828,48,No,Rent,0
54,705846,592290,748,27,5,30789,36,Yes,Mortgage,0
31,1092748,470764,649,13,5,26005,60,No,Rent,0
56,910291,239428,828,5,3,39715,48,Yes,Mortgage,0
59,874915,212535,831,28,4,40788,36,No,Rent,0
44,506999,1322997,764,26,0,11935,60,No,Rent,1
35,1511960,585702,710,21,0,3675,48,No,Rent,0
50,1183809,967612,642,32,5,42721,48,Yes,Own,1
31,783462,870012,603,10,3,33731,36,No,Own,1
48,570575,799194,654,6,2,22110,36,No,Mortgage,0
65,299807,50000,605,18,2,976,36,No,Own,0
56,150000,293644,595,8,4,48719,84,No,Rent,1
44,398927,464985,598,15,3,21730,36,No,Mortgage,1
52,1251665,88361,695,26,2,36863,12,No,Rent,0
32,904149,558325,696,11,5,38560,60,No,Own,0
61,627381,50000,515,20,0,27108,60,No,Mortgage,0
29,283651,509362,720,13,5,35951,24,No,Rent,0
40,306576,1206805,767,10,0,15999,36,No,Own,1
56,1099565,108609,657,11,5,41543,48,Yes,Own,0
61,655369,948396,846,24,1,6553,60,Yes,Rent,0
38,487224,188367,459,16,1,18865,12,Yes,Mortgage,0
57,888763,850494,602,1,0,15240,12,No,Mortgage,0
24,746182,482676,683,6,1,33300,36,No,Mortgage,0
28,593353,502607,570,5,5,63570,60,No,Own,1
21,922330,792564,674,6,0,7294,24,Yes,Own,0
43,164633,668942,752,12,2,22773,12,No,Rent,1
37,163417,50000,640,15,5,27458,60,No,Rent,1
36,773825,535062,709,16,1,19087,36,No,Mortgage,0
52,912610,304576,745,18,1,5644,48,No,Own,0
33,890646,235701,714,18,0,519,60,No,Rent,0
47,689821,228654,758,12,1,12869,48,No,Mortgage,0
39,586968,504389,570,8,2,27623,48,No,Rent,1
41,973661,834933,533,18,3,22363,36,No,Mortgage,1
50,726872,486816,705,28,4,40355,36,Yes,Mortgage,0
58,150000,443078,761,10,2,13181,48,Yes,Rent,1
40,997948,328710,650,11,0,19749,60,No,Mortgage,0
34,561886,608932,645,7,3,11689,24,No,Rent,0
49,551674,64054,732,21,3,29622,36,No,Rent,0
42,290318,274412,516,25,2,9844,24,No,Rent,0
43,366784,176260,645,11,5,32739,48,No,Rent,0
51,738531,477178,771,17,1,24206,36,Yes,Mortgage,0
55,381544,439121,750,7,0,25689,36,No,Own,1
22,962025,563003,619,1,2,11272,60,No,Mortgage,0
57,1128312,830242,542,16,3,33672,36,No,Own,1
61,287468,401878,654,26,5,27245,36,No,Own,1
55,498163,1349295,760,18,5,32651,60,No,Mortgage,0
33,522875,371170,686,9,0,2266,36,Yes,Own,0
30,797035,1229490,554,7,2,22365,84,Yes,Mortgage,1
40,236199,785036,682,22,5,50086,48,No,Rent,1
53,433800,866111,774,23,1,25156,84,No,Rent,0
32,694954,59376,670,17,4,49455,24,No,Mortgage,1
46,661714,50000,820,2,1,21237,60,No,Mortgage,0
35,1023005,645292,772,14,0,6159,12,Yes,Own,0
41,611786,618141,665,28,0,14106,60,No,Rent,0
53,422150,431582,530,30,0,6996,48,No,Own,0
61,150000,363763,506,4,0,4531,60,No,Rent,1
42,1036577,338283,650,12,0,21793,60,No,Mortgage,0
57,306720,588777,628,28,1,6867,60,No,Mortgage,0
47,851786,58896,641,17,4,45399,24,No,Mortgage,0
45,1280020,851348,827,3,0,8106,36,No,Own,0
56,1286046,661863,838,27,2,21204,60,No,Rent,0
57,1192856,569866,668,30,0,17380,60,Yes,Rent,0
29,1102892,176206,581,9,1,6792,48,Yes,Mortgage,0
42,938534,50000,850,28,3,21333,84,No,Rent,0
41,812119,191866,762,18,1,17916,36,Yes,Rent,0
43,1008599,595659,573,10,5,43775,60,No,Own,0
50,519465,1235619,549,11,4,18577,60,Yes,Rent,1
45,352598,682067,749,23,5,42387,48,Yes,Rent,0
57,425302,531779,774,10,3,32798,60,Yes,Mortgage,0
49,652996,324736,655,29,1,12968,24,No,Rent,0
53,939077,1146398,693,31,1,14045,84,No,Own,0
55,1190973,589672,645,13,1,18113,48,No,Rent,0
55,531494,173784,638,28,5,9763,48,Yes,Rent,0
63,915535,557175,832,5,4,24373,36,No,Rent,0
31,969585,1005987,691,11,5,33323,84,No,Mortgage,0
45,1018723,1251877,658,9,0,20774,60,No,Rent,0
52,1092278,85909,615,26,3,14408,12,Yes,Rent,0
21,633380,50000,779,7,0,10072,36,Yes,Mortgage,0
23,494873,795134,637,3,0,6006,24,No,Own,0
51,1518811,934490,676,23,0,21825,24,No,Rent,0
51,150000,582100,765,16,5,27190,36,No,Mortgage,1
38,792501,50000,605,19,1,4513,84,Yes,Own,0
36,662377,79985,757,16,3,38847,60,No,Own,0
22,150000,324840,530,5,5,44859,36,No,Rent,1
37,440038,383081,652,14,2,15205,36,No,Mortgage,0
62,335282,50000,723,9,1,22622,36,No,Rent,0
61,786380,372882,714,18,1,30688,24,No,Own,0
58,789184,861476,553,12,0,12134,12,No,Rent,1
62,821449,952932,622,13,5,40275,60,No,Own,1
65,531782,215939,674,28,4,27983,12,Yes,Own,0
40,195785,50000,752,20,0,17773,24,Yes,Mortgage,0
56,578702,128297,628,28,5,15778,48,Yes,Rent,0
25,1137881,221291,805,8,0,35384,60,No,Rent,0
22,1160058,75093,777,4,4,18366,36,No,Rent,0
23,579581,773894,773,3,5,33707,60,No,Mortgage,0
28,1383443,656889,827,7,1,15547,60,No,Mortgage,0
39,922020,373988,570,18,1,21713,36,No,Rent,0
42,1060089,50000,698,7,1,13990,36,No,Mortgage,0
40,804733,99147,741,16,4,25951,12,No,Mortgage,0
55,370059,882609,786,26,2,24664,84,No,Rent,0
62,195542,761812,628,13,3,19399,36,No,Rent,1
62,744566,946203,609,9,5,40938,60,No,Own,1
26,500820,970299,676,1,1,12469,12,No,Own,1
47,1177368,185830,835,26,2,34342,48,No,Mortgage,0
41,762528,1043495,680,16,3,45951,36,No,Mortgage,0
30,150000,215329,679,15,2,25923,48,No,Mortgage,0
40,891468,622633,625,9,0,9593,60,No,Rent,0
34,414056,228567,634,10,2,7806,60,No,Rent,0
27,1087807,50000,697,12,5,14572,48,No,Rent,0
58,1025954,733114,697,14,2,21932,24,No,Mortgage,0
60,738671,380278,705,29,2,35593,60,No,Rent,0
38,710847,575370,746,5,4,14618,12,No,Own,0
45,600108,1018558,576,17,4,39872,60,No,Mortgage,1
49,636546,69548,783,24,3,29681,36,Yes,Own,0
31,1038171,67899,615,13,1,20313,36,No,Rent,0
37,922008,586115,814,20,4,39684,84,No,Rent,0
23,945348,64371,595,6,1,22139,60,No,Own,0
60,785314,980719,575,19,4,17074,36,No,Rent,0
51,1291255,708178,603,25,3,10484,60,Yes,Mortgage,0
63,1021413,336690,559,7,4,22995,36,No,Rent,0
58,734922,773322,550,10,0,14996,12,No,Rent,0
51,1149898,731754,631,30,2,17315,36,No,Mortgage,0
29,1211565,634445,670,13,5,20477,12,No,Rent,0
37,912180,267874,748,17,1,18084,36,Yes,Rent,0
40,390409,384564,715,1,2,37558,48,No,Mortgage,0
57,632437,50000,746,9,4,26652,48,No,Mortgage,0
60,945908,601758,691,14,3,32526,48,Yes,Mortgage,0
26,461421,1009732,705,1,4,35529,60,Yes,Own,0
56,798911,478542,816,20,0,0,48,No,Mortgage,0
52,382525,476102,841,25,3,21104,60,No,Mortgage,0
33,1257744,53741,588,10,4,25751,24,No,Own,0
64,500226,212182,668,30,4,29107,12,Yes,Own,0
30,766969,69151,790,9,2,36830,36,No,Rent,0
51,450493,212382,675,11,4,53875,60,No,Mortgage,1
29,1101949,711394,500,12,0,22033,48,No,Own,0
61,911340,202553,620,3,2,27900,84,No,Mortgage,0
30,415153,1574720,602,9,5,45362,60,No,Rent,1
35,735852,850829,574,18,0,8905,84,No,Own,0
57,616800,1454880,775,1,0,4526,36,No,Mortgage,1
63,795798,50000,642,6,1,17419,60,No,Rent,0
22,832200,714557,728,5,0,4466,36,No,Rent,0
52,155985,681999,664,23,5,23293,60,No,Rent,1
63,715819,976221,567,6,5,35825,60,No,Own,0
64,729249,234095,681,23,5,39606,48,Yes,Rent,0
56,270665,551693,637,25,2,8509,60,No,Mortgage,1
48,1156069,552048,588,6,0,14979,48,No,Own,0
61,962004,1014503,754,0,2,35855,36,Yes,Own,0
38,1072307,531355,822,7,1,22472,24,No,Mortgage,0
30,1569228,1163312,640,0,2,25381,36,Yes,Mortgage,1
39,412578,1010455,690,11,2,23178,48,No,Rent,1
34,1155945,890337,729,11,0,21561,60,No,Mortgage,0
32,789439,179678,693,16,1,35323,24,No,Mortgage,0
52,715053,822924,692,24,0,1677,12,No,Rent,0
63,744104,73533,591,22,3,32409,36,No,Rent,0
39,1535771,314277,684,18,1,19800,24,No,Rent,0
61,892875,757679,649,14,3,33607,60,Yes,Mortgage,0
32,843271,958368,684,12,5,37341,84,No,Mortgage,1
52,1125221,511767,711,4,3,18360,12,No,Mortgage,0
26,452001,448116,693,10,2,6242,60,No,Rent,0
36,1526555,306439,654,23,1,20021,24,No,Rent,0
61,1028527,701268,786,26,4,42381,36,No,Rent,0
61,215109,565117,699,10,0,19593,60,No,Rent,1
31,174157,731768,558,11,3,26245,60,No,Rent,1
41,1314351,380099,682,19,4,39391,60,No,Rent,0
21,823077,283358,665,0,4,31679,84,No,Mortgage,0
32,438066,820818,590,15,4,26183,60,No,Rent,1
26,642005,78143,764,9,3,27538,60,Yes,Rent,0
30,195564,106369,735,5,0,23026,48,No,Mortgage,0
41,1046885,626308,576,9,4,49629,60,No,Own,0
28,508386,314493,676,8,4,34525,48,No,Mortgage,0
49,885691,945710,703,5,4,39179,12,No,Own,0
61,1005354,962221,650,7,2,6598,84,No,Mortgage,0
35,661782,748181,602,22,3,30950,36,No,Rent,0
65,1156207,172382,762,7,5,36356,36,No,Rent,0
41,889996,865467,552,12,4,24572,12,Yes,Mortgage,1
40,150000,765175,794,3,5,34944,60,No,Mortgage,1
27,1067445,105171,765,14,1,20380,60,No,Mortgage,0
50,759529,406852,738,18,2,20635,60,No,Mortgage,0
31,770356,524405,680,10,1,12242,24,No,Mortgage,0
48,867735,615720,711,0,0,14677,60,No,Mortgage,0
27,631511,50560,665,14,3,41309,60,No,Mortgage,0
21,215753,283637,522,7,4,46943,36,No,Rent,1
36,933548,348351,645,20,5,22222,36,Yes,Rent,0
39,411384,134895,687,23,4,33293,36,No,Rent,0
61,472170,694656,753,26,1,13461,60,No,Rent,0
52,616865,659345,616,1,2,14966,36,Yes,Rent,0
56,480312,104631,798,7,5,40259,60,No,Rent,0
24,897096,207911,719,7,0,3813,60,No,Rent,0
30,1351550,778996,791,9,0,13188,60,No,Mortgage,0
53,1281063,824146,705,22,2,19777,24,No,Mortgage,0
48,1262612,825491,698,20,2,24736,24,No,Mortgage,0
37,261348,431213,568,17,2,25226,36,No,Rent,0
56,264932,903596,745,21,1,5435,60,No,Mortgage,1
65,1213964,955692,646,2,5,29370,60,No,Own,0
63,548818,50000,841,11,2,22542,60,No,Mortgage,0
53,956562,463651,548,11,0,16878,12,No,Rent,0
59,399158,251714,578,0,1,18704,60,Yes,Own,0
45,765271,444426,582,19,0,22980,60,No,Mortgage,0
49,349081,215519,628,13,3,43223,48,No,Rent,0
39,598529,198594,684,11,4,16527,84,No,Rent,0
28,462367,711149,765,11,4,39455,12,No,Mortgage,0
58,455354,513513,756,10,0,12448,60,Yes,Rent,0
29,806460,958302,690,14,4,38760,84,No,Mortgage,0
31,955809,449822,674,0,2,31699,60,No,Rent,0
63,873854,50000,643,4,1,13167,60,No,Rent,0
28,462137,889958,777,0,5,21364,84,No,Rent,0
53,154799,506594,655,24,3,45216,60,No,Mortgage,1
63,869393,554957,850,3,5,26189,36,No,Rent,0
24,602220,500781,640,4,2,18232,60,No,Rent,0
47,575858,679517,757,21,1,10619,60,No,Rent,0
28,1395037,380472,731,7,3,44941,48,No,Rent,0
65,317084,673790,762,10,0,13449,36,No,Mortgage,0
62,859028,620073,519,16,1,23672,48,No,Rent,0
44,196690,461563,747,22,4,15235,36,No,Mortgage,1
53,595446,625488,550,30,5,28478,24,No,Own,1
46,1271994,877284,822,3,2,9218,36,No,Own,0
43,1072899,693289,587,15,3,41895,48,No,Own,0
57,669865,50000,655,9,0,10019,36,No,Rent,1
21,684598,758656,850,5,2,828,24,No,Own,0
60,700903,802625,675,7,0,9865,60,No,Own,0
36,605515,488526,667,0,4,40238,60,No,Mortgage,1
51,964331,736682,667,22,0,12341,48,No,Rent,0
58,260960,74085,816,30,5,27570,24,No,Own,0
48,1147328,543222,554,7,0,18600,48,No,Own,0
38,216138,50000,764,0,4,29864,24,No,Mortgage,0
54,896981,448550,700,19,2,21940,24,No,Rent,0
48,764267,138350,684,24,4,27596,60,No,Rent,0
42,780655,541494,630,11,1,25027,36,No,Rent,0
32,413287,322988,595,19,0,4432,60,No,Rent,0
57,1341357,765460,626,23,5,35109,12,Yes,Rent,0
32,153841,196469,666,16,1,25785,60,No,Rent,1
45,1137454,514292,582,6,0,15484,48,No,Own,0
45,1153857,594591,772,13,5,32283,36,Yes,Mortgage,0
56,722200,827487,663,32,2,16954,36,No,Own,0
60,1066691,686153,602,25,2,16396,24,No,Own,0
38,282786,72708,660,0,3,36087,36,No,Mortgage,0
60,689455,748293,772,0,0,21637,24,No,Own,0
46,524059,274403,552,14,2,15390,60,No,Rent,0
60,898171,607829,671,17,1,5135,60,Yes,Mortgage,0
50,1347392,556278,650,13,4,20644,60,No,Rent,0
26,519926,471727,710,6,4,47825,60,Yes,Own,0
41,964839,406717,729,24,3,13119,24,No,Rent,0
62,754416,249223,474,12,0,9377,48,Yes,Own,1
45,883512,748707,652,13,2,40629,36,No,Mortgage,0
63,1068330,974396,675,14,4,31897,60,No,Mortgage,0
64,1083807,635726,795,1,3,43528,12,No,Mortgage,0
36,333950,473121,552,20,3,21195,36,No,Rent,1
46,766280,670635,482,21,4,36882,36,No,Rent,1
21,1159086,915949,791,5,4,16822,60,No,Rent,0
59,754418,741755,736,25,2,26622,36,No,Rent,0
38,383649,779147,612,17,0,0,60,Yes,Mortgage,0
40,567512,1020547,795,12,5,27288,36,No,Rent,0
33,382098,788529,774,11,0,12565,36,No,Own,1
42,1352450,826284,722,24,0,12578,60,No,Mortgage,0
51,437174,378434,711,14,2,30836,24,No,Own,0
56,693034,50000,644,29,0,24561,12,No,Own,0
25,654146,1027625,668,8,5,21346,60,No,Mortgage,1
31,622190,432804,772,14,3,16284,60,No,Rent,0
21,905690,902020,719,7,3,22438,48,No,Rent,0
46,612859,671574,835,23,3,18219,36,No,Rent,0
61,880893,1373338,728,11,5,45238,60,No,Rent,0
32,751897,712169,843,12,2,24268,36,No,Rent,0
33,775763,624656,833,11,0,13732,60,No,Rent,0
28,1200813,123617,766,10,2,30410,60,No,Rent,0
45,940654,50000,701,2,3,29396,36,No,Own,0
38,510679,385459,655,11,2,15617,36,No,Mortgage,0
43,1282341,587186,671,19,4,30353,48,No,Mortgage,0
30,1253959,50000,596,13,3,27145,24,No,Own,0
23,1259882,50394,826,0,4,16702,36,Yes,Rent,0
39,682282,303817,723,13,2,41863,36,No,Mortgage,0
38,397061,370052,692,17,5,10878,60,No,Rent,0
21,1389567,519375,659,3,3,37434,12,No,Own,0
44,975570,95170,850,30,2,20203,84,No,Rent,0
62,296827,774046,540,5,4,31127,12,No,Rent,1
62,1124640,1098288,691,33,0,17145,60,No,Rent,0
49,1197071,59410,697,17,1,17010,12,No,Rent,0
29,812246,50000,528,15,4,36609,60,No,Mortgage,0
64,796332,762389,789,0,0,23437,24,No,Own,0
25,1338956,575179,591,7,4,24108,60,No,Own,0
60,1079560,387559,656,10,5,27177,36,No,Mortgage,0
49,1120051,981363,627,26,5,40509,48,Yes,Own,1
38,1360725,288679,657,17,5,38255,60,No,Rent,0
28,1146718,368734,676,12,4,28513,12,No,Own,0
44,978641,873811,846,4,4,25694,84,No,Rent,0
34,740549,157872,769,13,2,30178,60,No,Own,0
34,150000,259638,567,2,3,26000,60,No,Rent,0
38,1132137,944127,606,17,4,25761,36,No,Mortgage,1
61,773930,303461,469,11,0,1731,48,Yes,Own,0
65,709154,375012,587,16,4,42711,48,No,Mortgage,0
59,150000,625388,705,6,0,18850,60,No,Rent,1
39,1376485,772088,601,23,4,30380,48,No,Mortgage,0
64,1023205,1059342,659,27,5,41127,48,No,Mortgage,0
49,422339,589049,776,4,1,3038,24,No,Mortgage,1
37,631631,123950,687,21,2,39883,60,No,Own,0
63,480961,50000,690,2,3,39258,48,No,Own,0
37,437977,762931,727,19,5,44167,24,No,Rent,0
34,767450,376098,690,15,2,24082,48,Yes,Rent,0
51,1416372,1237256,668,12,5,18429,60,No,Rent,0
21,1091846,50000,752,2,5,16195,36,No,Rent,0
50,339539,794600,562,11,3,33529,24,No,Own,1
37,908430,547454,682,18,0,7080,12,No,Mortgage,0
25,499275,1008748,579,10,1,1875,36,No,Rent,0
21,267039,203859,741,4,1,4773,36,No,Mortgage,0
62,203209,440367,694,27,0,12464,24,Yes,Own,1
33,664694,120900,531,13,4,39403,12,No,Mortgage,0
33,193136,208289,702,11,2,21741,48,No,Mortgage,0
46,372553,262595,649,14,2,29399,48,No,Rent,0
45,630516,1053189,568,0,5,38687,36,No,Mortgage,1
49,150000,336706,649,30,1,15277,60,Yes,Rent,1
48,709298,620898,658,8,2,24631,36,No,Rent,0
25,520113,456053,728,5,5,42963,60,Yes,Own,0
50,1315390,690391,813,10,3,29905,36,No,Own,0
45,999320,1379798,629,15,1,3411,36,Yes,Rent,1
41,657942,902059,632,25,5,60005,24,No,Rent,1
50,407896,660351,576,2,1,4236,24,No,Rent,0
28,1092867,165102,643,0,5,35608,36,Yes,Own,0
37,688483,690339,850,17,0,15809,60,No,Rent,0
59,845444,578917,660,30,0,21064,60,No,Own,0
27,881586,702144,702,6,3,25162,24,No,Mortgage,0
46,1096321,362475,470,15,1,36562,36,No,Rent,1
35,535025,415697,700,9,0,7536,36,Yes,Own,1
44,1062072,717427,556,17,4,40666,48,No,Own,0
33,514938,468770,850,17,3,34779,12,No,Rent,0
55,788835,442336,788,17,2,21557,36,Yes,Mortgage,0
27,464302,50000,533,6,2,50833,24,No,Rent,0
41,453033,463506,691,0,3,38180,48,No,Mortgage,0
39,477800,221965,700,16,3,10063,60,No,Mortgage,0
30,1285355,810485,615,16,4,34821,36,No,Own,0
61,876641,576323,632,28,0,17437,60,No,Own,0
55,824376,783427,709,7,0,24423,36,No,Mortgage,0
30,1052640,1005790,767,12,0,25174,48,No,Own,0
21,718895,457482,705,5,1,21906,12,No,Mortgage,0
49,1208552,468007,811,3,4,34156,60,No,Own,0
65,939022,930848,698,5,1,23137,12,Yes,Own,0
26,1269668,50000,815,0,5,20981,36,Yes,Rent,0
41,734852,50000,652,0,4,2070,60,No,Rent,0
22,160846,631639,705,6,4,31189,48,No,Rent,1
65,1152373,1050559,787,16,5,45783,36,No,Rent,0
44,1065281,879635,722,20,2,22911,24,No,Rent,0
42,1251840,308444,683,0,5,21924,12,No,Own,0
34,662343,300185,624,17,2,12486,60,No,Own,1
36,344824,382215,571,2,0,11193,48,No,Rent,1
47,1225166,730588,746,29,3,12059,48,No,Own,0
26,598834,772992,627,6,4,46758,24,No,Own,0
49,628139,528608,844,11,2,6589,36,No,Rent,0
42,365530,974800,784,2,0,25026,48,No,Mortgage,1
52,643351,644058,577,28,5,26844,24,No,Own,0
31,150000,188271,704,14,2,21588,48,No,Mortgage,0
40,362384,803614,629,21,1,25633,36,No,Mortgage,1
57,860028,577797,634,16,2,11287,60,Yes,Mortgage,0
42,226151,78836,737,15,1,7286,84,Yes,Own,0
42,788595,967159,685,24,5,30055,60,No,Rent,0
28,463198,83217,520,2,4,52494,24,No,Rent,1
41,1371276,818202,750,21,0,19694,60,No,Mortgage,0
63,1029038,623121,756,0,4,48304,12,No,Mortgage,0
48,1385234,244569,602,6,3,14761,60,No,Rent,0
21,904991,839127,711,4,3,21662,48,No,Rent,1
37,687886,596958,779,7,4,39126,36,No,Own,0
55,483880,577494,677,0,4,17023,48,No,Rent,0
31,1229629,69581,602,15,2,37349,12,No,Own,0
36,938369,484739,704,18,0,9601,12,No,Mortgage,0
42,345740,525639,639,0,0,21748,36,No,Own,1
65,895895,993678,624,3,2,12598,84,No,Mortgage,1
37,465269,780974,602,18,2,5585,24,No,Own,1
61,473602,204512,765,19,5,36333,60,Yes,Own,0
28,809234,257297,706,16,2,34055,24,No,Mortgage,1
51,1449777,1221096,662,19,5,17797,60,No,Rent,0
61,1008916,819341,547,3,5,40387,60,Yes,Rent,1
63,983712,432414,511,29,1,22215,36,No,Rent,0
44,740864,476583,772,20,0,24332,60,No,Own,0
62,464660,1290859,737,10,3,32787,36,No,Rent,0
41,1314291,788598,829,3,0,8288,36,No,Own,0
21,899248,133072,669,5,3,22792,60,No,Mortgage,0
51,965311,116689,631,3,1,39073,84,Yes,Own,0
35,839262,365476,714,14,2,16159,60,No,Mortgage,0
21,959591,550881,736,7,4,29501,84,No,Own,0
43,414694,51072,670,11,1,19367,36,No,Mortgage,0
48,150000,661983,688,10,3,12635,60,No,Mortgage,1
39,590690,57769,635,23,2,15801,12,No,Rent,1
56,918895,683667,671,15,0,0,24,Yes,Own,0
39,616568,709029,558,15,3,9657,36,Yes,Mortgage,1
28,869359,1349416,699,10,3,17740,48,No,Rent,0
53,618663,883285,625,5,0,8138,12,No,Own,1
53,485181,481064,803,23,3,14529,36,No,Own,0
39,755449,1107709,760,20,3,30050,24,No,Rent,0
55,419027,305066,564,26,2,38850,48,No,Own,0
25,678381,846746,838,1,2,33928,60,No,Rent,0
52,616112,410871,604,28,3,25587,36,No,Own,1
58,682102,457354,695,15,1,10918,60,No,Rent,0
38,460169,499169,642,21,3,26538,24,No,Own,1
37,1685345,587549,549,22,4,31283,24,No,Rent,0
51,766251,51051,748,23,3,29206,36,Yes,Own,0
56,469851,482918,651,25,0,11084,60,No,Rent,0
39,888434,758985,766,15,3,27156,24,No,Mortgage,1
24,1127293,50000,644,7,2,214,36,No,Own,0
55,324934,715048,664,18,2,16906,24,No,Rent,1
27,944662,714537,666,9,1,6248,60,No,Own,0
30,150000,688157,730,5,4,13420,60,No,Rent,1
60,904122,227521,829,27,3,38946,36,No,Rent,0
35,644894,1192979,644,15,1,20720,60,No,Own,1
42,814329,331765,654,13,2,38678,36,No,Mortgage,0
57,678538,280399,721,6,5,56327,84,No,Own,0
54,1201253,584306,637,11,0,18865,48,No,Rent,0
59,932953,511418,850,3,2,28176,60,No,Rent,0
44,692976,50000,607,12,2,24360,60,Yes,Mortgage,0
55,858059,417384,702,32,4,16617,48,No,Mortgage,0
63,597947,386927,747,4,2,22209,48,No,Rent,0
24,332850,723085,551,12,5,45830,60,Yes,Mortgage,1
34,614327,581247,666,3,5,36280,60,No,Mortgage,0
31,346732,650914,779,4,0,24270,60,No,Rent,1
53,380466,396608,571,27,0,8306,48,No,Own,1
37,457962,414767,634,15,4,32228,24,No,Mortgage,0
26,845185,820399,443,10,0,21877,60,No,Own,1
40,1044926,324207,673,16,4,37869,60,No,Own,0
22,998339,509925,630,4,2,25347,84,No,Own,0
41,472882,1496288,675,7,4,33808,60,No,Rent,1
31,985754,839301,711,13,4,9961,36,Yes,Mortgage,0
65,533690,266517,641,8,1,17505,48,No,Rent,0
40,598786,508159,584,6,1,25406,48,No,Rent,1
30,150000,672184,625,13,1,24595,60,No,Rent,1
65,154423,101070,626,16,1,1874,36,No,Own,0
24,614453,323124,712,4,2,18313,24,No,Rent,0
59,402486,219226,666,13,4,43040,12,No,Rent,0
39,481568,206827,735,15,1,3689,36,No,Rent,0
41,150000,57226,662,10,5,24784,60,No,Rent,1
64,982729,673434,825,24,5,37061,36,No,Rent,0
39,838125,50000,618,27,3,5834,36,No,Rent,0
54,933119,819154,648,22,1,16092,48,No,Rent,0
38,696174,180447,644,10,3,15534,84,No,Rent,0
35,603628,571226,708,14,0,16120,60,Yes,Rent,0
47,363803,589266,779,7,0,0,24,No,Mortgage,0
44,191746,373937,813,21,2,12156,48,No,Mortgage,0
32,177800,50000,792,18,4,25009,48,Yes,Mortgage,0
53,1127566,167749,541,26,0,16122,36,No,Mortgage,0
29,888349,760195,452,9,1,23232,60,No,Own,1
47,1105522,436648,475,19,2,31112,36,No,Rent,1
48,874000,404499,615,25,5,37843,36,No,Rent,0
31,1005587,534654,590,9,0,23325,48,Yes,Rent,0
55,819148,965081,718,31,2,7789,24,No,Rent,0
44,625710,940385,581,15,0,18459,60,No,Mortgage,0
54,644686,556604,704,0,5,11548,48,No,Rent,0
61,988529,162655,637,0,2,29920,84,No,Mortgage,0
42,682017,571531,739,15,5,28933,12,No,Rent,0
29,919008,422977,572,2,3,35401,36,Yes,Mortgage,0
39,919498,778159,739,11,0,7569,36,No,Mortgage,0
37,884422,578605,680,14,1,8005,12,No,Mortgage,0
29,805875,86680,517,9,5,45517,60,No,Mortgage,1
64,562119,361006,696,21,0,13471,36,No,Mortgage,0
60,1046550,851581,523,15,4,31112,36,No,Own,1
64,1137712,460385,548,26,2,27335,36,No,Rent,0
32,535425,395501,741,11,2,17648,60,No,Rent,0
39,150000,50000,704,21,2,20947,36,No,Rent,0
45,445437,189828,635,10,5,28111,48,No,Rent,0
21,478943,1016256,672,4,0,26516,36,No,Rent,1
30,698017,50000,656,11,5,43809,60,No,Mortgage,0
52,828956,605920,728,1,0,11879,60,No,Mortgage,0
58,281907,850839,558,4,0,27284,36,Yes,Own,1
28,1260824,619956,666,10,1,2298,60,No,Mortgage,0
45,539211,371961,787,22,3,12111,24,No,Mortgage,0
59,476979,546781,778,9,0,7664,60,Yes,Rent,1
37,334146,1089438,749,5,0,12991,36,No,Own,1
36,443950,347887,711,17,0,10335,60,No,Rent,0
38,1698214,541126,570,21,5,22724,24,No,Rent,0
31,399797,608540,613,13,4,27728,24,No,Own,1
55,673488,617447,580,29,5,32086,24,No,Own,0
31,747135,50000,507,12,2,39270,60,No,Mortgage,1
49,1098819,126995,850,21,3,31255,48,No,Mortgage,0
62,1111182,750318,524,18,3,44628,36,No,Mortgage,1
38,198039,50000,651,15,5,25768,60,No,Rent,0
49,773024,821993,779,19,0,12380,60,No,Own,0
56,1210600,50000,570,5,1,17696,48,No,Mortgage,0
41,509424,145916,571,23,3,23881,36,No,Rent,0
53,747668,601302,681,16,0,1607,24,No,Mortgage,0
59,174568,50000,512,17,4,374,48,No,Mortgage,0
52,915712,355887,604,21,0,7301,48,No,Rent,0
31,1111211,876905,742,12,0,14556,60,No,Mortgage,0
61,701052,496932,719,3,0,1128,60,No,Own,0
32,980722,50000,659,16,5,38649,60,No,Rent,0
38,469505,173848,543,22,4,27079,36,No,Rent,0
29,247916,787511,739,0,1,13434,36,No,Rent,1
39,167470,731023,729,19,4,36548,48,No,Own,1
54,884094,825227,688,29,0,9445,60,No,Rent,0
34,790208,592059,747,18,4,18499,60,No,Mortgage,0
52,630638,496324,709,14,2,10245,24,No,Rent,0
60,932666,1142997,555,0,4,3887,60,Yes,Rent,1
57,757363,94188,579,24,5,13470,36,No,Rent,0
45,392822,70375,675,7,2,17851,36,No,Mortgage,0
29,726778,308913,780,14,3,31651,36,No,Rent,0
25,491652,351374,811,7,0,16890,36,No,Rent,0
50,656569,95600,715,10,5,36751,60,No,Own,0
39,1005251,570491,777,6,2,24787,24,No,Mortgage,0
44,763969,185519,730,13,2,36349,36,No,Mortgage,0
21,214680,771774,667,2,0,6094,48,No,Rent,1
55,598789,566012,794,27,0,22063,36,No,Rent,0
28,552792,613282,723,4,1,24554,60,No,Mortgage,0
55,993472,584658,850,4,4,39876,60,No,Own,0
46,976709,503335,686,1,2,18039,36,No,Own,1
32,194563,410366,659,0,0,15106,60,No,Mortgage,0
43,752857,279789,448,1,3,23145,60,No,Own,1
59,1312026,887091,588,17,4,28184,48,No,Rent,0
31,794228,1193243,546,8,3,21114,84,Yes,Mortgage,1
33,255065,492870,729,10,4,30199,24,No,Rent,1
43,1319651,475736,616,15,4,35060,24,No,Mortgage,0
39,654210,98256,717,0,5,37941,60,No,Rent,0
61,835699,105847,649,28,4,33773,12,Yes,Rent,0
43,1289852,644060,644,16,5,26590,48,No,Mortgage,1
28,890343,839608,608,13,3,29391,36,No,Own,0
56,359314,376423,595,12,0,23664,84,No,Own,0
52,362309,758011,689,12,3,36782,60,No,Mortgage,1
56,252373,891608,750,17,1,8434,60,No,Mortgage,0
41,1150066,78326,707,12,4,14817,24,No,Rent,0
23,954765,712963,673,9,0,54,36,No,Own,0
47,151238,564405,794,14,2,29631,36,No,Mortgage,1
52,945359,55004,819,15,5,43255,48,No,Mortgage,0
41,456450,1152021,553,14,0,0,60,No,Mortgage,1
31,554076,163840,798,13,3,32131,60,No,Own,0
49,275660,953344,528,31,1,0,36,No,Mortgage,1
28,676834,1234063,517,15,2,4168,12,No,Mortgage,0
21,889677,555425,727,3,2,32843,48,No,Mortgage,0
49,626997,285136,562,14,4,48355,36,No,Mortgage,1
47,322790,596595,759,5,0,0,24,No,Mortgage,1
45,1049775,529949,669,12,0,16508,24,No,Rent,0
44,882918,50000,604,5,5,28342,84,No,Rent,0
35,859464,774183,772,13,5,23702,24,No,Mortgage,0
48,440256,863528,775,15,5,39380,60,No,Rent,0
45,678122,1107413,684,28,4,34784,36,No,Rent,0
34,896973,770103,741,4,0,585,60,No,Mortgage,0
34,1185118,164814,605,16,3,36882,12,No,Own,0
60,165665,390848,790,9,3,17560,48,Yes,Rent,1
58,646891,527507,543,21,0,17533,84,No,Mortgage,0
22,1341235,521968,685,1,1,9934,48,No,Rent,0
52,769550,50000,542,24,4,23703,36,No,Rent,0
56,746544,408918,682,26,0,28267,60,No,Rent,1
27,409427,588539,682,3,3,15257,36,No,Own,0
46,1238832,455068,735,11,1,29252,48,Yes,Rent,0
61,203223,391346,776,11,3,18498,48,Yes,Rent,1
49,545082,662767,606,18,5,44056,36,No,Rent,1
53,1143432,742596,760,13,0,20297,36,No,Mortgage,0
49,150000,220917,801,20,0,12000,24,No,Own,0
62,787487,51417,509,20,4,46682,60,No,Own,1
58,586635,671095,772,18,2,8409,24,Yes,Rent,0
57,797923,770467,545,26,1,24936,36,No,Rent,0
31,1251488,732624,572,8,0,0,60,No,Mortgage,1
63,814518,522578,631,29,3,27634,36,No,Mortgage,0
35,189099,690793,567,3,0,16453,60,Yes,Rent,1
64,1127474,87897,744,6,0,19437,60,No,Mortgage,0
40,567629,1097931,792,15,5,28573,36,No,Rent,0
31,483650,762904,782,2,1,10555,60,Yes,Rent,0
60,677322,1010938,768,17,0,11767,60,No,Rent,0
43,652402,439621,732,21,2,9297,60,Yes,Rent,0
39,680369,317237,615,2,4,16753,60,No,Mortgage,0
48,679660,748691,616,7,2,9434,60,No,Own,0
26,736733,475077,850,10,3,28244,84,No,Mortgage,0
56,1122412,53178,705,18,1,16560,36,No,Own,0
54,429751,403166,584,28,1,9622,48,No,Own,0
48,566486,939068,525,33,3,22857,12,No,Mortgage,1
26,709543,189578,543,9,0,23517,36,No,Rent,0
24,150000,660078,668,4,2,37570,48,No,Rent,1
49,630566,1049225,561,18,3,41287,60,No,Mortgage,1
53,772639,145383,635,12,5,30832,24,No,Mortgage,0
32,858915,1324667,663,13,3,21290,48,No,Rent,0
32,1157598,634402,700,4,4,29027,36,No,Own,0
38,1332295,1125801,713,17,0,15605,60,No,Mortgage,0
48,962106,50000,752,5,3,28759,36,No,Rent,0
28,1242990,82976,760,7,4,38069,36,No,Rent,0
38,1053844,50000,666,12,4,41179,60,No,Rent,0
24,731210,640169,682,5,3,27852,48,No,Rent,1
62,1063632,68280,806,27,5,54560,60,No,Rent,0
21,808380,495273,758,2,4,25057,36,No,Mortgage,0
52,630420,397050,677,5,1,6626,60,No,Rent,0
30,866409,922065,679,17,5,33851,84,No,Mortgage,0
56,1122285,808859,745,27,4,36388,36,No,Rent,0
30,994567,603477,698,8,1,25177,48,No,Mortgage,0
52,1350802,736782,754,30,3,15294,48,No,Own,0
21,151555,312500,554,5,5,47835,36,No,Rent,1
43,578227,586659,630,9,1,13644,24,No,Own,0
38,1421346,754883,690,25,1,43844,36,No,Mortgage,0
41,421856,715863,625,21,1,1640,60,Yes,Mortgage,1
57,384780,433343,794,10,2,32313,60,Yes,Mortgage,0
46,150000,238845,672,25,0,9436,60,No,Rent,1
45,254873,466500,648,15,5,16833,36,No,Mortgage,0
21,378539,1212485,704,1,3,30964,60,No,Own,1
53,542631,917657,659,25,0,22817,36,No,Rent,0
34,358960,264157,619,15,1,1420,60,No,Rent,0
39,709303,1200901,724,19,2,29634,24,No,Rent,0
41,608153,745957,728,7,3,40179,84,No,Mortgage,1
63,530314,256064,618,7,0,14800,48,No,Rent,0
55,819300,485443,733,8,3,36573,84,No,Rent,0
63,883550,401539,622,24,4,45871,48,No,Rent,0
63,210858,537391,721,20,4,22988,24,No,Mortgage,0
36,1074817,778523,734,12,4,40339,24,Yes,Mortgage,0
28,1001826,1098528,739,14,0,12734,60,No,Mortgage,0
24,591020,50000,773,8,4,30990,36,No,Own,0
32,549246,321222,732,7,5,46269,60,No,Rent,1
57,735475,1396996,758,2,0,3906,36,No,Mortgage,0
63,507731,227888,752,19,0,20165,36,Yes,Own,0
57,512744,221458,641,18,4,29225,60,No,Rent,0
60,285728,426806,624,22,1,13799,60,No,Rent,0
59,1142856,486144,598,6,5,27698,36,No,Rent,1
52,525795,445289,840,27,2,17123,36,No,Own,0
64,1045549,338970,570,4,3,22964,36,No,Rent,1
52,694186,1030186,573,28,2,30020,24,No,Rent,0
29,732204,880171,533,12,2,22115,48,No,Rent,1
30,483001,301025,603,11,2,37802,84,No,Mortgage,0
27,783803,194396,586,11,1,26251,36,No,Rent,0
64,610143,594541,752,10,2,25756,48,No,Rent,0
42,645602,262176,646,13,3,23935,36,No,Mortgage,0
38,1011942,841149,609,9,5,37057,24,No,Rent,1
21,555324,367914,713,2,4,15952,36,No,Own,0
63,1039863,807963,671,22,4,17316,24,No,Own,0
35,263626,198996,726,7,0,12683,60,Yes,Own,0
33,841414,50000,850,5,1,21620,60,No,Own,0
30,1499050,948465,599,8,5,30800,84,Yes,Rent,0
40,672870,452605,726,8,0,24932,24,No,Rent,0
64,631498,534474,637,24,3,50862,36,Yes,Rent,1
45,320610,361947,505,21,1,14871,48,No,Mortgage,1
26,1192618,1054716,548,9,4,6092,60,No,Rent,0
32,444444,431717,635,9,3,32664,48,Yes,Own,0
47,600610,889533,589,15,0,14723,60,No,Mortgage,0
50,1061965,358654,609,16,5,62837,36,No,Rent,0
26,1368909,889696,781,10,3,19949,60,No,Own,0
37,743482,50000,773,0,5,42736,36,No,Rent,0
43,950517,94625,643,17,2,13964,24,No,Own,0
27,816964,720702,850,7,4,31525,84,Yes,Rent,0
57,688807,996998,682,13,2,24809,36,No,Own,0
47,921542,816985,847,7,3,30196,84,No,Rent,0
49,547477,172225,532,31,5,17214,48,No,Mortgage,0
37,503754,419874,772,16,3,38917,60,No,Mortgage,0
36,984754,73474,617,12,5,42734,24,Yes,Rent,0
27,264485,424247,752,5,3,15608,36,No,Rent,0
36,1016570,824307,575,10,4,35744,24,No,Rent,1
48,594135,702054,836,23,4,18670,36,No,Rent,0
56,593021,573167,721,17,3,11046,36,No,Own,0
23,1026217,409243,728,5,2,7136,60,Yes,Rent,0
31,606742,50000,640,12,5,40043,60,No,Mortgage,0
38,1776234,577852,562,21,5,26969,24,No,Rent,0
64,885181,557822,744,26,1,8700,24,No,Rent,0
22,552471,307503,649,6,2,18147,48,Yes,Mortgage,0
31,1435272,630141,586,10,1,15337,60,No,Mortgage,0
53,564741,406094,790,11,1,33096,12,No,Mortgage,1
44,1300038,457570,753,8,4,3928,48,No,Own,0
40,294710,50000,718,0,4,38980,36,No,Mortgage,0
55,706148,575585,540,0,1,28203,48,Yes,Own,1
49,996713,409841,632,21,0,11572,48,No,Rent,0
53,1044630,882845,668,9,4,29509,48,No,Rent,0
39,760051,745053,743,22,2,29556,12,Yes,Rent,0
51,305185,670827,550,4,1,0,24,No,Rent,1
51,540051,192894,654,19,0,12003,60,No,Rent,0
46,361538,496819,567,22,1,28691,12,No,Rent,1
28,707977,579212,850,9,5,31224,60,Yes,Own,0
54,190776,287128,681,6,4,31856,60,No,Mortgage,1
58,588705,495800,674,16,0,3580,60,No,Rent,0
55,1478267,1178832,683,14,4,17681,60,No,Rent,0
32,473882,553979,569,12,5,28500,24,No,Own,1
41,267929,962751,779,4,0,17422,48,No,Mortgage,1
51,619504,50000,784,23,3,7757,24,No,Rent,0
55,1069586,739724,710,2,3,22634,60,No,Rent,0
47,765172,415746,620,20,1,20480,60,No,Mortgage,0
60,1165984,807974,761,2,2,5429,60,No,Mortgage,0
55,1287059,50000,690,25,3,41252,12,No,Rent,0
44,433735,391921,691,25,0,0,36,No,Rent,0
44,723679,623509,535,8,2,18600,60,No,Rent,0
37,409604,694989,607,23,2,32484,60,Yes,Rent,1
54,1393777,486597,641,13,5,23103,60,No,Rent,0
51,1105422,735226,650,32,2,16381,36,No,Mortgage,0
59,596809,655250,768,27,2,18531,60,No,Rent,0
35,785356,227792,502,21,4,25573,36,No,Mortgage,1
37,490512,50000,628,17,3,22957,24,No,Mortgage,0
58,270966,937631,764,18,1,6440,60,No,Mortgage,1
38,526892,567496,712,15,4,24381,24,No,Rent,0
58,868222,424537,653,33,5,20201,48,No,Mortgage,0
36,925986,674362,606,17,1,18814,36,Yes,Rent,0
51,1094360,243947,531,23,1,11321,36,No,Mortgage,0
29,344623,465743,602,7,0,3226,24,Yes,Mortgage,1
40,1326371,574653,733,1,4,24706,24,No,Mortgage,0
29,380993,604670,595,8,1,29650,36,No,Rent,0
63,255610,1099953,817,5,0,9902,60,Yes,Own,1
60,376632,253996,658,0,2,37939,24,No,Rent,0
51,1266012,720406,756,29,3,8705,48,No,Own,0
38,374044,52046,623,17,4,16800,36,No,Rent,0
53,647412,656427,583,33,4,25802,24,No,Own,1
39,1272023,638736,791,22,1,14178,24,No,Rent,0
31,238683,484450,726,12,5,32886,24,No,Rent,0
62,340598,513157,694,11,1,33408,36,No,Rent,1
36,935754,579689,676,6,3,28792,84,No,Rent,0
37,914322,602528,810,21,5,40650,84,No,Rent,0
64,606857,230395,634,7,1,18660,48,No,Rent,0
44,367891,963437,761,0,1,19430,48,No,Mortgage,1
63,650647,456217,606,25,2,53275,36,Yes,Rent,0
33,901227,424077,711,13,5,37977,36,Yes,Rent,0
56,703158,510418,786,14,3,26570,36,Yes,Mortgage,0
51,703499,619554,760,11,2,30413,60,No,Rent,0
60,668936,1077784,796,18,0,11554,60,No,Rent,0
52,990376,50000,821,13,5,37715,48,No,Mortgage,0
45,656696,921396,659,26,4,58577,24,No,Rent,1
43,694722,146004,736,1,4,27120,48,No,Mortgage,0
23,818719,438923,773,1,2,23168,36,No,Mortgage,0
61,1651640,50000,666,26,5,34092,48,No,Rent,0
54,463546,804672,661,21,1,20803,48,No,Own,1
24,720739,853365,637,1,4,40433,36,No,Mortgage,0
65,1230466,638767,649,13,5,43304,60,No,Rent,0
39,474870,295455,733,16,5,41232,24,No,Rent,0
50,757066,357722,742,18,2,21228,60,No,Mortgage,0
47,599334,716511,847,22,3,12415,36,No,Rent,0
31,886187,355000,729,17,1,17225,84,No,Mortgage,0
46,1531229,377934,649,8,5,34387,48,No,Mortgage,0
37,704945,127190,793,0,5,41123,36,No,Rent,0
22,659929,75798,773,2,3,24535,60,Yes,Rent,0
65,673658,443688,607,24,3,51175,36,Yes,Rent,1
32,888905,50000,713,5,4,25879,24,No,Own,0
38,205917,741896,671,9,2,9392,60,No,Mortgage,1
46,150000,266099,589,21,3,10394,60,No,Rent,1
53,1154464,729245,615,19,5,38740,60,No,Rent,0
45,754108,482554,835,15,1,8100,36,No,Rent,0
21,727563,494780,664,3,3,31281,36,No,Mortgage,0
44,1262462,620141,651,18,5,29276,48,No,Mortgage,0
54,1034617,546299,850,6,5,36700,60,No,Own,0
46,1080083,1252481,684,9,0,19345,60,No,Rent,0
28,1142024,136911,625,0,5,40386,36,Yes,Own,1
65,1005175,683788,778,1,4,43120,12,No,Mortgage,0
30,1029017,857778,586,16,5,39564,60,No,Mortgage,1
30,1018588,874032,706,15,5,11698,36,Yes,Mortgage,0
51,1470571,154534,713,3,4,22897,60,No,Rent,1
46,705644,558709,745,5,2,5463,36,No,Rent,0
42,904315,599406,598,20,3,23372,48,No,Rent,1
63,752618,1148972,618,20,2,44331,36,No,Own,1
56,459085,335446,601,24,1,40889,48,No,Own,0
29,1240684,401153,656,13,3,24939,12,No,Own,0
57,391708,902269,729,22,2,20764,84,No,Rent,0
45,715114,401723,711,7,3,3927,24,Yes,Mortgage,0
43,551934,353118,639,10,5,32977,36,No,Mortgage,0
37,443510,446019,694,1,2,40910,48,No,Mortgage,0
30,851159,648545,674,3,5,29353,24,No,Mortgage,0
29,971620,424321,646,1,2,29425,60,No,Rent,0
54,869074,83674,603,4,1,21892,36,No,Rent,0
38,303101,739153,704,2,3,44957,60,No,Rent,1
43,624332,1271996,774,25,1,11008,60,No,Rent,0
25,660754,50000,761,5,4,23586,60,Yes,Rent,0
52,787626,540518,589,13,5,42509,36,No,Rent,0
38,649625,164285,671,15,4,33425,60,No,Mortgage,0
59,831655,346406,726,20,5,40801,36,No,Mortgage,0
35,254424,420931,520,13,2,10589,36,No,Rent,1
62,525777,761760,752,24,3,27306,36,Yes,Own,1
25,616746,480792,849,6,2,30389,84,No,Mortgage,0
43,894433,50000,660,3,2,28415,36,No,Own,0
49,953796,691664,777,25,4,30026,84,No,Own,0
29,1014150,99521,774,11,2,18864,60,No,Mortgage,0
36,874719,285744,738,20,0,24016,36,Yes,Rent,0
27,925619,554864,744,7,4,26439,84,No,Own,0
47,834079,384430,585,7,2,11426,60,No,Rent,0
45,1034441,365674,681,16,1,17988,60,No,Mortgage,0
33,1696515,670195,683,15,5,28284,12,No,Mortgage,0
38,1905814,625552,664,18,4,40868,24,No,Own,0
43,659444,1013924,658,31,5,52518,60,No,Rent,0
48,1209024,1407916,677,26,2,32332,60,Yes,Own,0
38,957142,664067,582,4,3,14511,24,Yes,Own,0
32,527551,742128,751,5,0,14580,60,Yes,Rent,0
60,737510,333467,456,9,1,2080,48,Yes,Own,0
54,855788,531743,716,5,3,39355,84,No,Rent,0
36,250084,649516,573,4,1,16790,60,Yes,Rent,1
26,899690,270227,578,12,1,19080,24,Yes,Rent,0
51,550477,73618,670,14,2,19460,60,No,Rent,0
57,1019641,80638,647,8,2,27952,24,No,Mortgage,0
24,1372335,336822,669,4,5,42393,60,No,Own,0
44,470250,470422,704,25,5,33187,60,No,Own,0
39,1021391,383975,660,12,5,35286,60,No,Own,0
47,438458,248299,626,10,0,22035,60,No,Rent,0
28,1314715,657744,668,11,0,1415,60,No,Mortgage,0
26,1159419,1090102,753,5,2,26907,36,No,Mortgage,0
52,920604,732613,660,14,0,446,24,Yes,Own,1
24,687093,456599,674,8,5,6746,24,No,Own,0
27,649181,872477,726,4,5,39241,60,No,Own,1
54,1047645,88736,637,10,4,44064,48,Yes,Own,0
26,442836,340550,785,3,3,47404,60,Yes,Rent,0
54,406953,573825,663,27,0,10592,60,No,Rent,0
36,312647,755919,667,14,1,11332,24,No,Rent,1
57,476443,152418,615,28,5,11593,48,Yes,Rent,0
48,758550,176649,839,9,0,18681,36,No,Mortgage,0
44,976853,469486,689,24,1,9277,24,No,Rent,0
36,150000,1275038,659,10,4,37987,60,No,Own,1
53,1311159,711741,619,29,2,11764,60,Yes,Mortgage,0
29,937451,50000,809,9,4,29242,60,No,Rent,0
53,355885,662384,569,3,0,0,24,No,Rent,1
38,497347,328169,775,12,5,39721,24,No,Rent,0
58,733888,87447,495,20,3,50855,60,No,Own,1
36,691226,680854,578,11,1,1091,48,Yes,Rent,0
44,785377,398013,626,9,0,16391,60,No,Mortgage,0
42,920500,392879,754,21,0,17722,24,No,Own,0
40,754951,693850,745,23,1,24965,12,Yes,Rent,0
65,930152,1022150,625,5,2,13668,84,No,Mortgage,0
62,695557,640848,666,7,5,44048,48,Yes,Mortgage,1
55,586103,589066,716,18,4,8901,36,No,Own,0
25,1142964,697810,674,12,3,39797,48,No,Rent,0
50,1289790,451249,563,0,0,17246,48,No,Rent,1
52,889165,265034,824,4,4,39211,48,Yes,Mortgage,0
65,998139,529068,699,15,2,36616,48,Yes,Mortgage,0
24,740987,699912,545,3,3,29877,48,Yes,Mortgage,0
30,487381,852806,774,2,4,23079,84,No,Rent,0
32,699138,68973,752,13,3,36267,36,No,Rent,0
35,430704,191649,786,16,3,13168,36,No,Rent,0
34,446995,79061,651,17,4,17271,24,No,Mortgage,0
22,1252486,906099,799,3,4,20409,60,No,Rent,0
27,606981,251166,681,4,3,16376,48,Yes,Mortgage,1
25,735449,658067,599,7,4,43643,60,Yes,Rent,0
45,874409,429761,832,3,3,33083,60,No,Rent,0
43,1197976,643748,674,18,5,26363,48,No,Mortgage,0
60,449955,849713,636,23,5,48369,36,No,Rent,1
61,1113195,50000,740,27,5,53901,60,No,Rent,0
48,1052818,566098,619,6,0,21723,48,No,Own,0
60,156796,712917,673,9,2,24295,84,No,Mortgage,1
50,1219083,708352,734,29,2,8344,48,No,Own,0
36,813504,318025,481,21,0,17302,60,No,Own,0
37,819462,975666,384,8,1,14755,60,No,Rent,1
59,1155735,426501,588,10,4,32515,36,No,Rent,0
42,1040399,1446990,606,15,2,24645,60,No,Own,0
23,150000,788403,674,3,1,10467,48,No,Rent,1
43,762482,403709,711,18,2,8438,60,Yes,Rent,0
44,832393,1301992,655,11,4,31269,60,No,Own,1
24,379497,813807,724,5,2,27634,36,No,Own,0
44,664122,619649,556,9,1,14995,24,No,Own,1
65,374217,1109951,750,4,5,36985,84,Yes,Rent,1
56,653509,825811,619,6,0,15784,12,No,Own,0
43,1437244,431078,841,24,5,18700,24,No,Own,0
24,278968,378252,808,7,1,9742,36,No,Rent,0
41,618192,1334889,724,25,1,8157,60,No,Rent,0
64,670289,1021341,669,28,2,26073,24,No,Rent,1
57,347714,433396,794,13,3,28523,60,Yes,Mortgage,0
21,1281761,489710,698,3,0,12560,48,No,Rent,0
23,298274,396796,687,8,4,23634,36,No,Rent,0
49,965533,446911,616,12,5,31635,48,No,Rent,0
40,1223682,181547,668,21,1,772,36,No,Own,0
41,1119855,762676,768,23,2,19714,24,No,Rent,0
23,696953,71786,710,6,3,17893,60,No,Own,0
21,728311,262237,577,3,2,25660,12,No,Rent,0
27,1179158,1093616,594,7,2,7259,60,No,Rent,1
61,1045338,921087,602,25,3,41406,84,No,Rent,0
55,1152031,58934,721,28,4,37755,48,No,Rent,0
39,422202,738393,747,20,5,39365,24,No,Rent,1
38,615723,885709,687,17,3,38919,48,No,Rent,0
24,1364311,321058,669,5,4,42615,60,No,Own,0
50,582534,423011,768,11,0,36828,12,No,Mortgage,0
37,200060,781828,572,20,2,26430,36,No,Mortgage,1
45,1116199,707092,563,14,4,40960,48,No,Own,0
58,351637,677338,622,4,1,10862,48,No,Rent,0
45,1138733,783323,517,16,5,40536,48,No,Own,1
43,801867,907960,702,22,5,31148,60,No,Rent,0
51,955298,437732,583,8,5,30979,48,No,Rent,0
37,1529156,308976,683,21,2,20032,24,No,Rent,0
52,690163,77657,584,4,5,43690,48,No,Rent,0
34,710517,297216,727,14,1,35130,48,No,Rent,0
58,585255,273390,712,3,5,54474,84,No,Own,0
33,369255,1224154,515,3,0,8847,48,No,Rent,1
33,533605,748825,744,2,1,9618,60,Yes,Rent,0
62,212903,50000,711,10,0,23312,36,No,Rent,0
27,754091,448408,643,4,0,19556,36,No,Rent,0
28,1315836,1212628,750,0,1,35714,84,No,Rent,0
62,403978,750175,716,17,5,31551,36,No,Mortgage,1
26,618490,675010,850,2,1,1923,24,No,Own,0
33,404391,458452,577,5,2,16703,48,No,Rent,1
50,866383,117133,789,4,0,9486,60,No,Rent,0
21,395327,808395,850,2,0,9105,60,No,Own,0
30,818333,659752,563,10,0,6324,48,Yes,Rent,1
32,965872,70784,816,10,2,15157,60,No,Mortgage,0
56,800960,146448,733,6,1,32063,36,No,Own,0
45,1210983,629207,637,9,5,39465,36,No,Rent,0
54,1474823,1197545,692,12,5,21428,60,No,Rent,1
34,554074,654853,663,8,3,9865,24,No,Rent,1
59,484109,534553,754,22,2,0,36,No,Rent,0
21,376222,1310263,731,1,5,30502,60,No,Own,1
62,186110,50000,597,22,2,815,36,No,Own,0
46,1037540,443386,570,15,5,59136,36,No,Rent,0
35,665140,963495,699,14,3,37510,36,Yes,Mortgage,0
63,1038984,97003,749,5,3,16120,60,No,Mortgage,0
56,956190,467005,573,30,3,22436,36,No,Mortgage,0
21,737371,475816,675,7,4,26768,36,No,Mortgage,0
36,887904,568084,819,20,5,36340,84,No,Rent,0
58,753650,846354,587,30,1,27521,36,No,Rent,1
60,620581,50000,623,18,3,9945,36,No,Own,0
65,1065338,50000,743,6,1,16453,60,No,Mortgage,0
33,821226,979925,602,21,0,10740,84,No,Own,0
31,295212,460059,525,12,0,18220,36,No,Rent,1
61,425578,242019,598,0,0,14751,60,Yes,Own,1
50,554868,710601,727,24,3,9117,60,No,Rent,0
39,452961,371210,709,1,4,38181,48,No,Mortgage,0
22,937200,886482,744,0,4,17230,48,No,Rent,0
32,868279,616380,771,15,5,18812,60,No,Mortgage,0
65,639016,259878,644,29,3,29414,12,Yes,Own,1
61,366045,1154086,571,16,5,37731,60,No,Rent,1
58,191404,441219,746,11,4,20232,48,Yes,Rent,1
41,1248700,63922,784,25,1,9585,48,No,Rent,0
44,763839,68900,587,21,0,11887,12,No,Own,0
24,432310,513288,826,8,4,32686,84,No,Rent,0
58,1575744,57340,687,24,5,32351,48,No,Rent,0
51,1327259,385297,661,1,1,16257,60,No,Rent,0
50,522059,224734,563,28,3,21651,48,No,Mortgage,1
35,696853,1150545,767,21,3,32915,24,No,Rent,0
62,230975,545521,739,24,3,22488,48,Yes,Rent,1
43,700941,1224600,470,3,5,52839,24,No,Rent,1
40,768707,206912,684,12,2,46274,36,No,Mortgage,0
64,908128,409991,686,25,5,45860,48,No,Rent,0
45,1197471,638204,628,10,5,35846,36,No,Rent,0
22,497994,391050,692,5,3,18529,36,No,Rent,0
54,433078,463223,578,28,0,7441,48,No,Own,0
48,424021,347377,638,8,2,15494,36,Yes,Rent,1
57,690950,486821,701,19,0,5174,60,No,Rent,0
24,685068,79477,766,9,3,24798,36,No,Own,0
48,1097370,497484,669,16,0,19720,24,No,Rent,0
53,1432089,1213330,660,16,4,20691,60,No,Rent,0
23,972087,186031,537,7,3,38280,84,No,Rent,0
59,1170621,424705,755,10,3,39284,60,No,Own,1
37,875288,563397,797,21,5,38229,84,No,Rent,0
34,430398,795218,664,12,1,12807,24,No,Rent,0
55,983640,400255,699,19,4,20641,24,No,Rent,0
53,1121238,766109,627,23,4,38216,60,No,Rent,0
31,582489,382279,653,7,2,35563,48,No,Mortgage,0
22,583330,820638,416,3,4,20665,48,No,Rent,0
55,1023728,50000,703,16,0,8629,60,No,Rent,0
24,776080,707005,774,5,0,7088,36,No,Rent,0
28,1365212,689347,791,11,1,13930,60,No,Mortgage,0
28,1685288,971941,772,14,4,50990,12,No,Mortgage,1
36,796779,576488,759,0,4,13233,12,No,Own,0
48,733481,109731,842,8,0,16701,36,No,Mortgage,0
46,1139803,545990,577,4,2,16169,48,No,Own,0
42,767725,953898,821,18,1,11690,84,No,Own,0
21,519715,1363527,684,2,4,20714,36,No,Own,1
28,1247993,50000,622,11,4,28331,24,No,Own,0
52,1301485,132463,671,31,4,21313,60,No,Rent,0
64,821178,439212,600,23,1,23613,24,No,Own,0
52,1200005,50000,654,24,1,17323,12,Yes,Rent,1
59,286480,492358,722,12,2,32458,36,No,Rent,0
40,150000,607455,587,3,0,18830,60,Yes,Rent,1
43,933528,619519,606,7,0,13366,60,No,Rent,0
50,423319,405763,844,19,3,20136,60,No,Mortgage,0
36,150000,50000,681,19,2,13416,36,No,Rent,0
26,684526,352836,736,9,0,16712,60,No,Own,0
34,605772,284935,762,17,4,16136,48,No,Rent,0
62,517853,247551,634,3,2,14628,48,No,Rent,0
37,871111,800888,756,14,0,6308,36,No,Mortgage,0
53,942901,773907,634,25,0,5489,48,No,Rent,0
36,150000,1317469,641,6,4,38412,60,No,Own,1
54,352875,419836,748,12,1,26509,36,No,Own,0
27,1194167,54687,619,13,3,25405,24,No,Own,0
36,627637,480757,672,1,5,41126,60,No,Mortgage,0
44,378986,54214,677,8,2,16748,36,No,Mortgage,0
29,843955,661584,783,5,4,24749,24,No,Mortgage,0
51,700392,125811,848,7,0,18981,36,No,Mortgage,0
41,978408,405551,663,20,3,44674,36,No,Mortgage,0
45,1556005,422470,696,8,3,29116,48,No,Mortgage,0
37,672718,310540,608,15,0,12940,36,No,Own,0
56,277270,125506,687,26,1,6558,48,No,Mortgage,0
64,1200349,603916,849,14,2,32863,60,No,Mortgage,0
55,1284132,457418,669,1,0,17948,60,No,Rent,0
55,662549,50000,788,9,5,39124,60,No,Rent,0
48,454935,918685,562,30,2,20551,12,No,Mortgage,1
46,150000,738488,761,22,5,42917,12,No,Rent,1
61,770986,68963,651,29,2,24804,12,No,Own,0
50,170987,627943,640,11,3,18564,36,No,Own,1
61,972960,234628,615,0,3,27699,84,No,Mortgage,0
57,306552,864253,797,15,4,35840,48,No,Rent,1
56,981085,444470,688,21,3,21716,24,No,Rent,0
54,890555,582732,850,8,4,43077,60,No,Own,0
51,372277,808086,679,7,4,37042,60,No,Mortgage,1
64,820792,719923,640,17,3,37432,60,Yes,Mortgage,0
45,568239,1071789,574,18,3,42129,60,No,Mortgage,1
46,786608,252505,690,27,2,9726,24,No,Mortgage,0
38,762262,916332,543,18,0,13296,84,No,Own,0
61,1158203,1147951,680,29,2,25346,60,No,Rent,0
41,712423,434986,502,24,2,10515,12,No,Mortgage,0
60,256821,405766,639,2,2,37736,24,No,Rent,1
33,349695,814693,682,14,1,14521,24,No,Rent,1
38,1112337,545055,571,17,2,23147,36,No,Mortgage,0
27,951793,148614,569,2,5,46959,84,No,Rent,0
54,824059,50000,741,3,2,35421,36,No,Own,0
43,1260877,608509,643,19,3,28867,48,No,Mortgage,0
32,599642,364416,849,13,5,37305,60,No,Rent,0
25,625573,1096918,729,7,1,2689,36,No,Own,0
56,447136,435502,817,23,2,18901,36,No,Own,0
48,267267,253347,615,12,4,35670,48,No,Rent,1
50,415424,259027,637,12,3,48157,60,No,Mortgage,1
51,1445272,228146,756,5,2,20876,60,No,Rent,0
59,1025005,932661,636,26,2,46158,84,No,Rent,0
49,1198836,640730,850,1,2,23225,24,No,Own,0
40,1039014,470864,631,6,2,26929,36,No,Mortgage,0
53,552766,1234890,585,9,5,20795,60,Yes,Rent,1
33,843701,565853,529,14,3,33657,60,No,Rent,1
24,1159887,1108705,782,4,2,26787,36,No,Mortgage,0
60,908162,652178,684,3,1,21246,36,No,Mortgage,0
50,597041,669179,746,19,2,10370,60,No,Rent,0
65,1147105,693024,788,29,4,36054,48,No,Mortgage,0
37,374573,532314,567,0,1,19993,36,No,Own,1
25,306635,883282,688,5,5,31225,36,No,Own,1
61,498319,871804,751,5,2,24110,36,No,Rent,0
52,954669,677031,515,27,2,28826,36,No,Own,0
52,337792,595963,725,13,2,29642,36,No,Own,0
59,1037122,752884,520,6,1,15963,36,No,Rent,0
42,970111,53689,607,14,1,14810,24,No,Own,0
39,531341,691920,563,18,1,8894,36,Yes,Mortgage,0
33,1488129,640069,586,12,1,0,36,No,Rent,0
33,161560,632126,596,12,3,20124,24,No,Rent,1
46,955650,50000,614,19,2,16567,24,No,Own,0
44,598430,634432,665,25,1,14236,60,No,Rent,0
35,914917,779238,789,6,0,1080,60,No,Mortgage,0
36,181602,598654,572,4,0,21005,60,Yes,Rent,1
29,163217,1066774,735,11,3,35926,36,Yes,Mortgage,1
51,610400,394647,771,12,1,38553,12,No,Mortgage,0
58,437244,161281,715,6,1,7321,36,No,Rent,0
57,350134,714520,667,17,3,19395,24,No,Rent,1
28,851803,258422,850,13,4,18148,48,No,Rent,0
29,417747,995362,537,13,0,0,36,No,Rent,1
28,548543,598046,677,4,1,24096,60,No,Mortgage,0
40,962134,680271,459,5,1,6546,48,No,Own,0
22,1218152,721832,621,1,4,23939,60,No,Own,0
30,526188,279223,727,4,5,37699,60,No,Rent,0
25,510753,586424,704,7,4,22152,12,Yes,Mortgage,0
32,805872,789382,710,12,2,24407,60,No,Own,0
62,580615,78709,809,10,3,26101,60,No,Mortgage,0
65,697512,220608,705,20,3,43231,48,Yes,Rent,1
57,430429,288229,557,31,3,34260,48,No,Own,1
49,846157,960597,768,8,5,18776,48,Yes,Rent,0
64,552312,50000,732,4,3,39446,48,No,Own,0
28,986944,288384,587,13,3,21956,24,Yes,Rent,0
52,584976,916632,599,15,4,32367,24,No,Mortgage,1
63,325630,865049,566,6,0,24781,84,No,Rent,1
38,759756,922781,535,14,5,39085,36,No,Mortgage,1
21,677848,445013,849,4,2,12004,60,Yes,Own,0
54,932012,389892,721,31,5,37168,60,No,Own,0
28,945605,728804,663,10,0,6166,36,No,Own,0
55,1206301,267038,488,8,1,18578,60,No,Own,0
53,729076,86066,712,12,5,38789,60,No,Own,0
44,456578,691640,779,24,4,38428,48,Yes,Rent,0
33,810314,853061,444,13,1,0,48,No,Mortgage,1
32,756097,1102185,659,13,1,15038,60,No,Own,1
50,1075582,960894,708,3,1,13142,12,No,Rent,0
46,632182,469849,731,20,3,12212,60,Yes,Rent,1
62,1317436,153194,750,6,4,26382,36,No,Rent,0
33,509367,308916,784,9,2,20061,48,No,Rent,0
30,1006229,1000291,748,15,2,22493,48,No,Own,0
51,1328170,634573,850,0,1,18611,24,No,Own,0
27,685486,98560,777,6,4,27356,60,Yes,Rent,0
40,444113,191312,618,13,3,29011,48,No,Rent,0
39,1381629,721134,707,23,2,45886,36,No,Mortgage,0
35,1299689,639475,685,16,4,40137,36,Yes,Rent,0
44,770998,1054795,746,14,4,29315,60,No,Mortgage,0
33,786593,277156,688,17,0,27666,48,No,Rent,0
63,1192110,831330,621,23,4,13393,24,No,Own,0
63,1066076,534927,712,23,1,30437,60,No,Own,0
63,755261,1378418,502,15,2,19385,36,Yes,Rent,1
40,899295,73186,611,13,4,50816,24,Yes,Rent,0
62,1036568,587404,670,12,3,30544,48,Yes,Mortgage,1
41,475320,50000,696,4,4,25208,36,No,Rent,0
56,648284,156661,847,14,4,27507,24,Yes,Own,0
30,705622,374211,634,12,4,36936,60,No,Mortgage,0
35,194805,714791,724,17,5,35755,48,No,Own,1
60,1025374,953031,762,21,2,15837,36,No,Own,0
48,738108,572668,719,20,5,18038,12,No,Own,0
49,482626,655266,604,1,0,21429,36,Yes,Rent,1
44,1124983,50000,665,7,0,19561,36,No,Mortgage,0
63,182094,389136,771,23,5,23327,60,No,Own,0
65,869741,539397,807,4,4,31818,36,No,Own,0
39,303613,60055,737,14,3,20190,36,No,Own,0
56,955588,605665,668,10,1,23615,60,No,Rent,0
45,915862,752985,850,13,3,10260,36,No,Rent,0
50,627818,161219,700,7,0,15866,60,No,Own,0
60,1246300,501913,843,12,3,29411,60,No,Mortgage,0
30,1608269,670875,704,17,5,35533,12,No,Mortgage,0
33,635582,1005537,670,16,5,30966,36,Yes,Rent,1
27,881431,632334,551,3,0,135,60,No,Rent,1
28,1516881,748528,797,10,1,10883,60,No,Mortgage,0
29,1487201,314533,735,11,4,46100,48,No,Rent,0
45,428958,536410,569,15,1,25398,84,No,Rent,1
29,610523,403460,635,10,1,19592,60,No,Mortgage,0
26,349580,684684,720,0,1,16028,36,No,Own,1
48,150000,229580,795,17,0,8997,24,No,Own,0
57,488619,225372,638,18,4,27070,60,No,Rent,0
52,1395754,852579,763,20,4,36098,60,No,Own,0
49,997017,460465,699,0,0,15338,36,No,Own,0
53,395014,1170490,833,3,3,33798,60,No,Own,1
65,990629,412705,677,22,2,28245,36,No,Rent,0
45,822812,483105,504,10,4,32129,48,Yes,Rent,0
47,383047,61407,675,3,2,13472,84,No,Own,0
32,1536308,652182,604,13,2,0,36,No,Rent,0
49,150000,541911,762,15,2,30782,36,No,Mortgage,1
39,564833,1234152,566,10,1,2003,60,No,Mortgage,1
43,1239077,629290,649,11,5,36258,36,No,Rent,0
65,944391,932763,768,19,0,17864,36,No,Own,0
54,317339,552543,624,28,1,4242,60,No,Mortgage,0
51,646644,1057504,577,5,4,37640,36,No,Mortgage,0
53,219990,197173,807,8,1,32527,60,No,Rent,0
59,270410,919666,585,3,0,25993,36,Yes,Own,1
64,1292094,580815,495,29,4,36102,60,No,Mortgage,0
47,884281,171960,582,8,3,31261,84,No,Rent,0
36,683897,437928,605,16,0,13133,36,No,Own,0
28,797624,700375,687,3,5,30493,24,No,Mortgage,1
53,942403,357384,657,20,3,57413,60,No,Mortgage,0
51,861322,670328,739,14,2,33229,48,No,Own,0
53,1004895,630019,690,6,1,18134,60,No,Rent,0
53,1204270,187501,798,25,1,0,60,Yes,Mortgage,0
48,850169,75766,615,19,5,49659,24,No,Mortgage,0
41,415530,279430,794,3,0,19360,36,No,Rent,0
39,704597,811003,709,23,1,2636,24,No,Rent,0
65,386310,921705,613,3,1,28378,84,No,Rent,1
38,892207,706526,607,19,2,19531,36,Yes,Rent,1
36,462082,108510,560,8,5,30319,60,No,Rent,0
22,577604,441376,850,11,2,23790,84,No,Mortgage,0
48,862893,398088,787,17,5,35118,36,No,Mortgage,0
65,525007,809311,607,4,1,18600,36,No,Mortgage,0
31,1271585,731551,607,10,0,3355,60,No,Mortgage,0
39,150000,1279936,678,8,3,37905,60,No,Own,1
32,683864,987012,682,14,2,31265,36,Yes,Mortgage,0
42,975899,388469,626,7,0,17130,60,No,Rent,0
64,545050,163425,781,23,5,37520,60,Yes,Own,1
28,973764,681334,631,11,1,7922,60,No,Own,0
52,777428,163663,744,8,0,32641,36,No,Rent,0
29,854572,607010,708,12,3,42801,60,No,Own,0
63,1012364,461799,681,23,1,31580,60,No,Own,0
27,884770,533997,598,2,2,32042,24,No,Rent,0
57,334816,517034,822,14,2,24290,36,No,Rent,0
31,525920,577472,634,10,3,22466,24,No,Own,0
30,422181,372295,635,13,3,36152,84,No,Mortgage,0
55,700117,943688,779,11,2,18126,60,No,Own,0
53,533421,765146,850,19,2,7948,60,No,Own,0
42,975677,773308,850,8,2,11838,36,No,Rent,0
58,386434,308760,665,3,4,32672,60,Yes,Own,1
24,657717,85369,785,5,4,28757,36,No,Own,0
51,621274,720027,684,11,0,15940,36,No,Rent,0
24,395635,594293,623,11,4,39270,12,No,Mortgage,0
34,743549,100145,684,14,3,31399,24,No,Mortgage,0
24,630546,1066222,740,9,1,1978,36,No,Own,0
35,360395,854342,633,15,0,10963,24,No,Rent,1
57,1175709,429564,613,6,5,33743,36,No,Rent,0
53,682001,50000,665,19,4,14473,60,No,Mortgage,0
62,1187717,554869,626,23,4,28597,36,Yes,Mortgage,0
46,728555,551488,741,21,5,24423,12,No,Own,0
42,803746,864337,694,26,5,35128,60,No,Rent,0
21,818481,307796,697,3,3,33668,84,No,Mortgage,0
58,1464220,1203107,705,17,4,17033,60,No,Rent,0
35,497390,538372,726,14,5,26328,24,No,Rent,1
44,703236,464061,651,13,0,17546,60,No,Mortgage,0
42,768012,724734,493,20,5,34789,36,No,Rent,1
47,732760,200209,517,17,5,43127,48,No,Rent,0
24,172508,375714,661,6,2,27551,12,No,Mortgage,1
28,944594,67524,817,11,0,16590,60,No,Mortgage,0
23,891696,718536,610,6,2,8102,36,No,Rent,1
28,1134507,235038,797,10,2,33450,60,No,Rent,0
58,331770,284427,664,5,5,34595,60,Yes,Own,0
33,849396,50000,575,17,0,4945,36,No,Rent,0
60,491168,447370,514,2,0,1289,36,No,Own,0
36,648849,474893,705,13,1,24383,24,No,Rent,1
52,150000,694364,716,7,4,5081,60,No,Mortgage,1
30,151207,1577967,647,13,3,20426,36,Yes,Rent,1
28,1180287,1153798,602,7,2,8749,60,No,Rent,0
34,791033,50000,554,10,4,42910,60,No,Mortgage,0
31,193533,104697,621,12,3,22662,36,No,Rent,0
60,602107,759390,623,6,5,44943,60,No,Mortgage,1
45,188524,192361,838,5,2,21469,36,No,Rent,0
60,795849,999111,646,28,2,23691,24,No,Rent,0
52,1132909,806429,625,16,2,5655,60,No,Rent,0
32,605045,310994,762,4,4,41403,60,No,Rent,0
63,453246,126494,583,17,2,25448,48,No,Rent,1
61,1143139,781077,520,7,0,21011,36,No,Rent,0
29,837565,50889,797,10,3,39090,36,No,Rent,0
24,666830,231880,798,2,2,46102,60,Yes,Rent,0
40,317442,644436,628,21,5,27643,60,No,Rent,1
45,934543,761347,844,10,2,11707,36,No,Rent,0
52,789852,572308,735,5,0,9607,60,No,Mortgage,0
55,744674,316471,747,6,4,23016,36,No,Rent,0
62,667532,675597,736,8,0,25434,48,No,Rent,0
60,455887,186038,720,7,0,7752,36,No,Rent,0
59,853755,676829,559,19,2,19525,48,No,Rent,0
40,585841,326348,730,17,2,13306,60,No,Mortgage,0
56,940473,646752,671,16,0,1153,24,Yes,Own,0
47,982410,266817,606,22,2,30467,60,No,Own,0
39,1038387,399294,539,20,3,17774,36,No,Rent,1
48,852854,412177,592,23,2,21943,60,No,Mortgage,0
29,163435,1016728,578,13,1,3310,60,Yes,Own,1
56,295687,514861,747,5,1,21607,48,No,Rent,0
21,924293,572221,721,4,0,29171,36,No,Mortgage,0
60,787179,203471,651,21,4,37425,12,Yes,Rent,0
44,732304,328823,448,0,2,32782,60,No,Own,1
39,369635,780503,636,22,1,24430,36,No,Mortgage,1
53,893121,799723,737,13,4,35791,48,No,Own,0
23,358204,848158,816,3,0,10066,60,No,Own,1
31,1318060,668565,663,13,1,4329,60,No,Mortgage,0
31,1066365,641254,686,4,1,26341,36,No,Own,1
22,224284,428271,523,4,0,19471,84,No,Rent,1
39,293104,203985,719,7,1,14857,60,Yes,Own,0
32,708113,742775,529,11,0,2720,60,No,Rent,0
33,644732,56537,545,13,3,37912,12,No,Mortgage,0
51,150000,391941,692,8,4,21241,60,No,Mortgage,1
63,153317,520268,758,13,5,17302,48,Yes,Rent,1
34,991548,50000,642,12,4,30636,60,No,Rent,0
49,610660,639490,785,30,4,36779,36,Yes,Mortgage,0
65,1172822,675671,798,29,5,38392,48,No,Mortgage,0
53,1312591,946050,779,20,5,33609,60,No,Own,0
31,463300,454427,654,0,1,23178,36,No,Rent,0
42,603778,148377,765,6,2,20518,24,No,Own,0
22,987175,359637,605,4,2,25749,84,No,Own,0
35,150000,561499,765,13,4,16091,12,No,Rent,1
56,673119,388308,637,23,3,20759,84,No,Rent,0
21,169896,758574,653,2,0,5882,48,No,Rent,1
29,848404,459334,737,9,4,38748,36,No,Mortgage,0
59,633751,550959,663,17,0,4970,60,No,Rent,0
40,854650,389662,752,23,2,14808,24,No,Own,0
48,343818,633882,638,27,3,29945,84,Yes,Own,1
35,1116702,1018321,840,9,3,12143,24,No,Rent,0
50,716979,321895,688,19,3,21962,60,No,Mortgage,0
23,916530,264849,735,6,2,0,36,No,Rent,0
57,693093,197461,671,16,3,31659,12,Yes,Rent,0
49,1037975,72642,649,8,4,29716,84,No,Own,0
54,412795,906482,642,28,1,21104,36,No,Rent,1
64,599601,377539,614,15,5,42632,48,No,Mortgage,0
65,1138004,669467,775,32,4,35694,48,No,Mortgage,0
64,235972,50000,591,20,1,0,36,No,Own,0
26,504616,229209,483,7,2,8369,24,No,Rent,1
31,445523,848370,687,5,0,0,60,No,Own,0
34,981770,642238,735,17,1,15558,48,No,Own,0
57,297567,1175959,595,16,5,37265,60,No,Rent,1
49,591938,253827,754,12,0,15316,48,No,Mortgage,0
32,602117,1008586,714,16,2,11064,60,No,Rent,0
54,487026,1529745,641,24,5,32906,24,No,Own,1
35,323944,405248,711,16,3,12638,60,No,Rent,0
26,379369,596403,567,13,1,32304,36,No,Rent,1
46,519588,913493,798,21,4,39844,60,No,Rent,0
35,988690,707324,536,5,3,9004,24,Yes,Own,1
26,961281,98186,828,9,5,23578,60,No,Rent,0
52,681039,714777,661,10,0,22639,36,No,Rent,0
48,531284,132172,676,19,1,10467,60,No,Rent,0
45,421424,370160,601,12,4,21699,12,Yes,Mortgage,0
38,348007,797866,634,21,0,25212,36,No,Mortgage,0
23,562064,967279,515,10,0,0,36,No,Rent,1
64,1083537,482487,622,16,2,10530,36,No,Mortgage,0
36,202225,426098,453,5,4,24736,12,No,Rent,1
57,724416,330602,500,9,5,48545,36,No,Own,1
53,346192,389324,755,13,0,24196,36,No,Own,0
38,415766,890128,485,21,1,6687,60,No,Own,0
52,966350,58446,797,18,5,41412,48,No,Mortgage,0
29,1122819,816930,656,14,3,39125,24,No,Rent,0
39,1195742,193571,720,20,0,985,36,No,Own,0
56,466830,593207,558,0,0,0,36,No,Own,1
49,1204138,223325,806,21,2,30817,48,No,Mortgage,0
37,387645,194293,423,17,1,23519,12,Yes,Mortgage,1
46,800122,50000,615,25,3,5060,36,No,Rent,0
42,160453,332539,690,26,0,10420,60,No,Rent,0
60,365231,871453,696,15,4,28937,36,No,Mortgage,1
45,1042305,50000,732,0,3,29990,36,No,Own,0
59,698377,969098,671,27,2,23398,24,No,Rent,1
49,949628,971677,709,1,1,12495,12,No,Rent,0
50,1342970,551923,625,12,4,26041,60,No,Rent,0
64,333911,560509,622,0,0,14865,24,No,Own,0
47,722076,564887,743,16,5,17079,12,No,Own,0
65,712525,1169045,606,25,1,45122,36,No,Own,0
31,1604087,1201590,589,3,2,22594,36,Yes,Mortgage,0
30,811142,668443,776,10,5,25975,60,No,Own,0
27,1223591,199219,814,7,3,25399,60,No,Rent,0
39,1230101,174203,752,20,0,1327,36,No,Own,0
32,929820,654301,719,14,4,38444,60,No,Own,0
65,952299,514202,633,17,0,13354,36,No,Mortgage,0
28,223076,58989,703,6,0,24604,48,No,Mortgage,0
28,869282,1010555,682,10,5,40937,84,No,Mortgage,0
59,520444,421190,680,5,1,19537,24,No,Own,0
65,1140957,719982,527,14,4,44771,36,No,Mortgage,0
60,853741,448016,724,25,4,24852,12,No,Rent,0
44,624398,278531,839,5,1,16004,12,No,Rent,0
56,1232084,427650,725,3,3,17953,12,No,Mortgage,0
55,501138,1380887,749,18,5,32380,60,No,Mortgage,1
40,305925,343632,585,13,4,44571,48,No,Own,1
33,226097,151168,823,19,4,27621,48,Yes,Mortgage,0
46,890609,1242537,667,11,3,34967,60,No,Own,0
45,727976,802092,736,20,0,18016,60,No,Own,0
54,564597,500888,794,23,1,20673,36,No,Rent,0
53,429165,481717,814,12,4,31411,60,Yes,Mortgage,1
28,861906,50000,664,8,4,17288,48,No,Rent,0
52,620438,922063,831,26,2,9283,60,No,Rent,0
48,1080301,1314477,704,6,0,18145,60,No,Rent,0
51,811919,943646,711,6,4,37930,12,No,Own,0
32,646713,589564,590,17,1,6404,84,No,Own,0
60,276015,476133,784,3,5,30504,36,No,Rent,1
30,166418,777935,550,11,2,36634,60,No,Mortgage,1
50,558152,909838,633,21,5,32497,24,No,Mortgage,1
45,375679,157856,808,28,4,16809,60,No,Mortgage,0
32,642131,680724,573,19,1,7575,36,Yes,Mortgage,1
39,310231,655384,590,20,1,33015,60,Yes,Rent,1
35,636380,1106028,609,4,3,28937,48,Yes,Mortgage,1
54,896183,438441,704,32,3,17888,48,No,Mortgage,0
49,736635,259763,712,8,5,45015,24,No,Own,0
33,150000,811384,766,12,2,26122,60,No,Rent,1
28,202632,116405,734,5,0,22592,48,No,Mortgage,0
33,396047,234496,634,14,4,11736,60,No,Rent,0
53,562569,387414,695,27,1,9687,60,No,Own,0
26,917380,246980,723,8,1,3575,36,No,Rent,0
44,198949,750837,692,21,5,48739,48,No,Rent,1
26,197219,348608,632,9,3,25451,12,No,Mortgage,1
47,1354945,539244,806,4,5,37459,60,No,Own,0
53,1169272,484354,723,5,4,13297,12,No,Mortgage,0
51,1100633,1395593,684,22,1,34933,60,Yes,Own,1
58,295823,94007,850,29,5,25616,24,No,Own,0
28,1285990,637437,689,9,0,6421,60,No,Mortgage,0
56,1214306,50000,658,26,2,21287,12,Yes,Rent,0
28,464478,934779,589,8,3,39254,60,No,Rent,1
29,348687,871615,683,6,5,39096,60,No,Own,1
32,468356,1287804,507,2,1,7654,48,No,Rent,1
32,1097544,789617,767,12,4,40413,24,Yes,Mortgage,0
56,816888,880774,563,1,0,11077,12,No,Mortgage,0
26,285534,1013371,657,9,2,27291,60,No,Mortgage,1
30,861302,1355799,663,3,4,14086,60,No,Rent,0
65,827761,533454,729,21,2,11300,24,No,Rent,0
23,945475,790582,686,4,0,12786,24,Yes,Own,0
51,576840,432762,612,29,3,28652,36,No,Own,0
31,482239,519234,848,10,3,31075,84,No,Rent,0
65,1146409,934463,638,0,4,31264,60,No,Own,1
23,208170,756056,695,4,0,11995,48,No,Rent,1
33,839312,542179,534,1,2,650,60,No,Rent,0
33,561285,1016593,728,15,3,37994,36,Yes,Mortgage,1
45,643341,340200,624,28,0,8177,24,No,Rent,0
46,1147385,709866,639,12,2,29848,36,No,Mortgage,0
46,1270063,455063,607,19,4,34064,24,No,Mortgage,0
41,1024054,693390,662,15,3,20046,60,No,Own,0
46,1067372,577568,568,5,0,17219,48,No,Own,0
64,1022855,916612,748,6,0,21284,12,Yes,Own,0
36,1180472,326229,811,7,5,28544,48,No,Rent,0
36,926960,855688,643,7,2,21618,24,No,Mortgage,0
46,368939,204740,774,28,2,17956,60,No,Mortgage,0
37,554798,60845,750,19,3,38378,60,No,Own,0
57,1186749,279649,484,9,1,19510,60,No,Own,0
45,180733,608367,765,13,1,27247,36,No,Mortgage,1
59,935319,559874,651,12,1,27489,36,No,Mortgage,0
63,921432,1380267,619,2,5,32881,60,No,Own,1
33,1411070,67605,768,8,3,40930,48,No,Rent,0
38,238304,650355,563,5,0,13256,60,Yes,Rent,1
63,323233,792722,583,6,4,31218,12,No,Rent,1
63,893143,335067,621,18,1,7921,60,No,Mortgage,0
51,604171,715608,660,20,0,18099,36,No,Own,0
63,1083641,60497,749,5,1,17660,60,No,Mortgage,0
26,551626,280441,611,12,1,29503,84,No,Mortgage,0
48,1793392,811412,816,10,3,30891,36,No,Rent,0
29,570876,429749,650,7,1,14449,60,No,Mortgage,0
43,398013,955156,772,4,2,15341,48,No,Mortgage,1
40,366672,50390,690,20,4,22474,48,No,Own,0
34,1207020,1105805,683,19,1,14050,60,No,Mortgage,0
45,1527473,474396,644,9,5,36163,48,No,Mortgage,0
31,1689883,329112,726,11,3,12207,36,No,Rent,1
24,358337,823607,645,9,2,31827,60,No,Own,1
24,635465,50000,653,5,4,52001,24,Yes,Mortgage,0
42,399315,813046,651,2,4,50789,60,No,Rent,1
41,1364301,365055,646,17,5,39210,60,No,Rent,0
22,925009,506813,567,7,2,21265,84,No,Own,0
63,467909,179246,776,21,4,34010,60,Yes,Own,0
34,705297,1153349,529,12,3,18894,36,No,Own,1
49,925461,346456,789,15,4,35128,36,No,Mortgage,0
55,684011,50000,768,20,3,42702,60,Yes,Rent,0
41,663561,889799,725,21,1,0,24,No,Rent,0
51,948193,626519,528,23,3,30007,48,No,Own,1
36,721102,551603,735,19,1,18406,60,Yes,Rent,0
52,643116,78551,713,9,1,18845,60,No,Own,0
65,1335715,643710,537,13,0,14066,60,No,Rent,1
51,856737,645314,696,15,0,0,24,No,Mortgage,0
46,699981,184855,779,28,1,14546,36,No,Mortgage,0
47,531803,50000,737,16,2,25879,36,No,Rent,0
33,883606,596460,656,7,4,30715,84,No,Rent,1
62,543953,775810,675,2,4,42637,24,No,Own,0
49,995374,729468,788,30,3,26253,84,No,Own,0
52,1049248,713405,581,30,2,16294,36,No,Mortgage,0
57,472141,320978,483,25,4,38732,60,No,Rent,0
51,465985,585061,775,14,2,21055,60,No,Rent,0
27,865081,613162,816,11,4,40564,36,No,Rent,0
57,1149045,554223,703,19,4,41109,60,No,Rent,0
28,909224,604035,645,11,0,5562,36,No,Own,0
49,588974,597886,551,31,5,28535,24,No,Own,0
65,686117,542819,608,23,3,50002,36,Yes,Rent,1
31,1112981,91669,809,9,4,20055,48,No,Own,0
56,1050472,642695,602,22,2,20506,24,No,Own,0
41,1372819,399621,845,22,5,17583,24,No,Own,0
64,189875,361781,704,29,0,16203,24,Yes,Own,1
62,795162,249850,729,22,0,15488,36,No,Rent,0
41,1044788,376377,672,14,4,32238,60,No,Own,0
38,351277,380317,694,3,3,38295,48,No,Mortgage,0
58,289350,513697,767,30,0,25906,48,Yes,Rent,1
56,820790,993804,756,30,3,11780,24,No,Rent,0
29,150000,1547230,620,14,1,20421,36,Yes,Rent,1
42,353712,642150,790,6,1,12153,84,No,Rent,0
62,901094,332848,640,1,1,18367,36,No,Own,0
39,944984,772680,629,8,3,21451,60,Yes,Rent,1
42,952947,1251023,675,7,0,16683,60,No,Rent,1
54,668585,292471,745,7,5,28601,36,No,Rent,0
64,412680,499638,605,6,3,35458,60,No,Rent,0
34,700818,441953,610,18,0,13245,36,No,Own,0
23,906315,724437,744,5,1,11783,36,No,Rent,0
50,374213,504230,833,8,2,17653,36,No,Rent,0
44,944448,240328,586,21,3,29982,60,No,Own,0
33,1077584,444011,689,10,4,40362,36,Yes,Rent,0
59,898177,409507,733,28,3,19493,12,No,Rent,0
54,761205,519169,796,18,3,23129,36,Yes,Mortgage,0
39,648712,1065850,783,11,5,32881,36,No,Rent,1
21,441076,1274376,703,1,4,25133,48,No,Own,0
42,176714,105465,697,20,2,18720,36,No,Rent,1
27,1093480,580489,587,8,0,29740,48,Yes,Rent,0
61,1166604,732072,484,8,1,22335,36,No,Rent,1
44,1130048,297350,673,25,2,13650,12,No,Rent,0
41,266288,582762,627,20,5,29319,60,No,Rent,1
27,741738,737889,771,8,1,27452,84,No,Mortgage,0
56,399982,518110,793,10,2,30266,60,Yes,Mortgage,0
45,446343,795803,814,11,2,23768,60,No,Mortgage,0
44,489711,1159445,718,22,5,31231,48,No,Mortgage,1
39,1295593,685848,638,13,3,41627,36,Yes,Rent,0
58,712048,73012,633,27,5,21170,84,No,Rent,0
49,184811,50000,596,29,0,20992,36,No,Rent,0
21,220324,687887,665,3,1,12294,48,No,Rent,1
58,1344815,742597,653,25,5,39206,12,Yes,Rent,0
63,645914,960296,850,24,0,2431,60,Yes,Rent,0
49,566287,900734,564,28,2,22988,12,No,Mortgage,1
59,901412,208679,805,28,5,38977,36,No,Rent,0
47,718162,772510,638,7,1,5092,60,No,Own,0
59,574483,1054968,642,16,1,12774,12,Yes,Own,1
37,574369,375484,810,11,5,50708,12,No,Mortgage,0
43,677347,873822,635,18,3,38510,48,No,Rent,1
51,949589,842987,731,16,1,29586,48,No,Own,0
32,552121,422045,764,15,3,18383,60,No,Rent,0
34,624442,872911,665,9,1,22776,24,No,Mortgage,0
21,695537,453026,642,2,0,22093,12,No,Mortgage,0
44,1257298,949862,850,26,0,1002,24,No,Rent,0
41,1458584,861796,731,21,3,28029,36,No,Own,0
39,1026265,432430,677,13,1,28735,60,No,Mortgage,0
58,180600,50000,817,9,3,30315,36,Yes,Rent,0
54,1219319,50000,700,26,3,40945,12,No,Rent,0
41,938851,628664,539,6,3,13276,24,Yes,Own,0
45,637206,779361,643,8,1,6429,60,No,Own,1
31,842154,526171,682,17,0,10164,12,No,Mortgage,0
48,964777,946568,734,4,1,11400,12,No,Rent,0
58,385308,1159191,610,19,5,39028,60,No,Rent,1
39,1214555,524174,702,14,0,12458,84,No,Mortgage,0
42,150000,699996,726,25,3,36938,12,No,Rent,1
43,1091385,844228,735,16,2,25913,24,No,Rent,0
62,465187,169798,725,8,1,10351,36,No,Rent,0
56,781720,1335946,767,0,0,9298,36,No,Mortgage,1
65,381936,1036298,737,4,4,36885,84,Yes,Rent,1
63,249815,83713,519,17,2,2198,48,No,Mortgage,0
54,864509,497959,829,4,1,22995,60,No,Rent,0
23,592116,928679,636,0,5,37927,36,No,Mortgage,1
51,695306,169807,751,11,1,17407,48,No,Mortgage,0
56,649540,222822,837,7,5,30494,24,Yes,Own,0
56,1727387,827992,648,16,1,24049,48,No,Mortgage,0
44,744370,992260,700,29,5,52332,60,No,Rent,0
40,967536,704734,609,18,2,16351,36,Yes,Rent,1
30,788291,622141,832,14,0,17294,60,No,Rent,0
42,408859,887232,750,17,3,37783,60,No,Rent,1
38,338698,612726,624,20,4,29981,60,No,Rent,1
44,1145159,658203,784,12,5,31115,36,Yes,Mortgage,0
64,692255,217157,682,21,4,38930,48,Yes,Rent,0
31,1006231,1083294,764,8,1,10609,60,No,Mortgage,0
58,651019,746079,649,17,5,46136,60,No,Rent,0
30,1385453,108496,572,8,4,29433,60,No,Mortgage,0
47,642178,73055,830,0,1,11470,12,No,Own,0
41,311005,749028,588,22,5,35266,24,No,Own,1
61,563259,219132,673,5,2,17055,48,No,Rent,0
47,574249,178381,783,27,1,15631,36,No,Mortgage,0
51,859852,579359,634,16,4,43979,36,No,Rent,0
52,397053,695666,779,10,4,30090,36,No,Rent,0
36,877815,366685,460,7,2,25309,36,No,Rent,1
62,1141471,50000,686,19,0,25307,36,No,Own,0
27,622300,536232,625,12,2,9477,60,No,Mortgage,0
29,934659,50000,762,11,5,29897,60,No,Rent,0
24,743796,687196,632,5,3,13812,60,No,Rent,0
51,548679,681911,659,9,1,27285,36,No,Mortgage,0
38,540717,189499,648,16,4,31951,24,No,Mortgage,0
22,1404949,50000,834,4,5,18821,36,Yes,Rent,0
46,1342000,431249,749,8,3,5140,48,No,Own,0
50,1374364,716325,634,25,0,7071,60,Yes,Mortgage,0
37,268529,757787,682,1,4,46427,60,No,Rent,1
58,583894,525109,560,20,2,13149,84,No,Mortgage,0
44,771724,690556,683,3,2,7950,48,No,Mortgage,0
39,684695,1035244,624,17,5,32033,36,Yes,Rent,1
45,657451,561308,739,4,2,4231,36,No,Rent,0
25,184859,176058,672,5,5,33653,24,No,Rent,1
34,400191,375298,757,8,4,17403,48,No,Rent,0
57,695229,134779,669,19,4,28689,12,Yes,Rent,0
48,1166092,665409,750,9,5,30576,36,Yes,Mortgage,0
54,150000,523245,745,28,5,24850,24,No,Mortgage,1
32,1516284,629585,572,16,0,0,36,No,Rent,0
65,230125,1120634,824,11,0,9468,60,Yes,Own,1
37,1288975,120234,702,19,1,0,36,No,Own,0
39,1338044,62859,784,25,1,9872,48,No,Rent,0
65,239885,405474,733,4,4,37393,60,No,Rent,1
54,906733,341892,686,28,5,37734,60,No,Own,0
49,1008294,496550,703,7,1,24537,36,No,Own,0
58,354022,200015,650,16,4,42590,12,No,Rent,0
24,959749,444190,683,3,1,24453,36,No,Mortgage,0
49,1235630,1337840,671,25,2,34490,60,Yes,Own,0
23,990627,885047,704,5,3,25040,48,No,Rent,0
52,1325308,157794,696,29,4,23084,60,No,Rent,0
65,1195028,135296,748,8,5,33135,36,No,Rent,0
26,916842,544141,613,3,2,31405,24,No,Rent,0
59,1304640,934688,616,20,3,25850,48,No,Rent,1
44,667588,1034684,566,16,5,42250,60,No,Mortgage,0
38,411666,93277,606,6,5,30608,60,No,Rent,0
28,557654,623012,691,9,4,42173,84,No,Rent,0
56,354118,1153754,571,17,5,40983,60,No,Rent,1
23,270494,600693,711,4,5,27095,24,No,Rent,1
56,814716,164856,576,31,4,28401,12,No,Rent,0
56,381308,536798,775,8,1,7636,60,Yes,Rent,0
37,325326,448050,562,21,1,25776,36,No,Rent,1
27,862570,717780,753,4,5,25912,24,No,Mortgage,0
38,725673,1115271,745,20,2,35569,24,No,Rent,0
36,1360512,50000,838,16,4,37372,36,No,Mortgage,0
62,923819,837816,705,10,5,38785,48,No,Own,0
52,955590,53769,598,3,0,23062,36,No,Rent,0
35,735956,929293,694,7,1,21176,24,No,Mortgage,0
53,281159,572578,618,27,0,8724,60,No,Mortgage,1
44,643663,554228,592,7,1,10458,24,No,Own,1
45,661275,50000,843,2,1,12015,12,No,Own,0
34,374662,956962,588,9,3,30007,36,No,Rent,1
21,457924,800548,644,3,0,10531,24,No,Own,1
30,536758,373865,755,12,3,18760,60,No,Rent,0
27,1060663,415569,746,8,0,12919,36,No,Mortgage,0
48,837952,858506,505,28,1,32229,12,No,Rent,1
35,547451,449037,765,6,2,19704,48,No,Rent,0
60,252288,361875,789,8,5,33319,36,No,Rent,1
21,512936,1074873,647,4,0,29575,36,No,Rent,0
65,800899,50000,633,21,4,33625,36,No,Rent,0
57,703367,50000,738,6,1,30389,36,No,Own,0
38,653505,1111873,539,11,3,17642,36,No,Own,1
52,538093,89277,814,8,4,40821,60,No,Rent,0
42,544756,300706,850,6,2,11449,12,No,Rent,0
27,379258,808324,669,9,4,32195,60,No,Own,1
44,936983,586994,548,10,4,46884,60,No,Own,0
24,747352,443297,673,8,1,30177,36,No,Mortgage,1
36,1488573,50000,686,16,0,2238,48,No,Own,0
38,654302,1122207,556,11,2,23511,36,No,Own,1
56,707331,182557,850,9,5,34056,24,Yes,Own,0
26,1309670,698259,768,3,5,41603,36,No,Rent,0
49,905869,382235,776,16,5,33851,36,No,Mortgage,0
28,572544,131091,719,5,3,29556,48,No,Own,0
33,526424,750533,571,6,2,24030,36,No,Mortgage,0
29,816706,850486,821,13,2,17093,60,No,Own,0
56,314527,565701,622,29,2,7033,60,No,Mortgage,1
32,370992,779756,779,10,0,17152,36,No,Own,1
24,598990,897635,649,0,5,38234,36,No,Mortgage,1
30,921312,522441,512,14,4,26812,60,No,Rent,1
27,579860,529280,670,9,3,6357,60,No,Rent,0
28,1184640,1252327,733,1,2,26349,84,No,Rent,0
50,1026156,479499,605,1,5,44040,36,No,Mortgage,0
65,1356677,820833,535,9,3,31307,60,No,Rent,0
62,757922,581190,691,30,3,47299,60,No,Mortgage,0
57,206017,458499,750,6,0,15434,48,No,Rent,0
46,807265,980491,757,8,5,20169,48,Yes,Rent,0
23,487627,946614,685,4,2,13823,12,No,Own,1
44,784266,478945,485,9,5,33038,48,Yes,Rent,1
49,916337,337840,660,19,0,7816,48,No,Rent,0
31,178354,78824,735,4,1,29747,36,No,Rent,1
23,310060,468233,411,2,5,27324,84,Yes,Rent,1
30,741880,721306,662,10,4,47625,24,Yes,Mortgage,0
23,895431,372762,725,4,2,27165,36,No,Mortgage,0
21,315759,1298775,701,2,4,24506,60,No,Own,1
34,582461,51083,757,18,3,38067,60,No,Own,0
50,512136,894801,831,27,1,4565,60,No,Rent,0
41,150000,799457,683,28,5,50821,48,No,Rent,1
60,1334234,892560,578,27,0,6130,36,No,Rent,0
25,1051161,768644,679,9,0,6586,60,No,Own,0
53,1315230,58987,685,2,1,18348,84,No,Own,0
31,998189,90777,808,12,2,18409,60,No,Mortgage,0
59,752127,74108,766,24,3,41382,60,Yes,Rent,0
28,318397,511701,704,0,3,9543,36,No,Own,1
51,250594,187954,635,13,5,34971,48,No,Rent,0
60,1150055,783248,549,5,1,17456,36,No,Rent,0
44,192461,399503,819,21,3,12173,48,No,Mortgage,1
60,259038,508175,754,8,2,16730,48,No,Rent,1
52,632866,147008,801,8,5,32081,24,Yes,Own,0
48,725999,803210,721,13,5,38912,84,No,Rent,0
27,939257,454608,721,9,0,10047,36,No,Mortgage,0
51,957965,634413,699,5,2,27917,12,No,Mortgage,0
60,706785,716844,848,18,1,20493,36,Yes,Rent,0
32,150000,145717,525,10,3,37458,12,Yes,Rent,1
30,217390,50000,723,5,2,32938,36,No,Rent,1
28,424891,325733,790,7,3,20196,48,No,Rent,0
58,741171,821291,540,10,0,11506,12,No,Rent,0
54,303904,463694,796,8,3,28576,60,Yes,Mortgage,1
40,906255,491276,630,12,4,30947,60,No,Rent,0
49,465664,541216,526,18,4,28392,84,No,Mortgage,1
33,271517,435477,507,14,1,9830,36,No,Rent,1
21,687367,879165,645,0,4,41872,36,No,Mortgage,1
51,1452823,534415,651,11,5,23517,60,No,Rent,0
27,687953,574205,709,9,5,41720,84,No,Rent,0
22,1290424,781988,647,0,3,22321,60,No,Own,0
36,1029082,611834,838,12,5,37088,36,No,Mortgage,0
26,489742,748637,754,8,5,40266,12,No,Mortgage,0
46,1034045,50000,826,28,3,24067,84,No,Rent,0
57,765045,70992,766,19,3,41120,60,Yes,Rent,0
53,700083,509478,693,0,5,42668,60,Yes,Rent,0
43,739497,809148,592,0,4,20503,36,No,Mortgage,0
50,675890,469260,590,31,2,27344,36,No,Own,0
56,462336,363728,529,14,4,21001,24,No,Rent,0
65,1211054,1076542,820,16,5,46164,36,No,Rent,0
22,996992,50000,786,3,4,16053,36,No,Rent,0
23,566918,1133204,741,7,0,3427,36,No,Own,0
52,477281,587693,749,22,2,22025,36,No,Rent,0
36,276566,715257,584,16,3,27054,36,No,Mortgage,1
22,1002355,590992,740,7,5,24184,84,No,Own,0
23,437988,1317578,702,7,4,23928,36,No,Own,1
52,1084586,469726,610,0,4,44852,36,No,Mortgage,0
54,757364,367085,760,9,4,24558,36,No,Rent,0
42,150000,50000,769,3,5,28233,24,No,Mortgage,0
51,409125,575295,796,14,0,21873,60,No,Rent,0
42,611676,726249,590,20,2,32358,36,No,Mortgage,1
54,556444,855353,850,30,1,6977,60,No,Rent,0
54,947786,628964,699,5,2,23293,60,No,Rent,1
51,450978,765659,849,19,1,2190,60,No,Own,0
37,1225824,140339,703,20,0,0,36,No,Own,0
37,1111981,347253,617,9,0,22615,48,No,Own,0
41,181798,81434,741,0,5,27526,24,No,Mortgage,0
30,619058,563210,687,9,5,30452,36,Yes,Mortgage,0
42,1338238,410549,693,11,0,16148,36,No,Rent,0
46,485741,730059,751,23,5,41905,48,Yes,Rent,0
54,712317,758121,727,12,2,29433,60,No,Rent,0
22,1301427,800991,647,0,3,23584,60,No,Own,0
60,1181259,635259,672,11,3,43535,60,No,Rent,0
43,225323,53748,631,26,3,32047,48,No,Rent,0
61,269751,667765,677,7,1,14853,48,No,Rent,1
46,1054052,670091,584,17,3,34050,48,No,Own,0
47,795081,235238,704,30,2,11192,24,No,Mortgage,0
52,630816,60411,799,10,4,40622,60,No,Rent,0
63,764927,1103381,621,22,1,46138,36,No,Own,0
65,894391,538860,707,22,0,7037,24,No,Rent,0
56,472800,295024,544,19,3,20199,24,No,Rent,0
51,314251,474351,845,21,3,18610,60,No,Mortgage,0
47,438606,267662,648,7,2,19816,60,No,Rent,1
35,185695,821202,619,19,4,45075,36,No,Mortgage,1
50,362375,359855,794,24,3,14574,24,No,Mortgage,0
43,805420,359693,649,9,0,12860,36,No,Mortgage,1
27,593587,722823,627,8,1,37182,60,No,Own,0
29,877300,893027,808,6,3,13901,60,No,Own,0
32,457958,121930,835,14,0,2330,36,Yes,Mortgage,0
32,587616,316786,816,13,4,37808,60,No,Rent,0
36,1196872,1040363,705,20,3,17769,60,No,Mortgage,0
36,156625,120410,533,6,3,38453,12,Yes,Rent,1
56,453727,222994,642,19,3,28280,60,No,Rent,0
62,695461,70158,621,20,2,4151,36,No,Own,0
55,336635,559082,850,13,2,24954,36,No,Rent,0
48,504807,569996,529,21,5,29055,84,No,Mortgage,1
40,855259,438074,440,11,0,10319,36,Yes,Own,1
25,335010,50000,553,2,2,45289,12,No,Rent,0
61,1023941,544254,696,13,3,40473,48,Yes,Mortgage,0
55,589445,410880,625,12,0,16911,48,Yes,Mortgage,0
49,355038,118512,756,6,3,20332,24,No,Mortgage,0
21,150000,652517,524,3,2,19770,36,Yes,Rent,1
41,1063978,681272,638,17,3,19168,60,No,Own,1
40,953156,394591,592,5,0,25904,60,No,Rent,0
31,1371596,737224,602,9,0,0,60,No,Mortgage,0
30,821831,88325,678,14,2,10678,48,No,Rent,0
21,258701,573675,683,5,5,27290,24,No,Rent,1
28,566869,95743,693,3,5,29419,60,No,Mortgage,0
47,1124027,486705,566,4,1,16839,48,No,Own,0
39,421602,517096,785,2,2,19229,60,No,Mortgage,0
60,1693957,822889,645,13,1,20903,48,No,Mortgage,0
41,336531,1167807,760,10,2,14865,36,No,Own,1
65,474014,964473,824,28,0,6959,60,Yes,Rent,0
34,845138,622527,656,18,5,34962,36,No,Mortgage,0
65,185844,66466,674,20,0,17340,24,No,Mortgage,0
63,1222293,557014,555,14,0,16373,60,No,Rent,0
51,720182,50000,698,28,4,41260,36,No,Mortgage,0
35,753209,1213590,709,17,1,18760,60,No,Own,0
50,188990,790108,684,10,2,9598,60,No,Mortgage,1
41,731932,790466,723,20,3,24331,12,Yes,Rent,0
57,907664,463914,697,11,4,30593,36,No,Mortgage,0
24,675351,353758,772,9,0,21602,60,No,Own,0
57,347375,922362,595,1,0,21342,36,Yes,Own,1
33,710751,684268,835,15,0,18393,60,No,Rent,0
54,1286838,438036,488,21,4,28867,60,No,Rent,1
26,890835,288402,714,5,1,10512,60,No,Rent,0
61,280754,50000,610,19,2,2219,36,No,Own,0
56,432393,451869,565,29,0,9365,48,No,Own,0
21,409442,1232466,692,3,3,29651,60,No,Own,1
38,354094,101789,576,8,5,28722,60,No,Rent,1
52,1338871,50000,680,5,2,19493,84,No,Own,0
65,346266,50000,589,24,0,13076,60,No,Rent,0
54,727094,522445,500,3,0,32959,48,Yes,Own,1
25,262173,426893,686,5,3,23690,36,No,Rent,1
42,1250450,292722,687,0,1,21926,12,No,Own,0
24,1310764,547306,623,4,4,25550,60,No,Own,1
61,992981,613074,704,1,0,15693,36,No,Mortgage,0
31,438924,517446,603,12,5,24177,24,No,Own,0
30,768793,50000,685,6,5,58675,36,No,Mortgage,0
62,507782,50000,585,18,2,25443,48,No,Rent,0
57,565507,85191,799,10,2,24680,48,No,Rent,0
65,1311878,146473,770,7,5,32905,36,No,Rent,0
30,485777,320450,625,11,3,34718,84,No,Mortgage,0
36,281437,1099659,747,9,1,12246,36,No,Own,1
45,150000,303159,599,26,4,9009,60,No,Rent,1
52,409559,1540619,636,24,5,33411,24,No,Own,1
36,369854,443808,565,3,0,13812,48,No,Rent,1
29,1062109,158513,570,12,2,10620,48,Yes,Mortgage,0
34,653111,596915,631,5,1,14811,24,No,Rent,1
65,1235991,623025,658,13,4,44913,60,No,Rent,0
47,522755,683111,744,22,2,12595,60,No,Rent,0
51,167511,708096,661,10,2,10214,60,No,Mortgage,1
45,520282,828047,798,8,2,28944,60,No,Mortgage,0
62,960389,568265,800,5,3,31839,36,No,Own,0
47,654712,602680,605,21,5,41423,36,Yes,Rent,1
41,514886,108507,547,19,3,26651,36,No,Rent,1
58,804417,962924,690,7,3,24539,60,No,Rent,0
63,575590,185215,654,9,3,39578,84,No,Mortgage,0
25,680654,50000,706,0,0,6233,60,No,Rent,0
47,465355,521610,793,12,1,21488,60,No,Rent,0
45,251998,50000,704,18,4,13283,84,Yes,Own,0
21,1142248,527381,700,5,3,6471,36,No,Rent,0
46,300342,174870,740,3,3,17915,24,No,Mortgage,0
35,656176,376227,614,16,1,10505,36,No,Own,0
25,1024911,729145,667,9,1,6499,60,No,Own,0
38,847089,1157224,760,17,3,33237,24,No,Rent,0
37,676583,735243,850,15,1,13690,60,No,Rent,0
34,679904,50000,684,2,5,57216,36,No,Mortgage,0
41,237558,1033839,653,24,3,16092,36,Yes,Mortgage,1
39,261817,737804,683,22,5,49244,48,No,Rent,1
55,784990,1455372,727,2,0,8207,36,No,Mortgage,0
34,180339,753694,738,15,3,23247,60,No,Rent,1
33,695431,1223222,507,10,0,2381,12,No,Mortgage,1
34,301188,1021778,618,7,2,29542,36,No,Rent,1
43,1256534,383650,715,13,1,11055,36,No,Rent,0
64,897446,785773,692,6,5,34378,48,No,Own,0
34,649390,1023448,669,14,4,37014,36,Yes,Rent,1
55,986534,802242,632,25,1,7714,48,No,Rent,0
33,1199116,351244,672,11,5,21061,12,No,Own,0
48,622482,362227,772,10,2,39756,12,No,Mortgage,0
43,400704,1494997,687,7,3,34406,60,No,Rent,1
21,293887,825108,692,1,1,9015,48,No,Rent,1
29,875508,50000,680,1,3,23106,24,No,Own,0
60,753847,494714,776,17,0,2824,48,No,Mortgage,1
52,596939,192002,667,14,1,28230,24,No,Rent,0
39,951600,555284,664,10,1,14794,24,Yes,Rent,0
29,1250441,91558,813,9,1,30094,60,No,Rent,0
60,776239,1070707,685,13,0,17930,36,No,Own,0
65,150000,556136,525,23,5,41020,48,No,Mortgage,1
35,485738,112330,659,15,2,18575,24,No,Mortgage,1
41,536490,1570073,679,4,4,35876,60,No,Rent,1
54,1083803,555707,611,26,3,21590,60,No,Mortgage,0
22,455749,322817,684,3,3,13461,36,No,Rent,0
25,575800,531873,594,9,4,60673,60,No,Own,0
50,1244367,674793,833,0,1,18616,24,No,Own,0
62,1300012,568454,850,17,4,30816,60,No,Mortgage,0
53,1140094,417244,675,22,4,31345,48,No,Mortgage,0
44,813384,1296778,699,27,3,12866,36,No,Rent,0
53,621575,418728,692,5,1,7479,60,No,Rent,0
50,718874,725933,710,26,2,6892,36,Yes,Rent,0
24,800360,526900,650,4,3,37656,36,No,Mortgage,0
43,211660,335039,667,27,0,7307,60,No,Rent,0
50,1012413,117478,818,18,5,46233,48,No,Mortgage,0
43,274124,91964,723,17,3,14937,84,Yes,Own,0
34,620701,253223,771,17,5,18368,48,No,Rent,0
50,345628,674740,746,11,4,30979,36,No,Rent,1
49,849066,50000,613,19,0,16529,12,No,Own,0
44,294787,876996,630,24,0,16020,36,No,Rent,1
56,315798,672123,659,18,2,20831,24,No,Rent,1
50,838345,450383,682,29,4,18690,36,No,Rent,0
48,614807,1059247,585,3,5,33544,36,No,Mortgage,0
29,607018,215828,796,2,1,44583,60,Yes,Rent,0
27,1401376,948947,778,10,0,873,60,No,Rent,0
62,528897,859869,644,23,4,49654,36,No,Rent,0
39,530555,240478,756,15,1,7496,36,No,Rent,0
36,841532,649995,627,18,5,17581,60,No,Own,1
34,234447,412285,487,13,0,10378,36,No,Rent,1
31,1301368,747563,589,11,4,36685,36,No,Own,0
47,891472,56434,605,6,4,30305,84,No,Rent,0
35,287694,580875,570,18,3,26425,36,No,Rent,1
38,861815,383149,706,13,2,17379,60,No,Mortgage,0
61,796301,555517,665,26,0,16410,60,No,Own,0
37,774521,768817,474,17,0,210,48,No,Mortgage,1
58,814728,579801,620,15,2,7540,60,Yes,Mortgage,1
50,425375,197415,530,29,1,19295,48,No,Mortgage,0
65,185740,428362,598,25,1,12528,60,No,Rent,1
65,203239,66328,716,23,2,11091,60,Yes,Mortgage,0
44,871371,560987,775,19,3,22265,12,No,Own,0
46,719859,755614,656,4,1,5294,60,No,Own,0
57,1346101,974817,561,28,1,4559,36,No,Rent,0
21,150000,848827,581,7,5,36451,36,No,Rent,1
47,416689,608030,761,7,2,9962,84,No,Rent,0
34,1078537,91161,614,14,3,40652,12,No,Own,0
51,579096,547518,656,7,0,19840,12,No,Mortgage,0
34,649336,185289,748,15,2,29974,60,No,Own,0
54,1193224,579004,604,9,3,23124,48,No,Rent,0
63,157810,532885,526,22,4,36118,48,No,Mortgage,1
23,210619,359905,775,6,2,7861,36,No,Rent,1
21,1084888,323295,632,2,2,19585,84,No,Own,0
39,348810,348212,598,18,0,2467,60,No,Rent,0
40,406329,336289,511,27,2,15624,24,No,Rent,1
34,807700,352618,585,7,2,31301,48,No,Rent,0
55,922436,811125,704,14,4,28749,48,No,Own,0
30,1471632,873740,613,13,4,32571,84,Yes,Rent,0
57,150000,66148,839,9,3,31794,36,Yes,Rent,1
32,1256304,723503,600,15,4,32922,36,No,Own,1
21,809075,264677,702,6,5,36454,84,No,Mortgage,0
57,668787,711880,650,15,4,46641,60,No,Rent,0
40,966526,318639,554,19,2,19616,36,No,Rent,0
49,615409,50000,644,29,3,16382,60,Yes,Mortgage,0
22,453398,1353083,690,7,4,21215,36,No,Own,1
25,624608,251891,648,9,2,19160,48,Yes,Mortgage,0
59,664036,616023,549,6,1,20924,36,No,Own,0
21,247391,287412,699,3,2,681,36,No,Mortgage,0
45,679361,482655,631,12,0,21283,36,No,Rent,0
30,1178726,144630,695,7,5,34741,60,No,Own,0
43,738702,661461,491,22,5,33358,36,No,Rent,0
44,566825,338917,617,8,5,33027,36,No,Mortgage,1
41,914848,534129,718,9,0,11501,24,Yes,Rent,0
51,805537,751139,772,16,0,19400,60,No,Own,0
61,527419,827747,654,24,5,48404,36,No,Rent,0
22,339038,870698,826,1,0,14406,60,No,Own,0
40,575875,503811,573,12,2,26113,48,No,Rent,1
61,585003,50000,595,8,1,29612,36,No,Mortgage,0
64,262492,267494,671,2,1,35447,24,No,Rent,0
44,1147885,520384,711,14,1,24867,24,No,Rent,0
45,802747,57949,588,28,2,3658,36,No,Rent,0
44,949840,1257304,675,12,4,28365,60,No,Own,0
36,336370,742128,773,10,0,9778,36,No,Own,1
54,463105,564059,809,12,1,18861,60,No,Rent,0
58,744173,768108,691,23,2,26071,36,No,Rent,0
46,491660,84447,635,7,4,30443,36,No,Mortgage,0
50,577573,949888,762,25,0,19700,36,No,Rent,0
30,550571,1506638,639,11,4,26745,60,No,Mortgage,1
62,698580,1388057,685,1,4,32416,60,No,Mortgage,0
37,663377,274033,665,18,5,35204,60,No,Mortgage,0
57,372808,1064745,588,4,0,19827,24,No,Own,0
58,702357,812324,610,14,5,50150,60,No,Rent,1
47,256909,295934,634,13,4,40088,48,No,Rent,0
32,392297,115251,617,0,4,42691,84,No,Own,0
46,1134064,50000,695,14,1,13259,12,No,Rent,0
57,690479,328214,733,6,5,51572,84,No,Own,0
45,762818,945712,658,31,5,50916,60,No,Rent,0
29,1021524,83232,779,10,1,23193,60,No,Mortgage,0
33,890229,115052,704,13,4,37316,24,No,Mortgage,0
55,669438,147828,686,26,2,24244,12,No,Own,0
36,732428,160037,803,3,1,23319,24,No,Rent,0
30,839330,642483,665,14,3,20968,60,No,Own,0
31,906150,663221,811,9,5,29242,84,Yes,Rent,1
51,695035,50000,588,4,4,43256,48,No,Rent,1
40,499523,227936,646,12,4,29372,48,No,Rent,0
53,568870,368876,704,25,2,8433,60,No,Own,0
56,1038553,801217,753,31,5,38456,36,No,Rent,0
26,762302,734800,760,8,5,28046,60,No,Own,0
58,612748,578904,694,1,5,16277,48,No,Rent,0
56,572617,826248,610,15,5,40918,60,No,Rent,0
40,585422,699904,566,25,2,25300,36,No,Mortgage,0
33,994207,50000,634,10,5,37420,60,No,Rent,0
53,796787,262417,633,14,3,18694,60,No,Mortgage,0
33,275424,50000,710,15,3,24956,36,No,Own,0
35,902811,559797,812,20,4,35392,84,No,Rent,0
59,443675,579157,739,22,1,7324,36,No,Rent,0
34,162656,790688,617,15,2,13917,48,No,Rent,1
65,1027302,365973,646,22,5,46219,48,No,Rent,0
48,545461,1011713,584,18,4,37817,60,No,Mortgage,1
57,513532,108709,740,8,0,8085,36,No,Rent,0
53,169501,373790,689,9,4,23885,60,No,Mortgage,1
40,1411770,364421,850,22,5,18371,24,No,Own,0
47,537501,951375,697,13,0,12009,48,No,Own,1
42,779022,264709,715,14,1,37549,36,No,Mortgage,0
31,1015651,117593,667,11,1,16379,36,No,Rent,0
37,781392,212872,773,11,4,28595,60,No,Own,0
52,1192949,159107,683,17,3,36588,60,No,Rent,0
65,705770,1065919,606,23,3,41881,36,No,Own,1
50,360098,226228,808,26,3,20026,60,No,Mortgage,0
35,817481,398146,534,8,2,30672,36,No,Rent,0
21,575245,50000,729,3,2,23079,84,No,Own,0
38,1541685,825337,770,24,4,28021,36,No,Own,0
31,972864,124420,781,8,2,11180,60,No,Mortgage,1
41,385430,850016,510,18,2,8776,60,No,Own,1
65,150000,622173,534,23,5,42117,48,No,Mortgage,1
47,152540,222127,594,21,4,17823,60,No,Rent,0
47,464784,80381,661,14,4,43757,60,No,Mortgage,0
39,544823,411603,799,4,0,26616,60,No,Own,0
51,1297340,166192,710,27,3,21405,60,No,Rent,0
63,659316,358632,618,16,5,41772,48,No,Mortgage,0
65,267553,710152,652,17,4,34085,36,No,Rent,1
39,614342,458233,640,1,0,15913,24,No,Rent,0
60,187559,338858,690,1,2,36474,24,No,Rent,1
64,487188,50000,626,16,2,24962,48,No,Rent,0
58,770204,127477,613,27,3,29233,84,No,Rent,0
55,1144774,479058,605,6,5,32258,36,No,Rent,0
34,173350,767715,626,13,0,13970,48,No,Rent,1
56,706581,432327,610,12,0,15760,48,Yes,Mortgage,0
27,457176,50000,485,3,1,3775,48,No,Mortgage,0
48,555459,815864,605,24,5,41504,36,No,Rent,0
56,781536,453372,706,31,2,20734,36,No,Rent,0
31,766406,59518,672,5,5,58139,36,No,Mortgage,0
48,260092,863812,693,14,5,31478,60,Yes,Own,1
38,150000,1304027,679,7,3,33578,60,No,Own,1
36,640016,532967,680,6,5,41920,60,No,Mortgage,1
39,424627,446163,767,22,5,36541,84,No,Mortgage,0
65,689484,355069,597,17,5,42472,48,No,Mortgage,0
47,685243,55337,569,2,3,37558,48,No,Rent,0
46,577997,1227654,720,2,2,8510,24,No,Own,1
51,952366,50000,828,15,5,46432,48,No,Mortgage,0
21,791170,588276,681,2,3,26858,60,No,Rent,1
47,795804,64856,609,26,2,1287,36,No,Rent,0
51,996499,519347,593,21,2,20388,48,No,Rent,0
58,1090278,287990,840,2,5,40432,48,Yes,Mortgage,0
25,954323,703769,635,6,0,4314,36,No,Own,0
52,826437,459221,728,30,4,22018,36,No,Rent,0
32,401830,767151,586,13,3,24864,60,No,Rent,1
25,761782,680896,595,2,4,37875,60,Yes,Rent,1
25,1254425,482894,677,4,0,11920,48,No,Rent,0
25,946817,728965,655,8,0,4078,60,No,Own,0
47,1023902,50000,722,1,2,26671,36,No,Own,0
31,260436,320394,497,13,1,5954,36,No,Rent,1
62,591266,1474304,695,1,4,31954,60,No,Mortgage,1
54,150000,316387,700,9,4,23644,60,No,Mortgage,1
44,804544,676826,694,4,2,16372,48,No,Mortgage,0
57,362253,481110,794,7,3,28208,60,Yes,Mortgage,0
38,1003919,445573,620,16,1,25082,36,No,Mortgage,0
39,916979,498350,677,18,5,43514,36,No,Mortgage,0
49,570442,687050,721,19,1,12724,60,No,Rent,0
65,1306039,550363,535,25,3,41348,60,No,Mortgage,1
52,921386,50000,599,5,3,21799,36,No,Rent,0
31,711176,50000,697,0,0,5210,60,No,Rent,0
25,1028264,368614,709,5,1,2208,60,Yes,Rent,0
49,844949,972702,730,5,3,39676,12,No,Own,0
41,1387901,392028,843,24,5,19192,24,No,Own,0
63,758141,459370,778,23,0,4080,48,No,Mortgage,0
64,675230,1011377,643,28,3,23928,24,No,Rent,0
46,560888,720600,745,21,2,8802,60,No,Rent,0
34,237073,566499,675,12,0,17805,84,No,Own,1
54,417161,541012,668,25,0,11338,60,No,Rent,0
39,1278258,474498,748,11,0,17784,36,No,Rent,0
40,482376,205494,679,20,3,31662,24,No,Mortgage,0
40,724839,1062336,650,17,3,51804,36,No,Mortgage,1
55,592850,832830,850,30,2,3724,60,No,Rent,0
42,703988,908990,617,15,3,39064,48,No,Rent,0
38,1542466,367288,681,21,1,18024,24,No,Rent,0
31,510312,710181,723,16,0,12690,36,No,Own,0
28,661945,50000,729,2,0,6163,60,No,Rent,0
26,983095,177757,575,12,2,9871,48,Yes,Mortgage,0
63,283501,622212,643,3,0,14277,48,No,Rent,1
38,518120,211647,713,21,1,14741,60,No,Mortgage,0
38,995679,727019,689,17,4,36270,36,No,Own,0
48,1251053,411263,599,1,0,17785,48,No,Rent,0
46,326215,202697,793,29,2,15952,60,No,Mortgage,0
28,345657,622668,708,10,2,18251,36,No,Own,1
58,196363,868612,798,17,4,30903,48,No,Rent,1
35,963628,490530,707,8,0,17766,36,No,Own,0
53,893688,1273914,666,32,0,16237,84,No,Own,0
49,778338,93451,767,23,3,29726,36,Yes,Own,0
57,445363,877907,671,25,2,23659,36,No,Rent,0
63,810301,453528,613,23,3,21575,24,No,Own,0
62,868572,1004440,850,12,4,13468,60,Yes,Rent,0
52,645738,546090,737,26,4,44577,24,No,Own,0
50,1144412,932422,634,25,5,45069,48,Yes,Own,0
55,893751,640841,717,2,0,18139,36,No,Mortgage,0
63,161848,686996,628,10,5,19533,36,No,Rent,1
33,367266,746208,647,17,5,41012,36,No,Mortgage,1
61,374131,276115,760,16,4,22803,48,No,Mortgage,0
27,900644,445902,717,8,4,19272,84,No,Own,0
48,713397,152270,758,19,3,33437,36,No,Rent,0
48,368606,462002,715,14,0,31479,36,No,Own,0
52,1323081,538634,619,12,4,22444,60,No,Rent,0
25,950819,705513,676,7,0,6432,36,No,Own,0
23,150000,241906,640,5,1,22300,48,No,Rent,0
48,1231810,796827,798,28,3,10222,48,No,Own,0
30,739032,635308,850,10,0,17762,60,No,Rent,0
26,1399549,611871,555,7,5,26850,60,No,Own,0
28,898236,485804,543,15,5,40122,36,No,Rent,0
31,628341,50000,643,12,5,41619,60,No,Mortgage,0
38,560904,420131,585,8,1,22032,48,No,Rent,0
32,1243379,50000,636,12,3,31567,24,No,Own,0
22,954222,757343,507,3,3,24078,24,No,Rent,0
43,1040146,618648,763,14,4,28484,36,Yes,Mortgage,0
43,456940,715828,847,24,0,2745,60,No,Rent,0
23,346991,845764,650,8,3,31987,60,No,Own,1
51,1144425,370581,786,24,0,0,60,Yes,Mortgage,0
38,742632,968294,682,17,4,40006,36,Yes,Rent,1
63,935475,945820,826,12,5,15171,60,Yes,Rent,0
24,1036781,50000,589,4,1,20541,60,No,Own,0
50,378161,512446,777,4,1,19136,36,No,Rent,0
44,200671,1081020,643,28,4,15085,36,Yes,Mortgage,1
42,1276916,399311,670,12,0,11139,36,No,Rent,0
40,314048,363969,603,11,3,41676,48,No,Own,1
44,735170,496369,625,11,0,25414,36,No,Rent,1
53,917438,425093,699,8,4,35171,84,No,Rent,0
28,481636,630077,560,10,5,35299,60,Yes,Mortgage,1
61,990182,271492,556,7,5,20820,36,No,Rent,0
21,184906,273652,530,7,5,42208,36,No,Rent,1
61,833446,318069,640,1,1,17840,36,No,Own,0
49,207959,185205,759,22,1,6703,24,No,Own,0
35,1130021,604373,678,1,2,23551,36,No,Own,0
58,1024340,448050,670,10,5,25132,36,No,Mortgage,0
35,334159,518091,650,16,2,19958,48,No,Rent,0
39,336806,50000,707,3,2,34018,36,No,Mortgage,0
39,844558,814786,788,20,5,29561,24,No,Mortgage,0
57,206565,764068,662,14,1,19729,24,No,Rent,1
56,765814,600479,671,10,0,15622,36,No,Rent,0
46,708538,58814,631,0,4,3099,60,No,Rent,0
30,834111,855827,524,15,4,29976,36,No,Own,1
25,910356,477894,611,6,2,18885,84,No,Own,0
44,856128,838931,527,12,3,21479,12,Yes,Mortgage,0
62,839695,56617,614,4,2,15581,60,No,Rent,0
41,1254608,525642,694,12,0,11545,84,No,Mortgage,0
62,743991,315536,713,10,4,27059,24,No,Rent,0
33,741208,1127691,543,12,4,21705,36,No,Own,1
40,1274588,50000,771,23,1,13554,48,No,Rent,0
58,605807,749708,850,11,4,52019,36,No,Own,0
28,737959,58688,667,3,5,59207,36,No,Mortgage,0
24,150000,134747,721,1,4,38603,60,No,Own,1
57,730702,830949,540,28,3,22824,36,No,Rent,0
44,494880,794196,806,3,3,26537,60,No,Mortgage,0
51,1243866,194168,728,26,4,19584,60,No,Rent,0
54,774414,87036,718,4,1,36768,36,No,Own,0
62,610921,50000,828,10,2,23598,60,No,Mortgage,0
54,680806,50000,652,19,3,12729,60,No,Mortgage,0
62,642513,1465590,691,1,4,33783,60,No,Mortgage,0
54,526837,671097,613,1,0,18911,36,Yes,Rent,0
49,635683,1284115,689,6,2,3043,24,No,Own,1
27,338635,574646,577,7,1,30677,36,No,Rent,1
41,458893,382433,723,24,4,30364,60,No,Own,0
65,1150683,840659,628,23,4,12834,24,No,Own,0
65,227067,543209,551,21,4,40751,48,No,Mortgage,1
32,1051154,1098973,726,11,1,10628,60,No,Mortgage,1
46,150000,236674,833,11,3,20994,36,No,Rent,0
21,802057,736100,806,7,2,29808,84,No,Mortgage,0
47,633671,708505,646,5,1,8620,60,No,Own,0
64,1245014,637566,677,10,4,47011,60,No,Rent,0
53,852452,346594,769,18,5,34093,36,No,Mortgage,0
55,1212635,50000,677,26,4,39723,12,No,Rent,0
60,788219,872569,586,4,0,9138,12,No,Mortgage,1
35,806060,687943,622,16,4,18355,60,No,Own,0
54,1297899,424948,488,21,3,35233,60,No,Rent,1
51,1167312,430855,726,3,3,14526,12,No,Mortgage,0
46,447752,869128,809,14,3,37360,60,No,Rent,1
52,802092,50000,592,24,5,55403,24,No,Mortgage,0
47,694167,551858,713,5,2,6614,36,No,Rent,0
30,821463,1166143,515,5,2,22256,84,Yes,Mortgage,1
53,604174,411129,781,8,1,37571,12,No,Mortgage,0
65,903686,587961,816,8,5,32759,36,No,Own,0
48,319048,131002,737,2,3,20415,24,No,Mortgage,0
38,665932,486436,717,9,1,19604,24,No,Rent,0
65,449501,185154,672,5,3,38324,84,No,Mortgage,0
48,728121,600909,663,6,1,21733,36,No,Rent,0
27,549351,452910,694,6,5,7459,60,No,Rent,0
53,548456,50000,790,2,2,28045,60,No,Own,0
47,431438,611023,630,29,2,27329,84,Yes,Own,1
56,983583,488054,845,4,2,27709,60,No,Rent,0
58,726130,575487,678,6,4,42530,48,Yes,Mortgage,0
27,428206,683845,631,9,4,33790,36,No,Rent,1
35,150000,758803,777,8,5,39681,60,No,Mortgage,1
58,940971,1412239,768,11,5,37319,60,No,Rent,0
64,855637,386410,621,22,2,19859,24,No,Own,0
64,1174689,800335,567,9,1,26640,60,No,Rent,0
56,364836,383813,779,10,0,25079,36,No,Own,0
34,670147,954988,753,16,0,5989,60,No,Rent,0
24,891946,514268,780,7,5,24015,84,No,Own,0
21,722647,721098,715,3,2,32888,48,No,Rent,0
62,876383,967795,782,22,1,17984,36,No,Own,0
35,1059165,780315,706,16,4,36964,24,Yes,Mortgage,0
37,495671,848428,730,7,4,17849,48,No,Rent,0
35,720214,467742,719,16,2,20666,36,No,Mortgage,0
52,629024,115275,723,8,0,17777,60,No,Own,0
33,421135,259442,696,18,1,10429,60,No,Rent,0
31,842434,1199097,531,7,2,22422,84,Yes,Mortgage,1
47,714706,445678,655,17,0,17869,60,No,Mortgage,0
65,1189634,971453,653,0,5,27994,60,No,Own,0
43,528618,1107153,842,20,3,29263,36,No,Rent,0
33,167772,474870,658,0,2,13298,60,No,Mortgage,1
61,800391,443135,681,26,2,35183,60,No,Rent,0
30,210116,169193,685,13,1,22967,36,No,Rent,0
64,966548,653216,831,25,3,42610,36,No,Rent,0
63,1205794,668127,536,24,5,38500,60,No,Mortgage,0
61,836452,330946,682,20,4,40460,36,No,Mortgage,0
58,1066845,904366,523,20,4,38493,84,No,Rent,0
64,558950,164733,649,3,3,38415,84,No,Mortgage,0
49,681833,118158,716,9,5,34340,60,No,Own,0
25,213759,223565,737,4,1,7468,36,No,Mortgage,0
56,653579,740325,676,5,0,10524,60,No,Own,0
62,598023,1122407,607,17,0,10083,12,Yes,Own,0
26,867398,144073,587,3,5,42378,84,No,Rent,0
57,909148,537921,663,19,1,5732,60,Yes,Mortgage,0
57,345248,1105718,571,19,5,38849,60,No,Rent,1
57,721716,456824,662,0,3,41294,60,Yes,Rent,0
56,753959,50000,636,8,0,8272,36,No,Rent,0
30,246442,571133,618,17,0,13062,60,No,Own,1
31,1189312,175451,624,0,5,35985,36,Yes,Own,0
55,784643,970964,707,6,2,29161,60,No,Rent,0
60,477062,225749,768,19,4,37280,60,Yes,Own,0
31,674512,640707,645,15,0,291,36,No,Rent,0
65,736996,506721,675,5,0,0,60,No,Own,1
38,947365,723657,828,12,5,40924,36,No,Mortgage,0
43,835567,526622,823,5,2,29451,60,No,Rent,0
26,613834,443807,607,8,0,11849,60,No,Mortgage,0
40,1594880,938492,648,25,2,29479,36,No,Mortgage,0
64,454259,697535,760,9,0,19022,36,No,Mortgage,0
32,280864,644537,788,3,1,26032,60,No,Rent,1
42,187238,136416,404,4,1,5198,36,No,Own,1
56,747167,225600,660,15,4,20791,60,No,Mortgage,0
26,454202,757412,598,6,4,36245,36,No,Rent,1
51,797540,144775,722,20,5,33304,36,No,Rent,0
26,546672,89996,801,6,0,16328,60,No,Rent,0
54,1234026,815467,740,13,0,17838,36,No,Mortgage,0
65,1059572,867287,663,24,4,15850,24,No,Own,0
39,339609,772576,611,18,2,4777,24,No,Own,1
35,150000,302891,575,3,2,23177,60,No,Rent,1
34,982159,718933,841,10,4,39169,36,No,Mortgage,0
49,694056,50000,580,5,4,40677,48,No,Rent,0
39,788666,50000,736,15,2,27760,12,No,Mortgage,0
37,1153542,280209,774,7,5,31673,48,No,Rent,0
48,1286724,825103,689,22,1,21842,24,No,Mortgage,0
25,743725,1015615,693,8,3,14316,60,No,Mortgage,0
63,150000,1124061,815,3,2,22242,48,No,Rent,1
21,434049,864085,850,2,0,10866,60,No,Own,0
47,150000,320509,636,29,0,10758,60,Yes,Rent,1
44,430660,1156295,686,27,5,28216,48,No,Mortgage,0
60,464317,1282922,749,6,4,27034,36,No,Rent,1
56,467490,625578,681,9,1,19684,12,No,Mortgage,0
22,736381,50000,771,10,2,29366,36,No,Own,0
55,789423,50000,537,26,5,17971,36,No,Rent,0
56,854781,58929,514,27,4,13459,36,No,Rent,0
64,1030780,922261,733,8,0,18561,12,Yes,Own,0
47,931727,1400928,644,16,0,8816,36,Yes,Rent,1
48,677729,315933,626,29,0,13464,24,No,Rent,0
36,668667,335357,606,16,4,21612,60,No,Own,0
52,459999,581728,659,27,0,10839,60,No,Rent,1
46,794703,140603,739,18,4,25177,36,No,Rent,0
56,1065491,528730,830,7,5,41511,60,No,Own,0
37,1243817,1086481,653,18,1,13577,60,No,Mortgage,0
59,156342,576078,648,7,2,22094,60,No,Rent,1
30,225090,606713,710,10,4,32327,24,No,Rent,1
36,681517,931216,573,19,0,10997,84,No,Own,0
51,245316,333128,839,20,2,21884,36,No,Own,0
49,219403,437348,850,20,0,20275,36,No,Own,0
34,188581,50000,821,18,4,24845,48,Yes,Mortgage,0
30,377870,888910,621,12,5,25691,60,No,Rent,1
52,653258,820430,662,6,1,15513,12,No,Own,1
30,770108,645040,632,11,4,45382,24,Yes,Mortgage,0
29,1309171,893070,803,9,2,19390,60,No,Own,0
52,542002,806295,837,19,1,7212,60,No,Own,0
63,893982,708221,741,10,1,6525,48,Yes,Rent,0
41,910636,1223616,715,11,4,28616,60,No,Own,0
23,880149,50000,658,5,1,18251,60,No,Mortgage,0
39,649937,1093295,619,3,2,16757,60,No,Own,0
49,551080,315546,573,16,5,47174,36,No,Mortgage,1
60,616151,167116,603,27,4,25738,84,No,Rent,0
45,812663,518327,794,21,0,18734,60,No,Own,0
48,1017833,511309,565,7,0,20815,48,No,Own,0
36,833513,539306,667,15,1,23903,60,No,Rent,0
31,994016,946871,696,12,4,13832,36,Yes,Mortgage,0
61,214795,303531,523,0,0,2208,60,No,Rent,1
30,918469,211485,598,6,5,46201,84,No,Rent,0
57,863223,492691,551,19,5,36189,12,Yes,Mortgage,0
38,315067,605524,596,22,5,26698,60,No,Rent,1
31,1020447,1029199,845,8,4,19641,24,No,Rent,0
23,519509,1220302,711,0,3,23130,48,No,Own,0
63,534088,237583,658,5,2,20063,48,No,Rent,0
58,527824,398612,816,26,2,18180,36,No,Own,0
49,636606,726193,713,15,4,42518,84,No,Rent,0
39,907048,713330,850,11,5,35581,36,No,Mortgage,0
27,937479,70393,781,11,3,31195,60,No,Rent,0
51,760851,50000,673,26,1,40665,36,No,Mortgage,0
38,223417,50000,612,15,5,23595,60,No,Rent,0
35,1012073,661323,566,6,4,10811,24,Yes,Own,0
57,765465,386277,552,11,5,50139,36,No,Own,0
31,792180,980086,504,17,5,44365,36,No,Mortgage,1
27,852323,715289,759,10,4,26842,60,No,Own,0
26,615739,709182,722,13,4,33232,84,No,Rent,1
36,981934,883932,683,8,4,20487,24,No,Mortgage,0
58,1366067,915713,574,30,1,5379,36,No,Rent,0
55,698871,142486,624,30,4,23098,84,No,Rent,0
55,809364,434552,567,18,4,33207,12,Yes,Mortgage,1
58,615407,300671,727,4,5,52399,84,No,Own,0
26,1349876,959067,798,8,3,25568,60,No,Own,0
37,642327,883271,650,5,1,20645,24,No,Mortgage,0
40,611177,240319,783,17,4,16219,48,No,Rent,0
35,1249838,1173991,675,18,2,21362,60,No,Mortgage,0
39,815191,426384,460,11,0,9237,36,Yes,Own,0
60,990397,578439,647,15,3,29769,36,No,Mortgage,0
32,1742412,906174,765,11,5,52347,12,No,Mortgage,0
64,557403,676642,757,23,2,21454,60,No,Rent,0
50,960779,822525,736,13,3,28475,48,No,Own,0
61,1383437,977904,602,28,1,4715,36,No,Rent,0
34,811727,586287,692,19,4,20502,60,No,Mortgage,0
21,150000,183799,561,0,2,23277,48,No,Rent,1
54,875522,181153,667,16,1,31315,84,Yes,Mortgage,0
47,874953,217127,808,6,1,9654,60,No,Rent,0
28,150000,717586,654,0,4,23541,60,No,Mortgage,1
43,927006,896232,832,7,3,27642,84,No,Rent,0
21,769944,523624,619,3,3,31848,60,No,Rent,0
63,934407,1001293,689,24,5,47870,48,No,Mortgage,0
22,542572,378232,814,1,1,32744,36,No,Rent,0
43,1335855,516361,742,19,4,28880,48,Yes,Rent,0
64,307940,898361,574,2,1,25125,84,No,Rent,1
51,1298045,169200,704,25,5,20163,60,No,Rent,0
39,688872,889400,726,19,0,1399,24,No,Rent,0
41,335957,833690,636,18,1,22900,36,No,Mortgage,1
41,236937,1030740,645,21,3,16342,36,Yes,Mortgage,1
34,853354,765896,607,20,3,15201,60,No,Own,0
62,290575,219881,668,16,3,43738,12,No,Rent,0
62,1302797,559045,842,13,2,33363,60,No,Mortgage,0
38,717079,653822,651,7,3,45878,84,No,Rent,1
36,319240,602540,577,20,1,5226,48,No,Mortgage,0
42,709007,240339,615,20,5,19991,36,No,Mortgage,0
40,479435,482090,646,15,4,25391,24,No,Mortgage,0
38,1296709,1106435,686,19,2,19112,60,No,Mortgage,0
58,451052,311958,756,15,3,14182,48,No,Mortgage,0
53,428159,558901,841,25,3,18397,60,No,Mortgage,0
29,973211,835597,532,8,2,31267,60,No,Rent,0
41,524560,1151821,843,18,1,27263,36,No,Rent,0
32,418552,1320956,522,3,1,4579,48,No,Rent,1
49,748482,185841,712,19,4,27819,36,No,Rent,0
60,527282,235941,661,10,3,37612,84,No,Mortgage,0
27,1132901,1097658,585,5,3,10248,60,No,Rent,0
63,608386,937968,830,26,0,6400,60,Yes,Rent,0
45,948875,291355,604,19,0,2982,24,No,Own,0
45,619947,924658,566,27,1,17392,12,No,Mortgage,1
45,634975,86154,822,11,4,42031,12,No,Own,0
62,1015169,1066613,702,28,0,19158,60,No,Rent,0
49,427239,541174,531,18,4,34316,84,No,Mortgage,0
56,868475,556504,850,4,1,21866,60,No,Rent,0
49,376844,194514,653,7,1,15834,60,No,Rent,0
44,1252169,995469,850,24,1,6071,24,No,Rent,0
21,983531,901153,677,2,2,25050,48,No,Rent,0
57,572409,538785,531,19,0,8572,84,No,Mortgage,1
30,750914,1253317,532,13,1,3029,12,No,Mortgage,1
21,699846,460669,760,4,5,30832,60,No,Rent,0
27,803351,837058,415,9,0,21355,60,No,Own,1
48,342276,625447,677,20,5,26099,36,No,Rent,1
56,866818,1023069,730,31,2,10365,24,No,Rent,0
25,1383196,696924,584,9,1,16825,60,No,Mortgage,0
29,1167193,707030,479,9,0,20586,48,No,Own,0
47,1451852,414759,741,5,2,2776,48,No,Own,0
27,403320,1568611,611,13,4,43587,60,No,Rent,1
46,1142020,565415,562,8,1,15458,48,No,Own,0
31,774764,188077,850,14,4,12930,48,No,Rent,0
33,1417338,517464,815,19,0,19668,24,No,Rent,0
39,179863,50000,605,2,0,21091,60,No,Rent,0
24,466432,214752,794,3,4,34503,36,No,Own,0
62,1124931,507175,661,15,0,9605,36,No,Mortgage,0
45,150000,516566,757,13,3,32508,36,No,Mortgage,1
38,424760,110801,780,8,4,19687,36,No,Rent,0
23,715759,506712,729,4,4,27460,60,No,Rent,0
56,698748,222462,619,11,1,26767,24,No,Rent,1
23,1431737,322405,677,8,5,37639,60,No,Own,0
48,1102741,709552,659,10,3,34457,36,No,Mortgage,0
40,1024370,123606,642,13,5,42068,24,Yes,Rent,0
49,178509,758821,673,8,3,7538,60,No,Mortgage,1
21,875033,950621,694,6,4,20619,48,No,Rent,0
37,150000,1289737,653,6,1,35813,60,No,Own,1
65,360335,552377,727,12,0,2676,36,No,Rent,0
46,700775,788069,672,6,0,3396,60,No,Own,0
47,808373,211877,692,9,5,39441,24,No,Own,0
31,313304,772765,761,1,0,12530,36,No,Rent,1
56,515080,250635,636,18,3,25124,60,No,Rent,0
54,695061,50000,572,26,5,18157,36,No,Rent,0
46,963204,782702,836,10,2,12466,36,No,Rent,0
23,426412,844613,836,2,0,10710,60,No,Own,0
64,805539,491659,777,20,0,3581,48,No,Mortgage,0
39,1011155,259815,826,6,4,26436,60,No,Mortgage,0
33,501792,296815,727,8,5,42210,60,No,Rent,0
34,380636,696453,775,13,0,12612,36,No,Own,0
22,1225973,737852,757,6,5,41268,36,No,Rent,0
34,382894,463259,789,12,2,21011,48,Yes,Rent,0
37,712061,730374,651,20,4,30575,36,No,Rent,0
25,643263,50000,757,1,4,25611,60,Yes,Rent,0
33,150000,749873,746,12,3,28567,60,No,Rent,1
27,645729,1053419,599,12,3,26382,36,No,Rent,1
65,1197903,53984,642,25,4,44947,36,No,Mortgage,0
50,763958,152896,850,8,3,21537,36,No,Mortgage,0
52,675288,72978,739,8,0,16655,60,No,Own,0
31,647846,623644,657,9,5,28328,36,Yes,Mortgage,0
64,971777,447895,612,24,5,47483,48,No,Rent,0
21,552987,191625,821,4,5,31615,36,No,Own,0
33,1441902,50000,692,17,1,1429,48,No,Own,0
45,375886,532258,605,19,2,28225,12,No,Rent,0
52,806583,943781,703,3,3,42077,12,No,Own,0
51,519882,413011,784,15,3,25407,24,No,Own,0
50,911272,102017,606,15,5,44901,24,No,Mortgage,0
54,830891,823552,527,24,0,28443,12,No,Rent,0
27,407777,1512854,614,9,4,44929,60,No,Rent,1
60,1213302,392536,466,16,1,13314,48,No,Rent,1
53,515345,300237,665,22,0,24377,12,Yes,Mortgage,0
61,348237,50000,654,23,0,10379,60,No,Rent,0
42,818183,935269,613,15,0,18547,24,No,Rent,0
36,365593,402579,683,17,3,13499,60,No,Rent,0
28,785668,53509,547,10,3,33261,60,No,Mortgage,0
49,729915,401340,689,31,3,37818,36,Yes,Mortgage,1
55,257076,759737,674,18,1,20294,24,No,Rent,1
34,541471,447882,779,11,4,47497,12,No,Mortgage,0
28,416778,287648,743,8,2,20813,48,No,Rent,0
34,530912,466381,811,14,4,31461,12,No,Rent,0
50,716069,299063,705,17,3,28048,60,No,Mortgage,0
24,260863,401654,781,3,0,13175,36,No,Rent,0
27,223803,1016713,755,11,4,35271,36,Yes,Mortgage,1
29,324139,548366,615,9,4,41091,12,No,Mortgage,1
61,1050916,1170194,666,27,1,21710,60,No,Rent,0
23,956911,558972,611,4,0,27749,84,No,Own,1
46,603931,1055339,628,0,5,38764,36,No,Mortgage,0
52,371281,645757,591,7,0,3248,24,No,Rent,1
48,732920,189741,726,19,5,27465,36,No,Rent,0
31,978490,672066,680,7,1,25930,48,No,Mortgage,0
45,194072,711611,685,8,2,5367,60,No,Mortgage,1
41,973845,416573,623,2,0,20578,60,No,Rent,0
27,528656,50000,757,5,0,15416,60,No,Rent,0
31,1119751,882012,731,12,1,23907,60,No,Mortgage,0
33,506094,743532,793,17,1,12424,36,No,Own,0
46,1206493,586908,774,11,4,29364,36,Yes,Mortgage,0
42,675804,385432,539,16,1,33092,36,No,Mortgage,0
55,633091,907885,850,25,1,22931,24,No,Mortgage,0
61,895346,581749,633,28,0,14628,60,No,Own,0
31,767373,356710,634,14,5,31002,60,No,Mortgage,1
56,1294684,988121,606,28,2,4777,36,No,Rent,0
62,292812,318025,635,2,2,36973,24,No,Rent,1
46,871236,854747,514,9,4,28484,12,Yes,Mortgage,1
60,150000,282937,668,9,3,26203,60,No,Mortgage,1
43,962537,1479536,633,16,4,20411,60,No,Own,0
57,1365290,50000,569,11,1,17572,48,No,Mortgage,0
65,1116821,829595,706,7,0,24329,12,Yes,Own,0
45,663948,1080651,605,0,5,39368,36,No,Mortgage,1
65,906084,757564,751,7,1,3328,48,Yes,Rent,0
38,381229,397661,669,8,2,16700,36,No,Mortgage,0
63,232171,704382,635,19,4,32693,36,No,Rent,1
31,222309,357219,612,11,0,12073,36,No,Rent,1
50,938724,635768,581,29,5,48358,36,No,Own,0
58,1056301,889258,593,8,3,37463,36,No,Mortgage,1
56,493520,435491,805,23,2,19759,36,No,Own,0
36,150000,50000,801,18,4,26435,48,Yes,Mortgage,0
35,532604,98652,744,17,3,35605,60,No,Own,0
41,371775,1015825,666,11,2,27411,48,No,Rent,1
22,180314,675778,545,3,0,20243,36,Yes,Rent,1
40,956448,337631,669,11,1,18911,60,No,Mortgage,0
49,587747,336305,642,10,5,35582,36,No,Mortgage,1
57,347240,504275,774,6,3,30448,60,Yes,Mortgage,1
47,1163978,883916,616,28,5,38946,48,Yes,Own,1
35,735764,577161,712,18,1,17089,60,Yes,Rent,0
59,150000,697383,663,12,1,19182,84,No,Mortgage,1
30,926872,672116,749,10,5,28434,60,No,Own,0
50,1345476,524845,639,11,3,18800,60,No,Rent,0
30,444968,556702,708,14,0,21028,36,No,Own,0
54,693429,301481,745,8,4,23847,36,No,Rent,0
53,612912,658620,568,28,4,24171,24,No,Own,1
55,873290,919541,592,4,1,10701,12,No,Mortgage,0
59,526482,50000,572,18,2,22334,48,No,Rent,0
36,409734,159259,660,20,3,21475,24,No,Mortgage,0
21,614262,467593,662,8,2,18154,60,No,Rent,1
56,1159019,439397,619,2,1,17137,60,No,Rent,0
23,760829,87381,779,2,4,25739,60,Yes,Rent,0
65,717068,1061238,603,22,2,43876,36,No,Own,0
33,712484,844720,546,11,3,25289,48,No,Rent,1
43,752388,692827,730,6,0,14113,48,No,Mortgage,0
38,420376,407566,761,3,2,14306,36,No,Rent,0
39,708218,804536,724,22,2,3689,24,No,Rent,0
60,1059518,792300,790,5,0,4994,60,No,Mortgage,0
32,912020,50000,535,14,5,26707,24,No,Own,0
24,580577,422168,660,4,4,11408,24,No,Own,0
59,1342401,1009798,525,23,2,38812,60,No,Own,0
29,551071,628113,637,17,4,10209,36,No,Mortgage,0
53,874665,376790,765,22,0,8825,48,No,Own,0
51,183340,655994,629,11,4,16858,36,No,Own,1
34,1085816,50000,635,14,0,18898,36,No,Rent,0
28,966412,787492,580,7,2,7865,36,No,Rent,0
36,1075745,778515,569,17,5,33939,60,No,Mortgage,0
33,1153297,842756,722,12,0,18144,60,No,Mortgage,0
39,625586,224612,650,10,2,18644,84,No,Rent,0
41,262969,50000,621,23,2,31463,48,No,Rent,0
57,955528,1082858,579,4,2,6036,60,Yes,Rent,1
45,598210,277566,850,5,1,12209,12,No,Rent,0
50,645178,176233,710,14,4,33643,60,No,Own,0
51,532803,288312,587,12,3,30006,60,No,Rent,0
55,1066088,510031,703,21,4,39164,60,No,Rent,0
59,900000,792974,641,26,0,12278,48,No,Rent,0
33,233061,427010,632,3,1,13319,60,No,Mortgage,1
29,1263024,50000,756,4,4,33544,36,No,Rent,0
63,631099,690652,774,17,1,995,24,Yes,Rent,0
53,1069322,132735,517,25,3,10527,36,No,Mortgage,0
34,578158,344455,833,17,3,35113,60,No,Rent,0
25,667986,399607,748,13,0,19368,60,No,Own,0
40,608520,152397,707,14,1,16436,60,No,Mortgage,0
32,585862,414228,769,13,4,16739,60,No,Rent,0
53,661936,50000,645,19,3,17695,60,No,Mortgage,0
55,559356,80111,791,8,5,42992,60,No,Rent,0
53,918924,610676,497,29,3,23110,36,No,Own,0
39,716509,1101374,577,13,4,24495,36,No,Own,1
30,361912,836496,608,16,4,21955,60,No,Rent,1
24,508164,1088399,726,7,0,4379,36,No,Own,0
21,1165059,50000,634,2,2,4699,36,No,Own,0
52,369151,833535,666,14,3,34586,60,Yes,Own,1
34,1438162,55664,710,14,1,1583,48,No,Own,0
65,150000,585796,535,21,4,36608,48,No,Mortgage,1
43,317811,773553,540,26,5,35661,24,No,Own,1
36,1062054,458287,649,20,5,43283,36,No,Mortgage,0
53,150000,61252,622,29,3,19604,36,No,Rent,0
35,207127,781317,768,11,4,25954,60,No,Rent,0
40,349983,721409,573,21,5,33452,60,Yes,Rent,1
50,241807,806547,850,21,5,41920,36,No,Rent,1
62,150000,331213,580,3,1,2483,60,No,Rent,1
59,1224846,567791,539,14,1,22114,60,No,Rent,0
44,828888,131181,850,0,0,20468,60,No,Mortgage,0
37,717606,587932,620,6,4,39070,36,No,Rent,0
38,677009,50000,632,20,0,0,84,Yes,Own,0
31,454217,629007,716,15,1,19423,36,No,Own,0
51,404295,325766,637,8,1,27508,84,No,Rent,0
62,580860,50000,838,12,2,27225,60,No,Mortgage,1
59,916128,716930,710,11,2,22053,24,No,Mortgage,0
60,1041429,66420,644,9,2,23021,24,No,Mortgage,0
50,638458,50000,813,6,1,8893,12,No,Own,0
22,702015,531690,658,8,3,29989,60,No,Rent,0
44,647246,231079,764,2,5,17159,48,No,Mortgage,0
32,786020,673078,846,15,0,15835,60,No,Rent,0
40,649490,814764,713,26,2,2569,24,No,Rent,0
56,1051644,616072,614,29,4,16980,60,No,Mortgage,0
60,269647,511410,774,28,2,25549,48,Yes,Rent,0
47,357216,85094,702,10,0,13024,36,No,Mortgage,0
51,490633,600661,818,10,3,20515,60,No,Rent,0
25,654139,346022,750,10,0,16157,60,No,Own,0
63,747389,448586,701,4,1,0,60,No,Own,0
30,1206735,119708,830,9,3,34085,60,No,Rent,0
29,1268275,674576,697,10,0,2533,60,No,Mortgage,0
28,719785,617013,734,14,3,36594,84,No,Rent,0
31,1146111,794436,649,14,5,37500,24,No,Rent,0
22,1026173,50000,743,5,5,24161,36,No,Rent,0
27,1022523,673652,653,9,1,7940,60,No,Own,0
26,1584993,291015,758,5,2,13272,36,No,Rent,0
65,1138579,485978,529,28,2,28837,36,No,Rent,0
26,1500293,614295,612,11,2,14713,60,No,Mortgage,0
42,797812,687144,697,5,3,10352,48,No,Mortgage,0
41,393324,395275,803,4,0,17189,36,No,Rent,0
24,543661,989257,710,1,3,11746,12,No,Own,1
61,540873,300024,773,22,1,20484,36,Yes,Own,0
45,935536,1338467,718,13,3,27864,60,No,Own,0
41,527974,1096866,561,14,0,293,60,No,Mortgage,1
58,541854,819104,747,8,2,19799,36,No,Rent,0
42,1127719,118427,690,7,1,17937,36,No,Mortgage,0
49,946230,92133,800,14,5,44745,48,No,Mortgage,0
38,739327,906185,711,8,2,23304,24,No,Mortgage,0
30,487882,502199,675,11,3,5047,60,No,Rent,0
49,664870,1089162,704,26,4,29360,36,No,Rent,0
57,442918,316456,567,3,0,13051,60,Yes,Own,1
58,726198,1402233,754,0,0,6050,36,No,Mortgage,0
44,1024609,610911,557,14,2,45751,60,No,Own,0
38,681199,1017225,662,14,4,28829,36,Yes,Rent,0
36,785420,528161,760,11,2,37834,36,No,Own,0
31,1078421,714749,737,12,3,39858,24,Yes,Mortgage,0
21,956299,564434,727,2,1,25135,48,No,Mortgage,0
35,738715,50000,691,15,4,55567,24,No,Mortgage,1
58,673168,111820,651,27,1,23109,12,No,Own,0
56,1116094,696572,513,7,2,19929,36,No,Rent,0
59,650130,785704,609,13,5,44463,60,No,Rent,0
50,654345,50000,789,22,3,29433,36,Yes,Own,0
52,515771,268356,588,27,1,38634,48,No,Own,0
37,1039385,631904,752,17,1,20453,48,No,Own,0
64,777964,713205,793,0,0,25504,24,No,Own,0
38,422875,780209,580,18,0,2261,60,Yes,Mortgage,1
51,1382152,113558,742,6,2,23726,60,No,Rent,0
48,464675,1120278,705,6,3,33243,48,No,Rent,0
27,828204,364839,630,14,3,32089,60,No,Mortgage,0
63,156608,754009,648,10,2,19468,36,No,Rent,1
21,1406840,313477,588,4,0,19176,84,No,Rent,0
63,1297306,557385,540,13,2,20586,60,No,Rent,0
25,676022,363473,741,11,0,19256,60,No,Own,0
61,161383,540120,766,28,3,26324,48,Yes,Rent,1
24,966993,50000,697,3,1,15979,36,No,Rent,0
42,1221194,50000,780,24,1,16189,48,No,Rent,0
58,394962,813359,547,5,4,33430,12,No,Rent,0
49,754588,442825,582,23,1,21640,60,No,Mortgage,0
21,1217084,865702,850,3,4,15534,60,No,Rent,0
23,650807,927590,466,9,0,16767,60,No,Own,1
58,362153,1148199,577,18,4,34067,60,No,Rent,1
53,173576,522662,753,27,3,26378,24,No,Mortgage,1
37,505385,530456,570,10,2,26061,48,No,Rent,0
31,497273,561583,606,18,0,5332,84,No,Own,0
53,454578,450793,576,10,5,47808,36,No,Rent,0
61,703739,477442,702,26,2,34228,60,No,Rent,0
48,891011,455713,573,27,3,37171,36,No,Rent,0
51,232799,350333,850,19,2,21335,36,No,Own,0
38,848948,412884,542,5,2,23908,36,No,Rent,0
60,575490,494988,547,21,0,16513,84,No,Mortgage,1
29,412311,595591,619,13,4,43322,12,No,Mortgage,0
31,1623817,932917,752,15,5,48479,12,No,Mortgage,0
25,399738,818736,676,2,3,33323,36,No,Own,0
61,554712,267134,667,6,1,20037,48,No,Rent,0
41,983811,1288974,695,14,3,30053,60,No,Own,0
31,1519867,632681,570,14,0,0,36,No,Rent,0
62,650276,723275,707,26,5,29179,84,Yes,Mortgage,0
31,1530849,316939,711,7,5,46859,48,No,Rent,0
45,926206,859964,508,8,2,20021,12,Yes,Mortgage,1
57,479316,339747,729,12,2,19547,24,No,Own,0
36,657425,418037,652,6,4,13301,36,No,Mortgage,0
62,580022,313854,665,7,2,18268,48,No,Rent,1
62,216484,99286,726,21,0,11735,60,Yes,Mortgage,0
39,202476,602197,574,5,0,16706,60,Yes,Rent,1
59,641236,1016482,609,15,0,11461,12,Yes,Own,1
60,1131683,466315,618,8,5,29332,36,No,Rent,0
52,929023,236813,669,23,2,17087,12,No,Mortgage,0
35,712857,790349,660,19,4,30467,36,No,Rent,0
46,572623,513208,691,17,2,10635,60,Yes,Rent,1
21,202012,202978,641,1,1,26170,48,No,Rent,0
43,178572,70612,774,18,0,12408,24,Yes,Mortgage,0
29,207731,203904,697,11,1,24799,48,No,Mortgage,0
32,638527,1147899,596,12,3,29539,36,No,Rent,0
30,568720,509857,627,12,1,17736,60,No,Mortgage,0
37,1113420,618704,761,19,2,18275,24,No,Rent,0
32,357941,107277,830,17,0,85,36,Yes,Mortgage,0
46,239108,50000,768,21,0,9567,24,Yes,Mortgage,0
34,150000,848006,747,11,3,25334,60,No,Rent,1
49,537584,179184,663,18,2,15753,60,No,Rent,0
33,620366,64093,746,17,2,36725,60,No,Own,0
21,887379,583829,683,4,4,32105,36,No,Mortgage,1
62,576490,997462,802,8,0,25453,36,No,Mortgage,1
35,588493,677945,596,16,1,8487,36,Yes,Mortgage,0
54,610719,600012,760,25,0,20761,36,No,Rent,0
29,583751,455956,700,9,2,2179,60,No,Rent,0
24,818804,533071,624,2,5,19017,48,No,Mortgage,0
64,1025524,506395,647,16,0,13099,36,No,Mortgage,0
30,162457,162553,676,11,2,21101,48,No,Mortgage,0
47,648980,402626,662,5,0,4647,60,No,Rent,0
62,668959,379742,593,16,5,41806,48,No,Mortgage,0
53,440843,318247,527,20,4,20307,24,No,Rent,1
24,575964,436898,645,4,1,17973,60,No,Rent,0
25,509561,92737,560,5,5,46084,24,No,Rent,1
50,675112,373195,693,6,0,9999,60,No,Rent,0
45,533960,276295,850,8,0,14750,12,No,Rent,0
35,750864,287634,727,13,0,31695,48,No,Rent,0
53,696918,1392610,757,3,0,4979,36,No,Mortgage,0
34,1228707,174969,603,15,3,44300,12,No,Own,0
63,970116,492930,681,16,0,11791,36,No,Mortgage,0
45,599733,1039143,701,22,5,28807,36,No,Rent,1
46,692753,899640,583,17,1,15991,60,No,Mortgage,1
63,815691,1032418,617,20,3,20936,36,No,Rent,0
40,1193216,581740,647,10,5,37291,36,No,Rent,0
57,365008,841694,755,18,1,18349,60,Yes,Own,1
61,1192481,736713,506,5,2,19812,36,No,Rent,0
58,601508,808160,725,27,5,26234,84,Yes,Mortgage,0
61,1327848,769904,647,28,5,43144,12,Yes,Rent,0
59,637526,334065,716,17,2,33079,24,No,Own,0
30,409309,768012,597,12,4,41810,60,Yes,Mortgage,1
56,776645,921386,591,1,0,4606,12,No,Mortgage,0
22,658098,299635,742,2,4,20716,36,No,Own,0
65,1022229,535468,540,22,1,29020,36,No,Rent,1
48,150000,889439,643,23,0,21584,36,No,Rent,1
28,213061,332959,642,7,3,29048,12,No,Mortgage,1
48,200187,884468,499,28,1,4026,36,No,Mortgage,1
56,948979,647754,643,16,0,460,24,Yes,Own,0
28,150000,769898,550,10,1,24280,60,No,Rent,1
38,345907,75849,534,6,4,28155,60,No,Rent,1
46,1209842,681899,580,15,3,25423,60,Yes,Rent,0
26,679886,50000,758,3,3,29177,36,No,Own,0
65,504830,169585,632,7,3,37912,84,No,Mortgage,0
23,606031,808389,418,4,4,18293,48,No,Rent,1
55,554067,214891,648,23,1,25482,60,Yes,Rent,1
31,883990,482858,559,15,5,35898,36,No,Rent,0
33,563880,390418,769,8,3,27204,36,No,Rent,0
32,870997,933916,670,12,5,42541,84,No,Mortgage,0
47,520599,1135309,661,29,5,31459,48,No,Mortgage,1
33,638935,277256,822,3,3,23893,48,No,Rent,0
24,938806,859445,594,7,1,13668,36,No,Rent,1
63,1224930,68663,627,21,5,39763,36,No,Mortgage,0
24,744697,50000,777,8,3,30749,36,No,Own,0
65,488384,214002,676,27,4,24839,12,Yes,Own,0
57,685364,296577,702,4,5,51365,84,No,Own,0
27,648563,587850,667,10,5,26241,36,Yes,Mortgage,0
49,584247,1027988,657,3,3,27565,60,No,Rent,1
31,831820,77654,674,15,0,11519,48,No,Rent,0
39,307368,705251,584,22,4,37807,60,Yes,Rent,1
30,457876,718641,749,10,2,44608,12,No,Mortgage,1
23,1161867,458798,695,2,2,3788,36,No,Rent,0
38,291920,1132352,744,8,0,12929,36,No,Own,1
65,433704,1094979,758,4,5,40107,84,Yes,Rent,0
51,383876,528022,850,23,2,13942,60,No,Mortgage,0
37,156138,83208,631,1,2,14665,60,No,Rent,0
24,185414,531943,620,6,4,56155,48,Yes,Rent,1
26,704522,776635,820,14,0,24511,36,No,Rent,0
38,638627,887540,667,8,2,25000,24,No,Mortgage,0
43,837007,1273220,678,11,4,28219,60,No,Own,1
50,668432,345346,765,6,1,36138,12,No,Mortgage,0
56,586699,766204,624,28,4,17340,36,No,Own,0
58,1156583,844250,525,17,4,35637,36,No,Own,1
38,600235,596268,654,3,3,13663,24,No,Rent,0
58,887109,1011447,752,33,3,8497,24,No,Rent,0
35,675814,50000,616,22,0,8616,84,Yes,Own,0
49,970375,62503,659,4,1,24161,36,No,Rent,0
27,1215680,305982,782,7,4,33698,60,No,Rent,0
38,1527677,352922,670,19,2,15330,24,No,Rent,0
51,1261320,53276,684,5,2,18530,84,No,Own,0
33,204856,77538,814,17,4,25168,48,Yes,Mortgage,0
50,667032,443645,672,4,1,3947,60,No,Rent,0
56,472580,279574,648,9,0,0,60,No,Own,0
31,212867,471679,716,10,4,36229,24,No,Rent,1
55,320405,426364,571,24,0,14982,48,No,Own,0
48,662212,317772,619,29,0,8581,24,No,Rent,0
39,560802,1106389,700,2,4,29136,60,No,Rent,0
28,631371,587005,658,8,5,30713,36,Yes,Mortgage,0
54,695287,848218,664,2,0,12782,60,No,Own,0
40,818980,668879,701,5,4,14061,48,No,Mortgage,0
45,801592,100620,578,27,2,2851,36,No,Rent,0
51,1177477,50000,691,14,0,18091,12,No,Rent,0
21,961552,411552,667,0,2,26414,36,No,Mortgage,0
59,1326857,1017109,555,27,1,2659,36,No,Rent,0
60,638511,1035239,804,19,1,10493,60,No,Rent,0
42,1637722,893129,606,22,2,32226,36,No,Mortgage,0
65,607325,50000,573,6,3,26830,36,No,Mortgage,0
52,398971,319194,604,9,2,16473,60,No,Rent,0
38,547046,1023095,792,12,5,26106,36,No,Rent,0
31,607187,552830,629,7,2,14271,24,No,Rent,1
45,244020,204966,772,19,4,35280,60,Yes,Rent,1
65,524263,260808,663,9,2,21197,48,No,Rent,0
59,502174,521501,659,24,0,9551,60,No,Rent,0
45,150000,145694,381,5,0,11331,36,No,Own,1
45,774057,66793,662,0,3,6897,60,No,Rent,0
24,863219,660913,664,7,0,5095,36,No,Own,0
53,1158142,98187,659,25,2,18043,12,Yes,Rent,0
47,1117008,706438,621,29,2,18291,36,No,Mortgage,0
45,624427,167144,760,0,5,25257,48,No,Mortgage,0
61,1339175,1018429,555,20,2,36325,60,No,Own,0
59,686200,160623,657,28,5,23817,84,No,Rent,0
55,398355,248762,693,2,5,38320,60,Yes,Own,0
45,975963,774043,850,10,2,13721,36,No,Rent,0
21,150000,628831,554,1,3,19051,36,Yes,Rent,1
57,836419,461486,694,17,3,15867,24,No,Rent,0
35,895600,782593,607,9,3,25249,60,Yes,Rent,1
39,432789,113117,718,22,2,23322,48,No,Own,0
51,347595,710567,593,0,1,422,24,No,Rent,1
36,251047,763821,567,20,2,29751,36,No,Mortgage,1
21,523131,724710,741,4,4,34710,60,No,Mortgage,0
29,857207,280833,839,12,3,11360,48,No,Rent,0
26,1132673,1128114,552,5,4,10633,60,No,Rent,1
44,613958,706991,685,23,0,14032,60,No,Rent,0
32,844322,585829,600,3,1,514,60,No,Rent,0
55,477667,439940,809,23,3,18693,36,No,Own,0
44,1275625,398212,564,18,4,31172,24,No,Mortgage,0
34,625489,597921,661,9,4,12114,24,No,Rent,0
38,577078,271177,739,5,5,25052,48,No,Rent,0
57,505761,302891,489,29,3,38169,60,No,Rent,1
45,469246,131629,597,8,5,26399,36,No,Mortgage,0
46,781038,60865,599,17,0,18488,12,No,Own,0
39,766884,171421,681,16,5,35325,60,No,Mortgage,0
38,1546579,349557,685,23,1,21213,24,No,Rent,0
21,215087,720444,674,2,1,13595,48,No,Rent,1
30,435499,874232,593,14,2,25505,60,No,Rent,1
22,626815,854434,843,2,1,33661,60,No,Rent,0
45,425043,50000,688,0,1,14812,84,No,Own,0
22,150000,113871,720,0,5,37323,60,No,Own,1
25,1462770,369096,670,4,5,42768,60,No,Own,0
32,854580,761374,686,11,3,24376,60,No,Own,0
63,834298,50000,638,4,3,19781,60,No,Rent,0
40,250277,51727,621,0,1,20643,60,No,Rent,0
37,330129,401776,767,11,1,17771,48,Yes,Rent,0
45,673680,534837,594,10,1,22127,36,No,Rent,0
31,748906,563499,672,13,2,0,36,No,Rent,0
38,327720,687734,604,22,2,36932,60,Yes,Rent,1
48,1290419,484053,806,29,5,46291,12,No,Mortgage,0
44,291039,255922,609,19,1,0,84,No,Mortgage,0
49,1200351,61496,693,16,0,18484,12,No,Rent,0
64,806214,62414,625,19,4,31416,36,No,Rent,0
35,150000,707731,668,16,4,40029,48,No,Own,1
42,1109703,656881,551,15,5,42853,48,No,Own,1
32,276081,437412,519,11,0,12344,36,No,Rent,1
35,1440548,554169,739,19,0,4096,48,No,Rent,0
47,216781,720096,839,20,4,35362,36,No,Rent,0
27,611781,50000,696,11,4,37474,48,No,Mortgage,0
50,1044643,410353,493,18,4,34132,36,No,Rent,1
29,179134,84928,665,7,1,26878,48,No,Mortgage,0
24,700987,726203,520,4,4,30367,48,Yes,Mortgage,1
58,336990,1092819,646,1,1,15736,24,No,Own,1
53,441726,859311,697,20,3,14439,60,Yes,Own,1
58,623619,767779,625,15,5,48057,60,No,Rent,0
21,954330,919858,700,5,4,20613,48,No,Rent,0
65,150000,745867,689,14,3,16915,36,No,Rent,1
65,962605,780527,633,11,4,36144,48,No,Own,0
53,150000,693101,691,22,5,21623,60,No,Rent,1
24,629252,677713,574,7,2,31699,48,Yes,Mortgage,1
34,702292,1235208,788,14,2,26334,24,No,Rent,0
34,1369771,571997,832,13,0,18287,24,No,Rent,0
22,1222963,87051,819,2,5,19029,36,Yes,Rent,0
49,810957,810785,740,21,0,12800,60,No,Own,0
36,150000,341495,799,17,4,40318,36,No,Rent,1
32,465757,620183,717,9,1,18627,36,No,Own,0
40,162054,50000,663,15,5,29469,60,No,Rent,0
51,346110,783140,669,11,1,35100,60,No,Mortgage,1
58,360401,857894,754,18,4,30109,48,No,Rent,0
63,724934,661599,850,13,3,25162,36,Yes,Rent,0
39,1251983,718227,663,16,2,40542,36,Yes,Rent,0
48,477242,348998,652,19,4,29054,48,No,Rent,1
34,1000791,655928,532,4,3,7186,24,Yes,Own,1
27,660078,982530,672,7,4,19272,60,No,Mortgage,1
65,238854,423037,708,0,5,32130,60,No,Rent,1
22,776386,475683,710,4,3,23054,12,No,Mortgage,0
36,404549,89924,656,15,3,14208,36,No,Rent,0
27,872519,987928,805,8,2,12346,60,No,Own,0
56,242018,936137,787,18,4,38432,48,No,Rent,1
62,696798,423078,723,25,1,35463,60,No,Rent,0
38,1171819,60415,713,10,3,15749,24,No,Rent,0
48,564776,742815,569,21,4,45903,36,No,Rent,0
27,1419164,50000,597,11,2,25578,60,No,Mortgage,0
27,333047,1550860,575,12,3,42408,60,No,Rent,1
21,807889,468136,624,3,5,22472,48,No,Mortgage,0
41,597439,1094557,850,15,2,27955,36,No,Rent,0
32,1392257,562386,652,14,0,19193,36,No,Mortgage,0
37,717596,540503,751,16,2,12965,36,No,Mortgage,0
61,594410,607038,548,3,0,22340,36,No,Own,0
56,1095298,54741,635,27,1,19752,12,Yes,Rent,0
64,1073773,924923,655,11,5,30079,60,No,Mortgage,0
28,1165122,215595,790,10,2,35564,60,No,Rent,0
37,664023,249603,640,18,3,17673,60,No,Own,0
52,1239493,801028,844,13,4,27874,36,No,Own,0
64,870140,684849,776,9,0,1532,48,Yes,Rent,0
37,286477,615807,586,18,5,24359,60,No,Rent,1
54,1051882,598592,618,24,3,26335,24,No,Own,0
26,781866,643141,680,11,5,45447,24,Yes,Mortgage,0
50,1038776,760012,795,27,3,28624,84,No,Own,0
56,484903,209547,653,18,4,28105,60,No,Rent,0
37,559014,536794,719,15,3,20229,24,No,Rent,0
56,1605612,50000,657,26,5,36877,48,No,Rent,0
40,1274522,435917,776,16,4,24768,48,Yes,Rent,0
44,702770,398199,643,8,0,7382,36,No,Mortgage,0
34,150000,439660,430,4,2,27652,12,No,Rent,1
40,541241,1138759,538,15,2,0,60,No,Mortgage,1
25,489514,50000,531,6,4,49006,24,No,Rent,1
46,210058,770320,540,25,5,35944,24,No,Own,1
60,649447,66601,810,9,0,17142,60,Yes,Own,0
57,979971,819433,644,25,0,13161,48,No,Rent,0
56,751085,496365,714,3,3,36446,60,Yes,Rent,0
30,902877,491218,697,15,0,5720,12,No,Mortgage,0
28,923532,646614,826,10,4,41203,36,No,Rent,0
46,1268386,513748,539,16,5,53218,48,No,Mortgage,0
39,490138,253319,771,13,5,42702,24,No,Rent,0
57,445844,260881,644,19,5,23522,60,No,Rent,0
62,833365,99437,655,14,2,10166,12,No,Rent,0
64,868338,79103,630,4,3,17613,60,No,Rent,1
50,906130,345375,825,10,5,11604,36,No,Mortgage,0
39,201062,917421,850,8,5,31142,60,No,Own,1
21,1106718,304017,609,6,2,23599,84,No,Own,0
41,358034,716781,607,20,1,294,60,Yes,Mortgage,1
60,889950,627206,669,0,1,17069,36,No,Mortgage,0
35,737936,1211559,642,15,2,19608,60,No,Own,1
64,640962,332730,449,12,2,26270,24,No,Own,1
30,150000,728663,549,8,3,26229,60,No,Rent,1
26,359301,673829,588,5,5,29463,60,No,Own,1
52,556676,419338,786,9,1,37665,12,No,Mortgage,0
29,430988,1514299,605,8,5,47017,60,No,Rent,1
51,178307,53292,603,27,1,21343,36,No,Rent,0
26,488169,798581,766,12,3,42565,12,No,Mortgage,1
56,844817,319496,748,17,2,3908,48,No,Own,0
63,279644,759421,588,5,4,31746,12,No,Rent,1
50,462141,489969,831,21,2,23457,60,No,Mortgage,0
53,337088,889216,764,25,3,22268,84,No,Rent,1
63,166987,700553,648,13,1,24474,84,No,Mortgage,1
55,628761,669857,630,6,1,27128,36,No,Mortgage,1
54,508757,1301509,751,22,5,26175,60,No,Mortgage,1
32,652235,595723,698,10,5,28746,36,Yes,Mortgage,0
55,225947,259914,818,11,2,35275,60,No,Rent,0
52,888007,496256,566,28,2,20900,48,No,Rent,1
61,491455,709641,592,7,0,21220,36,No,Own,1
25,1483089,638561,623,6,4,25193,60,No,Own,0
29,753130,354702,674,11,5,37852,60,No,Mortgage,0
63,940381,590029,632,31,0,16934,60,No,Own,0
47,1255854,573017,741,1,0,2042,24,No,Own,0
58,840440,966070,594,18,5,24456,36,No,Rent,0
29,616192,358821,748,8,0,18748,60,No,Own,0
28,844759,629059,681,4,5,31997,24,No,Mortgage,0
32,150000,50000,719,8,1,28011,48,No,Mortgage,0
36,770173,499845,767,0,4,14836,12,No,Own,0
43,1211585,573946,680,20,5,29673,48,No,Mortgage,0
29,1498393,281148,735,9,3,50298,48,No,Rent,0
59,844392,607885,657,15,2,30738,36,No,Mortgage,0
65,556656,188571,653,5,2,34629,84,No,Mortgage,0
45,598630,626637,850,26,4,14694,36,No,Rent,0
41,581655,681456,569,21,1,26076,36,No,Mortgage,1
35,922942,612666,785,7,1,25362,24,No,Mortgage,0
29,598483,318879,662,7,3,33542,48,No,Mortgage,0
30,888333,554943,533,12,2,27785,60,No,Rent,0
52,648173,957225,685,26,1,27252,60,No,Rent,0
57,346232,1161732,540,18,5,35684,60,No,Rent,1
38,264356,316690,586,10,3,46164,48,No,Own,1
24,694768,804848,615,3,2,50148,24,No,Own,0
45,461989,195592,643,10,2,17573,60,No,Rent,0
39,332444,768639,566,16,3,8814,24,No,Own,1
32,191104,647052,656,17,0,17054,84,No,Own,1
65,258860,377629,716,2,3,34736,60,No,Rent,0
22,634564,50000,713,4,2,15808,60,No,Own,0
55,867912,461216,698,18,2,17644,24,No,Rent,1
39,484457,694556,580,19,1,0,60,Yes,Mortgage,0
48,1042670,744224,648,33,2,19459,36,No,Mortgage,0
37,777702,1072907,568,10,3,24019,36,No,Own,0
63,1072444,50000,748,27,5,53063,60,No,Rent,0
63,647824,50000,606,20,4,4022,36,No,Own,0
43,697815,50000,850,2,1,16916,60,No,Mortgage,0
31,635797,551251,566,16,2,12159,84,No,Own,0
46,957029,749530,850,11,3,11605,36,No,Rent,0
55,1030015,564084,825,5,5,43868,60,No,Own,0
34,165599,579694,696,13,0,11753,84,No,Own,1
55,743121,906752,850,25,2,18683,24,No,Mortgage,0
36,160693,621074,652,9,1,15614,60,No,Rent,1
38,1030301,652603,729,13,1,17546,48,No,Own,0
52,592365,717169,679,10,3,24320,36,No,Mortgage,0
57,1087818,722103,491,3,0,17481,36,No,Rent,1
28,1168648,56364,809,9,5,22691,48,No,Own,0
64,568499,496487,818,20,1,11278,60,No,Rent,0
28,624347,553109,668,10,5,30389,36,Yes,Mortgage,1
65,811516,1059445,665,16,3,18798,24,No,Rent,0
53,619656,919887,613,16,5,31008,24,No,Mortgage,1
39,964888,731898,832,9,5,34546,36,No,Mortgage,0
40,976919,50000,643,13,4,40215,24,Yes,Rent,0
52,1425483,159644,736,5,3,22398,60,No,Rent,0
51,150000,698743,821,21,4,21342,60,No,Rent,1
46,381732,671988,654,28,1,27716,84,Yes,Own,0
54,255265,683206,721,31,3,44581,36,No,Own,1
40,706878,418192,531,18,0,31648,36,No,Mortgage,1
44,157653,434211,711,24,5,12190,36,No,Mortgage,1
51,1381204,1177447,678,16,4,19397,60,No,Rent,0
28,1068213,173987,525,7,4,40551,84,No,Rent,0
56,1318492,739066,769,13,0,19457,36,No,Mortgage,0
45,150000,384190,614,19,5,12310,60,No,Rent,1
27,256838,760343,751,0,1,16008,36,No,Rent,1
57,686837,730367,617,15,2,41799,60,Yes,Own,1
47,860330,544432,750,18,5,21217,12,No,Own,0
52,611691,346244,671,25,3,11547,60,No,Own,0
33,899951,251650,688,14,0,7415,60,No,Rent,0
27,701686,50000,660,5,4,11880,48,No,Rent,0
39,527521,187661,687,24,3,30784,24,No,Mortgage,0
51,658510,400190,603,12,1,17732,48,Yes,Mortgage,1
44,687046,1209696,498,0,4,50743,24,No,Rent,1
30,919127,63094,677,1,4,24376,24,No,Own,0
63,650701,184299,629,2,2,40428,84,No,Mortgage,0
51,267743,561737,850,26,5,70000,60,No,Mortgage,0
42,918203,911504,548,8,2,20842,12,Yes,Mortgage,0
35,150000,271145,770,18,4,39168,36,No,Rent,1
65,829959,1000517,682,0,3,37239,36,Yes,Own,0
63,1174364,50000,612,24,4,45794,36,No,Mortgage,0
65,476647,68780,685,19,1,8250,36,No,Own,0
35,196297,50000,718,6,0,19319,48,No,Mortgage,0
31,813034,618315,678,6,4,35272,24,No,Mortgage,0
54,1092380,100958,621,16,4,38643,48,Yes,Own,0
55,384049,464128,784,10,3,30267,60,Yes,Mortgage,0
55,1188241,905639,610,12,3,39503,36,No,Mortgage,1
28,839459,836243,470,6,2,18840,60,No,Own,1
29,1303053,84222,598,11,3,25623,60,No,Mortgage,0
46,699444,573198,612,20,5,38713,36,Yes,Rent,1
40,667133,243170,633,18,4,22189,36,No,Mortgage,0
25,1292164,607995,685,13,0,4278,60,No,Mortgage,0
40,385865,250576,743,14,4,45535,24,No,Rent,0
27,873342,933557,816,10,3,17473,60,No,Own,0
58,932265,59726,667,16,0,15164,12,No,Rent,0
31,486907,111697,730,5,1,33848,48,No,Own,0
38,805735,699117,628,17,5,18873,60,No,Own,1
31,249276,710379,527,15,3,34090,60,No,Mortgage,1
57,399175,473656,616,7,5,47438,36,No,Rent,1
35,892098,699485,731,15,3,19755,48,No,Own,0
32,860907,496097,579,14,4,41932,36,No,Rent,0
21,202444,758801,696,5,1,4879,48,No,Rent,1
31,876987,593239,527,12,3,30788,60,No,Rent,1
27,453132,50000,563,7,5,48771,24,No,Rent,0
46,205942,1097389,643,1,2,35998,36,No,Own,1
42,411342,879844,675,0,5,46933,60,No,Rent,1
61,176478,492550,767,29,1,20999,48,Yes,Rent,1
44,761853,90112,636,21,2,18765,12,No,Rent,0
65,933996,458392,659,24,3,28427,36,No,Rent,0
50,538196,299608,740,13,1,18385,48,No,Mortgage,0
21,1204402,807928,763,8,3,18209,60,No,Rent,0
54,1141363,789530,601,25,4,36790,60,No,Rent,0
41,357742,995967,659,7,2,27557,48,No,Rent,1
64,1358547,649329,662,10,5,45027,60,No,Rent,0
52,813832,1167057,646,28,3,15019,36,No,Rent,0
44,435443,1136859,654,27,5,27567,48,No,Mortgage,1
50,582545,798852,819,20,0,13516,60,No,Own,0
30,827181,688184,747,9,5,26563,60,No,Own,1
47,607786,1099451,606,0,5,39141,36,No,Mortgage,1
63,1050880,239019,652,4,2,30938,84,No,Mortgage,1
47,710100,524063,605,11,1,19845,36,No,Rent,0
43,306721,773483,553,24,5,30238,24,No,Own,1
40,446394,470042,610,20,3,26530,24,No,Own,1
50,150000,298086,656,9,4,37185,60,No,Own,1
41,610883,548294,710,17,1,17188,36,No,Own,0
25,507452,564224,812,6,2,30113,84,No,Rent,1
45,1014138,50000,726,2,3,27524,36,No,Own,0
51,672298,428078,720,27,3,36538,36,Yes,Mortgage,0
61,965595,704473,519,0,0,2991,60,Yes,Mortgage,1
62,230226,77637,850,30,5,28011,24,No,Own,0
30,169100,724857,697,7,3,13374,60,No,Rent,1
59,446725,556669,784,24,0,2506,36,No,Rent,0
35,724037,659080,597,4,5,38648,36,No,Rent,0
21,482437,300096,841,3,5,31776,36,No,Own,0
37,150000,152537,686,18,0,14708,60,No,Rent,1
54,150000,683006,669,22,5,24810,60,No,Rent,1
27,1087722,176465,796,11,0,16830,60,No,Mortgage,0
46,549534,930584,753,27,0,15892,36,No,Rent,0
35,1309326,771991,596,17,4,35581,36,No,Own,0
37,728214,275388,656,19,5,32142,60,No,Mortgage,1
60,637698,400570,501,21,2,16479,36,No,Rent,0
49,1466851,151227,773,7,4,20460,60,No,Rent,0
44,984015,900571,745,17,3,29508,24,No,Rent,0
49,558271,318428,686,25,2,11613,60,No,Own,0
52,1060267,929983,639,7,4,28679,48,No,Rent,0
56,979825,645865,643,17,1,7772,60,Yes,Mortgage,0
45,637343,881150,641,27,5,65569,24,No,Rent,1
22,1068716,84441,757,5,3,15920,36,No,Rent,0
48,587444,1048389,610,4,4,28060,60,No,Rent,1
50,1064292,454207,695,27,2,13960,24,No,Rent,0
52,1059180,758474,834,29,3,34221,84,No,Own,0
33,765694,393476,556,7,2,22466,36,No,Rent,0
47,1197356,538335,820,29,4,43528,12,No,Mortgage,0
35,862787,623073,548,14,0,8605,36,No,Rent,0
64,1240014,136413,748,6,4,31030,36,No,Rent,0
55,658780,138072,657,19,1,20587,60,Yes,Rent,1
25,196827,552642,745,11,5,29566,24,No,Rent,1
54,1285500,933791,796,17,4,39802,60,No,Own,0
36,960152,580954,792,20,4,43538,84,No,Rent,0
40,1083932,546838,690,0,1,14763,12,No,Mortgage,0
35,696280,418321,627,1,3,25753,60,No,Mortgage,0
37,738880,190897,623,18,4,32938,60,No,Mortgage,0
35,599867,914876,667,6,1,20393,24,No,Mortgage,0
30,1019791,65733,792,11,2,19062,60,No,Mortgage,0
43,691847,276387,465,1,2,32282,60,No,Own,0
35,150000,292205,546,0,4,25733,60,No,Rent,1
55,1108272,464426,750,0,2,14516,12,No,Mortgage,0
52,1041487,50000,654,11,5,33273,84,No,Own,0
59,371025,217796,667,17,4,47158,12,No,Rent,1
22,1369423,561730,724,1,1,14393,48,No,Rent,0
48,562058,325815,579,17,5,52762,36,No,Mortgage,0
56,958511,1090064,552,0,4,8382,60,Yes,Rent,1
55,365948,270640,636,6,5,36191,60,Yes,Own,1
55,817739,120529,634,13,5,29883,24,No,Mortgage,0
36,282301,606839,686,4,3,27062,60,Yes,Rent,1
31,865603,1128081,509,11,2,21504,84,Yes,Mortgage,1
38,1118436,50000,749,14,3,16967,24,No,Rent,0
65,730643,1093528,661,12,4,23896,24,No,Rent,0
49,1331939,714344,784,30,3,8966,48,No,Own,0
59,1275705,851015,571,20,5,26437,48,No,Rent,1
37,724219,550464,781,9,3,35266,36,No,Own,0
33,156162,191690,698,15,3,23209,48,No,Mortgage,0
31,593938,97168,683,2,2,29101,60,No,Mortgage,0
57,618945,1025559,596,28,2,29347,24,No,Rent,0
61,940044,50032,674,15,0,11306,12,No,Rent,0
49,806178,1022212,560,15,4,26363,36,No,Mortgage,0
59,1125871,89419,639,21,4,21991,24,No,Mortgage,0
36,616997,50000,753,15,4,36408,60,No,Own,0
29,201219,524339,742,11,4,34961,24,No,Rent,1
45,536212,365460,726,13,3,14238,24,No,Own,0
36,748671,57788,781,0,0,19951,24,No,Rent,0
58,620166,985856,772,27,3,3646,36,No,Rent,0
35,1143337,641174,798,15,0,4816,12,Yes,Own,0
26,669751,724212,618,7,3,17304,60,No,Rent,0
55,258679,891666,549,3,0,23264,36,Yes,Own,1
62,570018,665334,767,14,1,3595,24,Yes,Rent,0
47,450977,929380,772,25,0,18635,36,No,Rent,0
64,1117294,50000,783,6,0,19031,60,No,Mortgage,0
49,1507868,111488,752,4,3,19799,60,No,Rent,0
54,153980,1110951,562,1,0,15108,24,Yes,Rent,1
29,1049607,766592,472,10,1,19732,48,No,Own,0
54,797159,293576,620,32,3,37364,12,No,Rent,0
63,693076,590891,677,10,5,42642,48,Yes,Mortgage,0
61,741080,543820,692,27,4,47694,60,No,Mortgage,0
61,940519,585350,650,30,0,15708,60,No,Own,1
53,512406,800486,717,15,1,24398,60,No,Own,0
64,1213738,575690,538,14,2,16816,60,No,Rent,0
65,331652,907184,732,2,0,331,36,No,Mortgage,1
41,1321466,761286,795,4,1,7815,36,No,Own,0
53,1105929,216774,808,23,1,32474,48,No,Mortgage,0
30,150000,107320,666,2,0,22519,48,No,Mortgage,0
51,1304806,641390,777,31,3,9704,48,No,Own,0
27,1055027,136751,823,10,1,19838,60,No,Mortgage,0
42,449106,437169,779,17,1,38548,60,No,Mortgage,0
39,797135,731927,654,9,4,47759,84,No,Rent,0
36,494891,117305,642,15,3,14961,24,No,Mortgage,0
23,640175,383926,672,6,4,11103,24,No,Own,0
25,1448667,354422,673,4,5,41168,60,No,Own,0
38,778293,822754,629,21,4,33367,36,No,Rent,0
52,739816,50000,649,26,2,37121,36,No,Mortgage,0
49,1019826,710700,676,8,2,17005,12,No,Rent,0
57,413182,1016455,657,5,0,23124,24,No,Own,1
51,608681,297471,547,15,4,46272,36,No,Mortgage,1
47,786593,636066,734,7,2,4972,36,No,Rent,0
26,538014,1105123,752,6,0,3696,36,No,Own,0
24,629215,783625,749,4,2,31280,48,No,Rent,0
49,718198,50000,751,22,4,26143,36,Yes,Own,0
40,1304024,906406,820,3,0,10201,36,No,Own,0
46,767083,492663,499,12,5,28586,48,Yes,Rent,0
35,663523,294490,829,3,3,20830,48,No,Rent,0
21,192738,380439,496,6,0,15322,84,No,Rent,1
49,436008,1097768,850,5,2,31478,60,No,Own,1
24,150000,71194,709,4,5,28039,24,No,Rent,0
29,414400,865869,779,0,3,22184,84,No,Rent,1
41,686250,248476,713,13,1,38909,36,No,Mortgage,0
53,543444,1245293,537,8,5,20441,60,Yes,Rent,1
50,508643,480662,836,20,5,19017,60,No,Mortgage,0
26,1295462,458709,712,1,0,14592,48,No,Rent,1
60,881119,373080,717,18,5,38031,36,No,Mortgage,0
54,909722,410354,676,13,2,18442,60,No,Mortgage,0
23,902234,861638,528,6,3,33687,60,No,Rent,0
64,736422,681965,850,14,3,16095,36,Yes,Rent,0
31,630056,213690,805,16,4,32617,60,No,Own,0
37,376414,753444,614,18,2,13277,24,No,Own,1
28,1000372,98987,811,9,3,28507,48,No,Own,0
57,614892,812780,850,10,4,46368,36,No,Own,0
30,994916,50000,678,13,0,13119,48,No,Rent,0
47,679769,485467,850,14,1,10580,36,No,Rent,0
45,586437,965405,571,28,2,33504,36,No,Own,0
32,150000,95732,627,14,3,24081,36,No,Rent,1
50,587890,287069,550,16,5,45342,36,No,Mortgage,0
34,150000,753932,720,24,5,35792,48,No,Own,1
57,680952,64487,781,8,4,25667,48,No,Mortgage,0
48,872300,681981,677,9,0,19152,12,No,Rent,0
51,422901,466638,694,20,3,6599,36,No,Own,0
59,339046,455584,719,13,2,33998,36,No,Rent,0
51,806638,196178,633,13,5,28980,24,No,Mortgage,0
21,689825,889534,780,3,2,33327,60,No,Rent,0
65,405849,50000,717,17,3,12379,36,No,Own,0
28,493257,520337,643,12,4,28405,24,No,Own,0
53,802627,209890,635,28,4,33325,12,No,Rent,0
49,914031,711134,669,10,0,18723,12,No,Rent,0
44,677371,50000,617,24,2,12403,12,No,Rent,0
42,662816,396878,521,26,3,13904,12,No,Mortgage,1
29,565650,50000,691,11,5,36100,48,No,Mortgage,0
43,1277652,291714,681,3,3,19786,12,No,Own,0
62,857048,296115,656,0,0,15571,36,No,Own,1
44,517803,92019,617,11,3,24738,36,No,Mortgage,0
65,1260672,1092659,767,17,4,48611,36,No,Rent,0
59,1246182,399918,633,8,4,29982,36,No,Rent,0
60,495082,533918,850,14,1,24955,36,No,Rent,0
49,1234797,50000,651,6,3,20791,84,No,Own,0
63,856000,1006427,632,5,2,13686,84,No,Mortgage,0
46,275453,889814,617,24,0,18239,36,No,Rent,1
58,336462,534204,610,0,1,15562,24,No,Own,1
65,557327,737181,609,7,0,20638,36,No,Mortgage,0
30,1364610,668914,789,9,0,8875,60,No,Mortgage,0
58,710673,810015,510,11,0,14464,12,No,Rent,1
26,940872,150288,579,6,5,45278,84,No,Rent,1
47,958871,488223,710,28,2,10620,24,No,Rent,0
26,1367906,576923,579,11,5,29571,60,No,Own,0
22,164558,369215,793,8,2,13080,36,No,Rent,0
44,737900,50000,615,22,2,16938,12,No,Rent,0
43,797208,50000,578,25,3,3323,36,No,Rent,0
43,829408,447990,505,10,5,29439,48,Yes,Rent,1
36,377618,684783,808,13,4,29960,12,No,Own,0
25,893451,424618,757,10,2,21559,84,No,Own,0
65,1250811,111953,772,8,4,33790,36,No,Rent,0
23,1167511,1070378,737,5,2,31221,36,No,Mortgage,0
33,987150,451095,678,14,3,39402,36,Yes,Rent,0
31,229454,1001187,749,11,4,34162,36,Yes,Mortgage,1
52,585374,1060092,597,31,3,33206,24,No,Rent,0
57,150000,50000,517,17,1,2478,48,No,Mortgage,0
49,1013050,954285,702,1,1,13968,12,No,Rent,0
53,378136,215138,576,27,2,40293,48,No,Own,1
54,934652,676652,610,16,0,5491,60,No,Rent,1
64,986414,678604,771,7,1,3151,48,Yes,Rent,0
58,756779,157960,613,8,5,25894,24,No,Mortgage,0
61,324152,800975,573,8,3,37150,12,No,Rent,0
64,914568,768569,676,10,4,31451,48,No,Own,0
24,1127019,50000,615,3,2,3872,36,No,Own,0
48,925481,392243,635,31,5,37885,36,No,Rent,0
54,572146,93170,762,7,0,23202,48,No,Rent,0
58,726718,586424,726,0,5,20537,24,No,Rent,0
51,825299,562658,534,20,3,28398,48,No,Own,0
56,857683,578416,562,19,3,31521,12,Yes,Mortgage,0
57,526554,342570,507,30,4,39437,60,No,Rent,1
21,895722,522765,721,2,0,28814,48,No,Mortgage,0
58,792086,979201,716,4,3,27865,60,No,Rent,0
65,1181709,842415,639,25,3,20448,24,No,Own,0
41,649540,1186197,546,11,3,23762,36,No,Own,1
61,673061,431202,632,24,5,23565,84,No,Rent,0
50,1311423,506554,659,0,2,13675,48,No,Rent,0
21,979719,509044,710,5,4,27829,36,No,Mortgage,0
43,613626,759764,666,8,0,1110,60,No,Own,0
37,1276507,787071,746,23,1,22161,60,No,Mortgage,0
55,760614,89631,755,6,2,31576,36,No,Own,0
65,231426,1090699,808,9,0,14842,60,Yes,Own,1
46,821981,804135,590,27,2,31819,60,Yes,Own,0
56,1015883,411894,652,17,5,57295,60,No,Mortgage,0
51,1068519,771168,850,30,2,33175,84,No,Own,0
35,816115,489943,672,17,1,24537,60,No,Rent,0
42,423015,369714,732,14,4,11752,24,No,Own,0
26,678312,711619,832,7,0,24488,36,No,Rent,0
27,987378,678705,691,12,0,3890,36,No,Own,0
33,1169816,1104751,671,16,5,32015,24,Yes,Own,0
35,783930,220547,850,13,4,18153,48,No,Rent,0
36,791215,754485,626,21,4,33458,36,No,Rent,0
24,468223,644618,633,5,4,31448,24,No,Mortgage,0
58,465684,620261,606,6,0,16640,36,No,Rent,1
60,329382,434666,651,25,4,23727,36,No,Own,1
61,881974,412740,804,11,4,19547,36,No,Rent,0
26,872811,601451,833,8,4,41671,36,No,Rent,0
60,588283,636077,839,18,3,22675,36,Yes,Rent,0
64,1049617,332596,524,7,5,19895,36,No,Rent,0
50,837427,281610,690,7,5,44203,24,No,Own,0
24,945687,415490,717,10,0,11648,36,No,Mortgage,0
35,762287,190922,667,18,3,33305,60,No,Mortgage,0
61,823056,596232,603,31,2,31646,36,No,Mortgage,1
41,682178,349332,644,21,1,18588,12,No,Own,0
44,424068,214880,535,29,2,23075,48,No,Mortgage,0
22,1035622,309659,621,2,3,6741,36,Yes,Mortgage,0
42,582090,694506,672,8,2,659,60,No,Own,0
47,1082964,1224733,684,9,0,20322,60,No,Rent,0
65,1090619,591093,751,1,2,46819,12,No,Mortgage,0
59,529111,502997,841,17,2,22204,36,No,Rent,0
59,417728,358139,738,15,2,16835,48,No,Mortgage,0
61,288179,704050,620,22,4,28735,36,No,Rent,1
57,770767,573259,514,2,0,29239,48,Yes,Own,0
22,316756,50000,556,4,4,38213,12,No,Rent,1
21,754720,309154,674,2,4,34339,84,No,Mortgage,0
51,602556,668940,800,31,5,30492,36,Yes,Mortgage,0
61,454466,135253,740,9,1,12358,36,No,Rent,0
26,336244,768671,570,10,5,49787,60,Yes,Mortgage,1
64,726294,647663,611,1,0,39879,48,No,Rent,0
54,1137169,387161,695,18,2,32105,48,No,Mortgage,1
58,632223,574297,724,20,0,102,60,No,Rent,0
46,1148571,854085,691,18,2,25622,24,No,Rent,0
25,1034325,50000,580,4,2,23536,60,No,Own,0
29,978134,1079505,760,14,0,14444,60,No,Mortgage,0
36,586588,50000,746,19,3,38964,60,No,Own,0
48,756263,238325,667,30,1,14012,24,No,Mortgage,0
58,1182388,719092,545,8,1,17744,36,No,Rent,0
27,315840,1333853,676,6,3,31672,60,No,Rent,1
41,425896,790120,726,23,5,43738,24,No,Rent,0
42,529448,265882,705,8,0,3191,36,No,Rent,0
29,212772,114552,692,12,3,22054,36,No,Rent,0
46,991133,75536,843,26,4,27199,84,No,Rent,0
38,226104,355375,608,9,3,43893,48,No,Own,1
26,285838,373203,688,10,4,27785,36,No,Rent,1
24,970407,843281,599,7,1,12437,36,No,Rent,0
56,927593,450375,673,16,4,50917,60,No,Mortgage,0
51,748047,248816,655,15,4,14788,60,No,Mortgage,1
56,419378,389249,749,7,0,27096,36,No,Own,0
40,362296,604981,590,23,4,26506,60,No,Rent,0
51,677286,922259,777,13,1,21870,60,No,Own,0
58,498253,305930,701,11,1,18853,24,No,Own,0
48,1111380,689824,558,14,4,38613,48,No,Own,1
34,732700,540141,762,8,2,36761,36,No,Own,0
31,881536,50000,491,11,3,21771,24,No,Own,0
58,372017,415342,808,11,3,26432,60,Yes,Mortgage,1
31,621593,271167,732,9,4,44488,60,No,Rent,0
53,160859,1044150,568,0,0,16188,24,Yes,Rent,1
36,1023699,285905,638,13,0,23599,84,No,Mortgage,0
27,150000,973799,742,9,4,33757,36,Yes,Mortgage,1
40,708222,848082,657,14,5,38807,48,No,Rent,1
31,906868,911341,690,3,0,7956,36,No,Mortgage,0
56,891612,358533,716,28,5,35136,60,No,Own,0
34,150000,107407,682,17,0,14911,60,No,Rent,0
42,358626,1586607,669,5,5,38212,60,No,Rent,1
48,443419,929791,775,25,1,15635,36,No,Rent,1
29,1419503,63573,773,11,3,37853,48,No,Rent,0
21,197048,464130,515,2,0,19758,84,No,Rent,1
55,571514,883234,657,28,3,24047,36,No,Rent,0
60,644130,641432,662,11,0,13314,36,No,Rent,0
39,327562,50000,727,20,3,23362,36,No,Own,0
33,731420,813714,580,10,0,0,60,No,Rent,0
42,1309838,824564,681,22,4,38812,60,No,Own,0
31,470003,621662,582,6,4,34876,60,Yes,Mortgage,1
61,382376,294762,718,15,3,21771,48,No,Mortgage,0
44,846780,381222,711,14,1,31212,48,No,Rent,0
60,175755,620704,639,10,3,25399,84,No,Mortgage,1
62,942120,1333033,770,9,5,39025,60,No,Rent,1
37,1231605,1046251,706,19,1,18385,60,No,Mortgage,0
24,202327,572503,640,6,3,33943,48,No,Rent,1
60,673725,786172,706,23,2,27114,36,Yes,Own,0
46,600628,1170684,535,3,5,53172,24,No,Rent,1
33,676159,1031908,687,14,4,37892,36,Yes,Mortgage,1
46,150000,258703,850,7,2,18560,36,No,Rent,0
51,534670,395287,770,9,0,38266,12,No,Mortgage,0
65,978788,981374,753,20,2,16957,36,No,Own,0
37,385494,559583,583,18,1,18429,48,No,Rent,0
52,508671,760578,768,14,1,20653,60,No,Own,1
36,506277,76997,625,17,4,21711,24,No,Mortgage,0
48,902355,371915,619,27,5,39236,36,No,Rent,0
24,1072070,50000,641,6,3,5411,36,No,Own,0
36,342838,785465,666,21,4,47204,36,No,Mortgage,1
37,352574,345477,720,4,3,22483,48,No,Rent,1
44,751607,809594,577,31,3,26843,60,Yes,Own,0
48,676693,534486,565,17,5,39022,36,Yes,Rent,0
40,595531,390373,537,18,2,33680,36,No,Mortgage,0
52,625966,866069,651,18,4,30543,24,No,Mortgage,1
50,1038364,198805,524,23,2,6667,36,No,Mortgage,0
34,504258,553984,677,12,2,23032,36,No,Own,0
32,150000,498436,645,1,1,12008,60,No,Mortgage,1
47,642658,1248228,713,2,1,7121,24,No,Own,0
44,626647,652848,707,16,2,32079,24,No,Rent,0
23,607230,50000,778,6,0,19057,60,No,Rent,0
49,1158649,1464551,648,22,2,32923,60,Yes,Own,1
42,693892,601670,704,17,1,17544,36,No,Own,0
47,451974,864500,778,18,5,44716,60,No,Rent,0
21,303792,838741,835,4,0,12402,60,No,Own,0
34,848802,564670,603,4,0,2309,60,No,Rent,1
58,483302,842554,771,8,2,17933,36,No,Rent,0
58,1287774,860803,617,23,4,30757,48,No,Rent,0
54,1217026,210895,678,17,3,37729,60,No,Rent,0
33,227939,660203,626,17,3,10186,60,No,Own,1
30,468921,753063,595,5,2,19568,36,No,Mortgage,1
30,860320,821001,588,14,3,29354,36,No,Own,0
62,873773,969299,600,24,5,20335,36,No,Rent,1
32,541730,295299,736,7,3,41930,60,No,Rent,0
50,1093767,1037947,728,3,1,13263,12,No,Rent,0
35,168540,814283,661,17,0,12992,48,No,Rent,1
32,547653,845275,695,3,0,0,60,No,Own,0
60,206998,428590,760,10,2,17862,48,Yes,Rent,1
35,609922,75956,553,12,4,33619,12,No,Mortgage,0
45,1112630,466088,702,14,1,20586,48,Yes,Rent,0
42,949129,728301,636,19,1,16747,60,No,Own,0
39,399065,374717,777,21,5,36474,84,No,Mortgage,0
61,1392829,1016907,528,25,3,37918,60,No,Own,1
55,863081,853212,607,2,0,12117,12,No,Mortgage,0
47,1463574,158209,741,4,3,22561,60,No,Rent,0
60,1683185,854322,656,11,3,23097,48,No,Mortgage,0
63,977963,575240,685,12,2,35290,48,Yes,Mortgage,0
57,568526,725897,739,11,1,21969,60,No,Own,0
49,1156162,706556,561,12,3,27228,60,Yes,Rent,0
43,202473,351308,671,25,0,9321,60,No,Rent,0
42,247521,1037313,616,29,3,18464,36,Yes,Mortgage,1
42,618642,901072,617,15,3,38441,48,No,Rent,1
32,1227118,107889,630,15,3,38561,12,No,Own,0
41,1197524,688632,730,22,2,17444,24,No,Rent,0
37,689404,1009346,682,13,2,42492,36,No,Mortgage,1
46,243001,897025,632,21,1,23663,36,No,Rent,1
40,388557,739119,583,21,3,35141,60,Yes,Rent,1
47,898362,409970,568,1,2,2930,60,No,Rent,0
37,352165,983620,576,6,4,25492,36,No,Rent,1
61,358995,50000,648,24,0,10664,60,No,Rent,0
44,1583110,934050,647,26,2,27190,36,No,Mortgage,0
39,150000,95251,668,15,2,21699,36,No,Rent,0
23,917974,811733,667,3,0,14115,24,Yes,Own,0
24,206368,230706,622,5,1,26270,48,No,Rent,1
54,973703,161770,527,26,2,11068,36,No,Mortgage,1
53,998091,384881,679,30,5,24714,48,No,Mortgage,0
30,327140,723962,599,7,3,32905,36,No,Rent,1
55,835730,307853,741,19,1,6094,48,No,Own,0
42,158416,59323,782,17,2,9399,24,Yes,Mortgage,0
44,550224,271350,848,4,2,13801,12,No,Rent,0
44,596555,64929,850,2,0,21479,60,No,Mortgage,0
26,399063,1042937,709,4,3,35945,60,Yes,Own,1
49,1278693,137000,713,26,4,22462,60,No,Rent,0
56,400314,626885,589,4,1,11593,36,No,Rent,0
40,342156,488361,557,19,3,26094,36,No,Rent,1
55,1140870,50000,610,19,4,20245,24,No,Mortgage,0
43,630360,520963,640,10,1,20082,36,No,Rent,0
63,536815,50000,676,20,3,14321,36,No,Own,0
64,588557,131900,826,11,3,27993,60,No,Mortgage,0
52,815456,474872,702,29,2,16677,36,No,Rent,0
62,876994,52356,521,17,4,46978,60,No,Own,0
21,826772,1033777,637,6,1,17703,60,No,Rent,0
44,551970,1334294,764,24,0,11777,60,No,Rent,1
43,1215073,488840,695,12,0,25715,24,No,Rent,0
34,988584,395927,690,4,1,14858,36,No,Own,0
24,635745,1120676,778,1,5,41015,24,No,Mortgage,0
35,150000,232917,673,16,2,25166,60,No,Rent,1
63,795255,551127,632,30,2,24483,36,No,Mortgage,0
41,801950,704941,693,7,2,17523,48,No,Mortgage,0
24,474887,889269,712,4,0,8954,12,No,Own,1
55,581991,77602,824,6,1,28691,60,No,Own,0
35,936641,644146,743,17,5,18021,60,No,Mortgage,0
65,248455,884236,767,6,1,3800,36,No,Mortgage,1
56,166361,352854,705,13,4,25897,60,No,Mortgage,1
31,783061,851987,556,11,3,25198,48,No,Rent,1
62,822489,405528,646,24,5,48999,48,No,Rent,0
32,208767,288183,671,12,0,27070,60,No,Rent,1
59,673797,188501,626,15,2,23496,24,No,Rent,0
25,915690,494754,753,6,2,17934,84,No,Own,0
35,684592,1162784,756,16,2,35130,24,No,Rent,1
36,465502,463172,681,10,1,673,36,Yes,Own,0
54,150000,296855,474,18,1,21627,36,No,Rent,1
28,1348820,941586,734,6,1,3303,60,No,Rent,0
61,893848,604939,560,14,3,19871,48,No,Rent,0
31,436934,50000,578,2,4,41178,84,No,Own,0
49,1270726,114741,674,14,1,12134,12,No,Rent,0
63,977050,50000,635,4,1,27275,24,No,Mortgage,0
57,578024,826681,666,6,0,17451,60,No,Own,1
57,1369924,371616,520,22,2,33540,60,No,Rent,0
54,981003,329431,816,2,4,38882,48,Yes,Mortgage,0
61,886868,710645,678,0,0,18056,36,No,Mortgage,0
45,556565,316201,633,9,5,37096,36,No,Mortgage,0
40,679617,497310,725,14,5,29551,12,No,Rent,0
27,1489098,690370,573,10,0,14140,60,No,Mortgage,0
57,709582,692864,686,25,5,22724,84,Yes,Mortgage,1
46,760099,485521,519,7,5,34580,48,Yes,Rent,1
38,417321,420421,754,21,3,35195,60,No,Mortgage,1
63,1002043,964967,702,27,5,43510,48,No,Mortgage,1
33,176508,632812,691,11,1,13697,60,No,Rent,1
37,494424,1154508,595,12,2,3582,60,No,Mortgage,1
47,771496,379906,731,19,0,8215,24,No,Rent,0
30,938595,872494,676,8,3,25798,24,No,Mortgage,1
36,1533379,581234,695,17,1,8149,48,No,Rent,0
50,652075,950356,615,15,1,15037,60,No,Mortgage,0
53,1239121,805574,654,14,1,10176,60,No,Rent,0
44,858346,1283717,688,13,5,29742,60,No,Own,0
52,1241030,562295,638,12,1,21567,48,No,Rent,1
35,410894,438024,580,6,1,12935,48,No,Rent,1
55,292232,136036,796,12,0,38579,60,No,Rent,0
47,689831,602608,696,4,2,6058,36,No,Rent,0
41,502524,1526226,676,3,5,34980,60,No,Rent,1
53,1075614,644422,612,23,4,18087,24,No,Own,0
55,355484,685917,761,14,3,29598,36,No,Rent,1
39,1292694,518961,718,19,4,22295,48,Yes,Rent,0
64,1266584,143102,775,4,4,30961,36,No,Rent,0
27,587388,79690,732,1,5,35501,60,No,Mortgage,0
63,1092267,53937,764,6,0,14418,60,No,Mortgage,0
36,753141,564946,756,8,3,37333,36,No,Own,0
64,971492,720908,814,20,4,39616,36,No,Rent,1
35,404720,471666,554,1,1,12758,48,No,Rent,0
26,469642,907776,691,2,2,11142,12,No,Own,1
27,468065,317500,712,9,5,20664,48,No,Rent,0
41,750807,297104,457,3,2,26487,60,No,Own,1
21,613648,314128,704,2,4,19388,36,No,Own,0
62,836149,881436,850,13,3,15644,60,Yes,Rent,0
21,1067607,386015,632,4,3,23771,84,No,Own,0
36,250903,549098,599,17,1,9448,48,No,Mortgage,1
36,1676584,560086,559,19,5,29695,24,No,Rent,0
31,1193179,682912,661,11,5,18845,12,No,Rent,0
35,150000,780009,647,12,1,20603,48,No,Rent,1
53,832387,442548,719,26,4,18545,36,No,Rent,0
35,422765,720869,615,16,1,9088,24,No,Own,0
57,777391,991632,674,7,3,28503,60,No,Rent,0
46,257032,354682,751,21,4,16646,36,No,Mortgage,1
39,596504,1299715,780,22,0,13215,60,No,Rent,0
61,945747,607676,619,13,2,30159,36,No,Mortgage,0
48,1168316,543275,656,31,0,16251,60,Yes,Rent,0
43,776130,78603,635,28,3,1274,36,No,Rent,0
29,609223,50000,674,11,5,40177,60,No,Mortgage,0
46,1277854,953047,835,25,0,3628,24,No,Rent,0
58,1217344,161443,498,9,1,17470,60,No,Own,0
54,699236,67854,536,28,3,16356,36,No,Rent,0
32,1058496,1051218,850,9,3,12637,24,No,Rent,0
41,903879,867629,565,1,1,19202,36,No,Mortgage,0
55,990497,298736,831,1,5,42719,48,Yes,Mortgage,0
38,384067,171579,639,12,5,34723,48,No,Rent,0
48,775209,786731,618,30,3,34088,60,Yes,Own,1
47,590672,154316,629,10,0,19594,60,No,Rent,0
36,616998,50000,785,4,5,43947,36,No,Rent,0
36,815917,509409,656,15,2,28545,60,No,Rent,0
25,362503,417997,721,7,3,24620,36,No,Rent,0
38,661327,369511,624,17,2,26528,12,No,Own,0
65,224956,84166,719,24,0,8625,60,Yes,Mortgage,0
49,225184,408809,617,12,3,25289,12,Yes,Mortgage,1
34,1695074,652371,708,14,5,31603,12,No,Mortgage,0
21,409719,364253,689,2,4,12867,36,No,Rent,0
54,785963,802362,668,10,0,26457,36,No,Mortgage,0
55,983475,486154,591,27,2,20985,36,No,Mortgage,0
29,570322,190456,693,0,1,35266,60,No,Mortgage,1
49,524357,69862,691,16,1,22894,24,No,Mortgage,0
26,1423027,202264,734,7,4,46364,48,No,Rent,0
31,150000,463919,650,0,1,11360,60,No,Mortgage,1
65,957363,366786,675,24,3,29001,36,No,Rent,0
34,784902,259384,754,15,3,30173,60,No,Own,0
53,442546,1077457,850,4,3,30140,60,No,Own,0
51,1245557,430831,644,0,1,19736,60,No,Rent,0
21,1040505,320654,641,2,2,7959,36,Yes,Mortgage,1
53,1424195,1276925,694,18,3,16367,60,No,Rent,0
50,715111,68351,675,26,1,39868,36,No,Mortgage,0
51,954282,50000,604,6,1,17345,36,No,Rent,0
56,1037311,599882,612,23,3,19113,24,No,Own,1
24,150000,684792,546,0,2,18359,36,Yes,Rent,1
38,813203,683328,719,22,4,28985,12,Yes,Rent,0
63,181677,51695,611,17,2,4152,36,No,Own,0
43,578254,50000,708,16,0,27804,24,No,Mortgage,0
42,768500,454193,611,14,0,16005,60,No,Mortgage,0
61,638907,1037597,775,12,2,25620,36,No,Mortgage,0
44,528044,120213,663,18,3,36906,24,No,Mortgage,0
38,707270,855733,712,19,2,0,24,No,Rent,0
38,920897,457456,684,2,2,17440,12,No,Mortgage,0
65,662972,834924,657,5,0,14354,60,No,Own,0
30,246872,363287,615,13,2,10682,36,No,Rent,1
57,783718,1017298,639,27,4,24322,24,No,Rent,0
30,382106,619757,569,6,3,34212,60,No,Own,1
52,504700,757620,641,23,1,22157,48,No,Own,1
43,510802,1600000,678,2,4,38852,60,No,Rent,1
36,389181,303745,704,13,3,12546,60,No,Rent,0
36,168050,759218,631,13,2,8720,60,No,Mortgage,1
35,150000,324097,753,15,5,44105,36,No,Rent,1
36,549328,385034,793,5,4,26230,60,No,Own,0
56,778851,540023,611,14,5,42635,36,No,Rent,0
22,870865,50000,728,4,0,17858,36,No,Rent,0
62,785510,181631,624,14,1,22002,24,No,Rent,0
54,1065001,770516,606,21,4,36416,60,No,Rent,0
45,939404,257207,565,20,0,5095,24,No,Own,0
52,378448,1043207,850,9,0,29737,60,Yes,Own,1
42,1162714,578819,711,14,2,30081,48,Yes,Rent,0
39,320704,103514,682,21,5,36216,36,No,Rent,0
62,1019418,523730,678,12,2,34617,48,Yes,Mortgage,1
38,1701525,617771,591,19,3,28553,24,No,Rent,1
40,590326,412669,797,7,1,29831,60,No,Own,0
36,666603,328032,615,20,2,23804,60,No,Own,0
64,959228,655197,745,1,0,16035,36,No,Mortgage,0
50,547721,361827,642,8,1,17926,36,Yes,Rent,1
53,746568,139456,625,12,4,26271,24,No,Mortgage,0
39,750016,1040669,599,11,1,16463,24,No,Rent,0
62,655237,323567,738,6,2,20231,48,No,Rent,0
46,892513,913141,671,22,5,34959,60,No,Rent,1
46,150000,280194,628,31,2,14336,60,Yes,Rent,1
23,966272,1008494,609,6,1,16008,60,No,Rent,1
29,573869,164394,721,3,3,32493,60,No,Mortgage,0
38,1038379,473726,628,18,5,41777,36,No,Mortgage,0
48,515543,50407,679,14,5,41590,60,No,Mortgage,0
53,773119,269282,641,16,5,17642,60,No,Mortgage,1
43,883191,1249050,693,12,3,23390,60,No,Own,0
52,624507,84915,682,31,1,19527,60,Yes,Mortgage,0
49,412028,800071,678,11,5,37298,60,No,Mortgage,1
31,167607,602543,752,13,3,22427,12,No,Rent,1
42,1361209,674724,571,21,2,31677,48,No,Mortgage,0
63,375026,386287,626,9,0,0,60,No,Own,0
56,919875,685569,671,14,1,25356,24,No,Mortgage,0
58,183661,75356,812,7,2,32016,36,Yes,Rent,0
53,893151,742603,648,23,0,17119,48,No,Rent,0
34,172260,227086,664,14,0,23455,60,No,Rent,1
55,751865,1069106,687,16,1,20962,36,No,Own,0
44,849466,66494,641,15,3,12047,24,No,Own,0
23,773434,476802,628,0,4,21938,48,No,Mortgage,0
41,210777,144659,405,4,0,10920,36,No,Own,1
49,150000,392683,743,12,3,37209,36,Yes,Mortgage,1
38,593374,273316,675,17,0,15908,60,No,Mortgage,0
29,964547,50000,526,13,3,26192,24,No,Own,0
43,873742,1240273,675,13,4,28205,60,No,Own,0
57,1222393,761354,747,12,2,21394,36,No,Mortgage,0
44,1399133,450012,850,21,5,18429,24,No,Own,0
50,657197,416374,695,4,0,8841,60,No,Rent,0
50,918873,655885,668,5,0,25101,12,No,Rent,0
62,998254,1074661,671,27,5,42856,48,No,Mortgage,0
62,491635,245068,672,9,3,14612,48,No,Rent,0
60,259189,410539,734,23,0,15224,24,Yes,Own,1
45,694413,281684,695,8,5,41404,24,No,Own,0
21,273936,803584,697,6,2,10099,48,No,Rent,1
48,192260,430981,722,25,4,20904,36,No,Mortgage,1
24,462631,644843,646,8,4,31311,24,No,Mortgage,0
49,823077,680962,668,20,0,16047,36,Yes,Rent,0
57,762144,783556,691,25,2,24587,36,No,Rent,0
21,785460,706708,630,6,3,12536,60,No,Rent,0
28,517830,386753,656,0,2,19971,36,No,Rent,1
39,156343,711043,817,0,5,38192,60,No,Mortgage,1
36,323892,712493,765,14,2,25372,12,No,Own,0
65,778490,755952,779,4,0,22841,24,No,Own,0
37,649802,607305,771,8,3,32901,36,No,Own,0
39,773076,693785,671,9,4,46499,84,No,Rent,0
33,1354476,587616,655,17,0,20993,36,No,Mortgage,0
35,153141,278331,562,1,3,24491,60,No,Rent,0
37,874834,768242,741,23,2,25074,12,Yes,Rent,0
33,526632,151188,530,14,5,38824,12,No,Mortgage,0
36,913659,631420,665,7,3,36270,84,No,Rent,0
30,1420603,57280,773,10,4,34863,48,No,Rent,0
46,689731,174356,740,3,3,25527,48,No,Mortgage,0
23,1370155,411702,658,3,4,43789,60,No,Own,0
58,743906,519296,772,17,1,25508,36,Yes,Mortgage,0
29,1003548,1066245,772,13,0,29407,48,No,Own,0
57,530395,617988,748,22,1,19312,36,No,Rent,0
46,684806,50000,632,2,2,8858,60,No,Rent,0
63,333964,916968,789,4,0,2442,36,No,Mortgage,0
48,1444806,80827,719,3,2,17530,60,No,Rent,0
34,709491,1178778,631,4,3,32081,48,Yes,Mortgage,1
54,451411,540061,768,1,0,23517,36,No,Rent,0
51,555408,1049541,664,5,4,34079,48,No,Rent,1
65,1178624,1001919,788,14,5,42390,36,No,Rent,0
21,671769,108579,756,4,2,23278,84,No,Own,0
64,225559,647186,850,19,3,29726,60,No,Mortgage,1
28,688588,332690,528,6,0,9879,24,No,Rent,0
30,1278372,714685,633,12,5,33048,36,No,Own,0
48,1145695,661663,587,11,3,25233,60,Yes,Rent,1
34,885538,826116,443,19,0,0,48,No,Mortgage,0
26,1182384,94375,792,12,1,28669,60,No,Rent,0
34,315667,232506,718,1,1,13186,60,Yes,Own,0
41,874851,877425,494,10,2,23009,12,Yes,Mortgage,1
52,504391,589510,672,6,0,19325,12,No,Mortgage,0
65,1153587,50000,786,25,4,54445,60,No,Rent,0
43,1115769,465558,615,4,1,26291,36,No,Mortgage,0
42,1126154,465634,609,10,2,25770,36,No,Mortgage,0
30,550599,466008,663,13,3,7067,60,No,Rent,0
36,693120,811230,716,22,2,2130,24,No,Rent,0
61,565596,673674,657,5,5,45735,60,No,Mortgage,1
36,180917,403921,488,5,3,28441,12,No,Rent,1
39,749848,1001069,539,8,3,22626,36,No,Own,1
59,385060,1026530,632,4,0,13950,24,No,Own,1
43,668310,1312237,766,23,1,9826,60,No,Rent,0
65,1150644,549079,539,15,2,16812,60,No,Rent,0
64,955123,559263,821,6,4,26530,36,No,Own,0
47,902618,1218778,675,12,4,33650,60,No,Own,0
27,499672,832712,600,13,2,35748,60,No,Rent,1
33,1212331,250918,651,18,2,26858,48,No,Rent,0
37,576530,301547,850,4,3,17072,48,No,Rent,0
27,1170307,179538,770,11,3,37153,60,No,Rent,0
60,650853,373534,651,24,5,18973,84,No,Rent,0
60,764444,500281,665,7,0,827,60,No,Own,0
26,340828,631605,583,7,1,32995,36,No,Rent,1
21,793484,466870,690,1,3,29968,36,No,Mortgage,0
22,470353,645920,638,7,5,32041,24,No,Mortgage,1
36,743991,270862,655,18,5,39966,60,No,Mortgage,0
58,656172,886069,650,3,0,14683,12,No,Own,0
42,444121,1487934,656,1,3,35430,60,No,Rent,1
48,560916,56596,767,16,1,32257,36,No,Rent,0
43,364844,553279,597,16,1,21083,84,No,Rent,0
62,599639,412508,835,16,1,12127,60,No,Rent,0
22,989450,50000,601,6,2,24645,60,No,Own,0
27,150000,348568,639,11,3,26914,12,No,Mortgage,1
51,189033,365366,486,20,1,19767,36,No,Rent,1
58,492836,228059,599,0,0,14243,60,Yes,Own,0
51,381836,444483,831,24,4,17755,60,No,Mortgage,0
51,1215613,88804,718,3,3,23741,84,No,Own,0
32,1032327,83596,693,12,5,17003,48,No,Rent,0
55,206488,1042050,574,1,1,16383,24,Yes,Rent,1
48,1316075,333200,599,4,2,16936,60,No,Rent,1
48,830881,460525,616,27,5,37947,36,No,Rent,0
54,582043,186725,636,29,4,13962,48,Yes,Rent,0
61,726225,497553,586,16,0,5644,60,No,Mortgage,1
31,886631,776289,435,15,1,0,48,No,Mortgage,1
36,483907,278147,417,16,1,22384,12,Yes,Mortgage,1
62,872059,463836,749,25,4,21424,12,No,Rent,1
58,931305,371114,690,23,3,24921,12,No,Mortgage,0
24,717251,50000,800,2,4,30430,60,Yes,Rent,0
55,347311,659601,778,15,4,31560,36,No,Rent,0
22,188902,209620,628,6,1,21859,48,No,Rent,0
21,889201,494680,717,3,1,26893,48,No,Mortgage,0
34,546561,377399,793,15,2,35573,12,No,Rent,0
63,618407,437232,804,18,1,13107,60,No,Rent,0
46,1154051,488484,712,14,1,20062,24,No,Rent,0
39,159155,607059,589,2,1,11022,60,Yes,Rent,1
33,1053013,1020260,833,9,3,12992,24,No,Rent,0
54,580981,50000,778,8,1,27205,60,No,Own,0
63,198871,689476,848,21,2,29860,60,No,Mortgage,1
46,598445,998022,605,17,4,40418,60,No,Mortgage,1
59,504890,196385,621,4,0,12247,60,Yes,Own,1
26,897074,476576,574,5,4,38110,36,Yes,Mortgage,0
33,1306549,1000636,708,17,2,18562,60,No,Mortgage,0
64,531796,391582,725,21,1,10066,36,No,Mortgage,0
21,865120,552185,737,1,1,29948,48,No,Mortgage,0
61,640622,278495,626,17,2,21860,36,No,Rent,0
34,1001920,50000,644,14,1,22136,36,No,Rent,0
58,1650584,796256,655,14,0,22659,48,No,Mortgage,0
60,766854,260405,603,12,1,24873,24,No,Rent,0
57,1434132,643633,818,27,3,22613,60,No,Rent,0
61,1105177,530691,681,20,2,26495,60,No,Own,0
39,334277,154392,688,21,5,39101,36,No,Rent,0
41,892218,474757,727,24,2,13709,24,No,Own,0
45,644089,340812,690,18,5,25042,60,No,Mortgage,0
61,691837,50000,503,18,4,44877,60,No,Own,0
25,552877,1066286,745,7,0,5333,36,No,Own,1
42,1015708,756174,656,18,1,22797,60,No,Own,0
56,338157,746346,740,30,5,47495,36,No,Own,1
32,1086167,93191,660,11,0,21397,36,No,Rent,0
31,854483,647176,700,12,1,25946,60,No,Own,0
51,1068234,754984,670,10,3,34783,36,No,Mortgage,0
31,607553,330502,762,4,5,43513,60,No,Rent,0
56,199122,356306,660,11,5,22500,60,No,Mortgage,1
54,675730,829986,657,28,3,15927,36,No,Own,0
58,264734,402722,693,28,3,23754,36,No,Own,1
47,993496,434932,584,19,4,64575,36,No,Rent,1
39,1043834,273135,676,12,5,35449,60,No,Own,0
41,723891,415312,536,17,2,28439,36,No,Mortgage,0
44,785552,645817,665,11,1,18866,36,No,Rent,1
38,150000,941127,823,9,5,31923,60,No,Own,1
34,853648,913087,371,12,0,10956,60,No,Rent,1
27,664341,52368,700,3,1,8536,60,No,Rent,0
29,574469,976438,634,15,2,38140,60,No,Rent,0
57,422767,283185,614,8,2,0,60,No,Own,1
37,995639,428914,598,6,1,23516,60,No,Rent,0
51,1237472,243556,690,21,4,36841,60,No,Rent,0
43,966361,426025,684,24,1,14922,24,No,Rent,0
21,432192,833782,615,7,0,10014,24,No,Own,1
60,355919,525126,627,4,0,12226,24,No,Own,0
64,441163,451409,672,15,0,9412,36,No,Rent,0
37,240941,192277,528,6,3,36097,12,Yes,Rent,1
61,189888,972024,538,0,1,7422,24,Yes,Own,1
48,1776563,735614,849,14,2,34623,36,No,Rent,0
35,829085,881273,393,7,0,11266,60,No,Rent,1
52,646240,383118,743,17,4,41485,60,No,Own,0
49,657728,977037,626,3,3,28730,60,No,Rent,1
21,646108,886453,452,7,0,17013,60,No,Own,0
43,973894,444836,694,26,2,12269,24,No,Rent,0
35,418954,244712,650,13,4,16124,60,No,Rent,0
60,392242,463301,720,14,2,31045,36,No,Rent,0
49,426718,289824,668,9,1,13918,60,No,Rent,1
34,435389,1228649,503,2,1,4119,48,No,Rent,1
53,673271,384163,685,4,0,11754,60,No,Rent,0
58,1132663,960284,570,9,2,35244,36,No,Mortgage,0
55,749270,1480616,725,0,1,10043,36,No,Mortgage,1
45,150000,269786,618,21,5,14771,60,No,Rent,1
48,180561,350495,626,31,1,9929,60,Yes,Rent,1
61,255524,550731,762,30,3,23572,48,Yes,Rent,0
52,895978,640314,675,3,3,29830,12,No,Mortgage,1
57,496023,382540,732,9,1,24599,24,No,Own,0
41,899193,83442,661,4,3,20914,36,No,Own,0
54,173942,973859,568,0,2,9495,24,Yes,Own,1
30,449496,1304194,538,6,2,7339,48,No,Rent,1
26,694649,624830,850,4,0,4248,36,No,Mortgage,0
45,749698,361553,677,8,0,12889,36,No,Mortgage,0
44,1089752,455582,576,16,5,63336,36,No,Rent,0
21,628874,144015,716,2,0,25655,84,No,Own,0
65,344011,852259,766,3,0,2311,36,No,Mortgage,0
43,1242863,413967,584,18,4,36528,24,No,Mortgage,0
26,725110,676462,850,12,0,24919,36,No,Rent,0
43,644174,322667,744,4,2,0,36,No,Rent,0
30,247295,436991,757,11,4,36374,24,No,Rent,0
46,914179,442625,815,0,1,30296,60,No,Rent,0
45,1209436,261218,668,28,2,19581,12,No,Rent,0
36,1052299,50000,636,11,1,20191,36,No,Rent,0
36,1237369,647411,771,20,2,15765,24,No,Rent,0
64,1102666,284428,523,7,4,20844,36,No,Rent,0
46,1054428,50000,711,0,3,22887,36,No,Own,0
27,926627,984087,744,12,2,23057,48,No,Own,0
48,150000,262796,830,11,1,20060,36,No,Rent,0
59,186792,990180,585,2,0,6412,24,Yes,Own,1
44,916938,1276086,679,10,4,28410,60,No,Own,1
32,527877,50000,702,5,3,32023,48,No,Own,0
40,800070,642499,622,8,0,9443,60,No,Rent,1
46,364631,59468,681,9,0,19804,36,No,Mortgage,0
28,544871,370377,720,10,0,16162,60,No,Own,0
51,627665,396466,729,16,3,39024,60,No,Own,0
42,904584,915604,850,16,0,15506,84,No,Own,0
31,617526,337675,665,9,2,31867,48,No,Mortgage,1
63,864873,88079,672,4,2,19700,60,No,Rent,0
27,858058,725635,666,6,0,2030,36,No,Own,0
49,1155812,50000,676,14,1,17984,12,No,Rent,0
28,1130399,94608,556,8,0,11394,48,Yes,Mortgage,0
33,485580,1116872,684,6,5,32092,60,No,Rent,1
40,1260080,640938,736,20,1,16043,24,No,Rent,0
57,622615,740855,649,14,3,39971,60,Yes,Own,0
35,964462,590610,675,10,0,26306,48,No,Mortgage,0
37,480004,477560,798,0,3,20698,60,No,Mortgage,0
62,172980,1108201,821,1,2,21711,48,No,Rent,1
29,1591929,607575,686,15,4,31558,12,No,Mortgage,0
55,1232643,452206,761,4,1,15785,12,No,Mortgage,0
54,626903,1074711,606,30,3,29498,24,No,Rent,0
23,239446,408287,795,8,0,13023,36,No,Rent,1
56,442288,515596,764,13,0,9459,60,Yes,Rent,0
42,331150,344786,632,13,3,21837,12,Yes,Mortgage,1
32,1186053,683320,626,1,2,16867,36,No,Rent,0
25,823863,390885,647,0,0,17667,36,No,Rent,0
42,426758,1215887,680,25,5,26968,48,No,Mortgage,1
60,1086230,877967,505,23,3,38791,84,No,Rent,0
46,575773,112082,663,16,1,24594,24,No,Mortgage,0
43,436471,874735,774,15,4,38822,60,No,Rent,0
25,1068119,360190,850,6,5,41529,36,No,Own,0
33,533312,307028,819,12,5,37657,60,No,Rent,0
27,819792,695807,676,8,0,2007,36,No,Own,0
49,714630,50000,650,30,2,21256,60,Yes,Mortgage,0
53,515480,519720,850,14,1,23678,36,No,Rent,0
34,828143,772603,774,18,3,23722,24,No,Mortgage,0
37,882559,233682,631,17,1,25014,84,No,Mortgage,0
42,245802,50000,760,19,0,11744,24,Yes,Mortgage,0
30,205286,701507,670,4,3,24634,60,No,Mortgage,1
65,1149883,833559,618,22,4,22456,24,No,Own,1
39,398668,50000,600,7,4,27220,60,No,Rent,0
48,395213,278592,544,24,1,41410,48,No,Own,1
43,1235649,488894,738,15,2,21509,24,No,Rent,0
55,686374,50000,825,8,1,25199,48,No,Rent,0
29,901616,419403,664,0,0,19252,36,No,Rent,0
24,1189876,675135,767,4,5,42381,36,No,Rent,0
53,882686,620993,518,27,1,25084,36,No,Own,0
52,587621,463796,677,25,1,11308,60,No,Own,0
56,842636,582049,667,17,0,9329,60,Yes,Mortgage,0
38,435059,211511,784,17,3,10949,36,No,Rent,0
40,394343,466913,647,4,4,21859,24,No,Mortgage,1
34,1137768,73720,700,10,3,13846,24,No,Rent,0
44,864959,641873,688,11,3,43451,36,No,Mortgage,0
65,440765,50000,688,18,3,13196,36,No,Own,0
21,151808,692227,573,3,1,16645,36,Yes,Rent,1
40,611646,527450,710,15,1,17131,36,No,Own,0
59,1662148,770362,701,12,0,22499,48,No,Mortgage,0
31,685576,679446,551,12,0,594,48,Yes,Rent,1
29,950894,55454,606,11,1,33249,60,No,Mortgage,0
62,177845,354426,548,5,1,5858,60,No,Rent,1
44,653276,585856,713,20,2,18401,36,No,Own,0
62,409010,62688,623,17,4,26887,48,No,Rent,0
58,816195,226566,628,11,1,23114,24,No,Rent,0
28,298737,695255,580,9,3,35392,36,No,Rent,1
58,875972,383503,740,21,1,6988,48,No,Own,0
39,1363885,724348,578,24,5,29083,48,No,Mortgage,0
62,1025612,271541,561,4,3,21005,36,No,Rent,0
65,247529,717987,850,19,3,27761,60,No,Mortgage,1
42,184825,422717,783,23,4,12239,48,No,Mortgage,1
35,318573,659481,797,16,3,24215,12,No,Own,0
59,687623,375077,523,13,4,46964,36,No,Own,1
59,1161321,428464,621,6,4,34340,36,No,Rent,0
55,817535,1237737,664,27,1,19121,84,No,Own,0
65,414950,538098,569,5,3,30677,60,No,Rent,1
34,687693,67370,779,0,5,27397,60,No,Mortgage,0
29,405896,650617,557,9,2,25678,36,No,Rent,1
58,1119509,260916,473,10,2,14255,60,No,Own,1
30,881216,50000,702,6,3,25074,24,No,Own,0
23,1016282,776538,517,7,1,24454,24,No,Rent,1
45,674850,147638,680,20,0,21633,84,No,Mortgage,0
54,1186078,613554,666,10,2,22832,48,No,Rent,0
21,1147188,94332,643,9,2,6535,36,No,Own,0
53,323745,747626,727,29,5,47412,36,No,Own,0
60,150000,351044,781,23,4,27395,60,No,Own,1
63,419041,678941,791,10,0,19720,36,No,Mortgage,0
24,150957,316441,541,8,5,40951,36,No,Rent,1
44,1121024,50000,732,9,0,15450,36,No,Mortgage,1
33,1218039,652711,669,14,5,19614,12,No,Rent,1
30,1020062,50000,702,10,5,13832,48,No,Rent,0
40,346909,541542,551,0,1,20813,36,No,Own,1
53,1099125,681707,608,26,0,15793,36,No,Mortgage,0
28,1453346,655334,645,9,0,12562,60,No,Mortgage,0
36,1058225,852079,551,15,4,34971,60,No,Mortgage,0
55,940054,376541,778,19,2,2886,48,No,Own,0
60,1133695,848240,576,4,4,44303,60,Yes,Rent,1
22,458380,655635,628,5,5,30223,24,No,Mortgage,1
53,950138,617834,705,4,3,30165,12,No,Mortgage,0
50,605823,505946,700,19,3,12485,36,No,Own,0
48,381243,592012,653,28,2,27596,84,Yes,Own,0
52,428976,380434,783,15,3,26670,24,No,Own,0
34,210802,705325,547,13,3,23802,60,No,Rent,1
43,1010799,310345,618,11,0,21571,60,No,Mortgage,0
22,771777,763955,620,4,3,13514,60,No,Rent,0
54,448942,720300,753,12,3,28506,36,No,Rent,0
22,952254,65138,721,0,1,17580,36,No,Rent,0
32,251195,50000,702,5,1,28364,36,No,Rent,0
40,879322,379023,616,6,1,23465,60,No,Rent,0
56,571738,173216,464,7,3,8684,48,No,Rent,0
57,1003780,355692,704,16,4,56043,60,No,Mortgage,0
31,597875,97669,667,15,5,40105,60,No,Mortgage,0
24,545173,585215,842,10,2,36052,84,No,Rent,0
53,539318,784162,850,20,1,6102,60,No,Own,0
41,1270411,50000,538,25,2,23548,36,Yes,Rent,0
54,687500,857342,624,4,0,15075,12,No,Own,0
57,523276,835646,671,24,3,24973,36,No,Rent,0
22,969447,50000,718,4,1,14357,36,No,Rent,0
54,1019236,50000,660,17,0,10123,60,No,Rent,0
35,150000,602721,570,9,1,21043,24,No,Rent,1
25,508885,1374887,696,3,2,17980,36,No,Own,1
63,429741,555305,720,11,1,5952,36,No,Rent,0
40,1292035,173455,734,21,0,102,36,No,Own,0
50,1258815,447290,577,0,0,12888,48,No,Rent,0
23,171878,259128,620,3,2,24193,48,No,Rent,0
53,784861,272264,613,32,5,34481,12,No,Rent,0
29,907486,205973,750,8,2,3217,36,No,Rent,0
58,939553,1003686,735,31,4,8589,24,No,Rent,0
65,1054525,331558,560,0,3,20805,36,No,Rent,0
48,675142,437224,689,17,4,24558,60,No,Mortgage,0
43,397116,190717,809,23,3,30093,12,No,Own,0
32,983561,808341,566,16,4,39527,60,No,Mortgage,0
28,768772,276810,758,14,4,34923,36,No,Rent,0
21,697304,270295,583,4,3,30383,12,No,Rent,0
31,439906,146110,625,13,3,12411,60,No,Rent,0
22,393833,434310,440,4,5,25855,84,Yes,Rent,1
57,725124,458457,550,17,4,35114,12,Yes,Mortgage,1
29,1167689,1216846,773,0,2,29816,84,No,Rent,0
36,798389,871513,585,18,0,14688,84,No,Own,0
61,1190182,385106,621,6,5,33569,36,No,Rent,0
35,917256,606382,790,20,4,41259,84,No,Rent,0
34,799094,50000,849,4,0,22782,60,No,Own,0
58,523615,1254354,729,9,4,26249,36,No,Rent,1
37,423243,439328,685,1,2,40147,48,No,Mortgage,0
59,284929,614981,642,0,1,15808,48,No,Rent,0
53,548627,1206276,560,9,4,20256,60,Yes,Rent,1
65,173120,1191738,812,0,2,16931,48,No,Rent,1
51,881904,402085,687,14,1,21762,60,No,Mortgage,0
61,1006717,258111,611,4,2,25158,84,No,Mortgage,1
30,802176,608594,793,10,5,41825,36,No,Rent,1
30,875609,380617,589,1,4,36360,36,Yes,Mortgage,0
47,197327,619558,680,7,0,16671,24,No,Own,1
52,590716,783457,643,29,1,0,12,No,Rent,0
23,476837,600539,633,2,4,31999,24,No,Mortgage,1
22,1262314,77129,823,4,5,21409,36,Yes,Rent,0
33,1193907,650992,668,13,4,18389,12,No,Rent,0
35,211735,686765,599,1,1,16858,60,Yes,Rent,1
34,466764,129386,834,16,0,0,36,Yes,Mortgage,0
52,787607,630925,700,16,0,2008,24,No,Mortgage,0
21,1236812,790594,765,6,3,24133,60,No,Rent,0
29,1527873,612364,594,15,0,0,36,No,Rent,1
53,188335,580363,624,15,5,18447,36,No,Own,1
39,157253,100093,686,18,2,10202,60,No,Rent,1
53,1314217,50000,688,27,3,36318,12,No,Rent,0
54,218440,249710,773,9,0,34640,60,No,Rent,0
60,346933,198091,658,17,4,48247,12,No,Rent,1
37,389143,97310,559,8,4,31985,60,No,Rent,0
21,722935,50000,746,3,0,2086,36,Yes,Mortgage,1
63,749637,546121,711,4,0,2069,60,No,Own,0
51,287676,504604,828,28,5,70000,60,No,Mortgage,1
55,1077369,769839,724,26,4,32879,36,No,Rent,0
37,186568,182447,689,20,0,19117,60,No,Rent,0
53,574933,817787,676,5,1,13718,12,No,Own,1
44,607378,995022,537,27,2,27187,36,No,Own,1
31,249559,474267,715,10,4,30087,24,No,Rent,0
57,648825,685895,722,26,5,25537,84,Yes,Mortgage,0
31,970167,927702,684,15,5,11569,36,Yes,Mortgage,1
50,881128,392905,777,18,5,38818,36,No,Mortgage,0
33,515139,732148,772,4,1,12680,60,Yes,Rent,0
54,1267380,1154546,768,29,4,29764,36,No,Mortgage,0
22,1032616,773604,700,5,0,14816,24,Yes,Own,0
37,907085,438191,423,14,1,12523,36,Yes,Own,0
29,347949,758994,570,12,4,39920,60,Yes,Mortgage,1
43,429333,525545,552,19,2,21483,84,No,Rent,1
44,404708,72042,670,3,2,10863,84,No,Own,0
56,663628,860857,628,2,0,15524,12,No,Own,0
43,150000,277079,850,11,1,21280,36,No,Rent,1
46,351715,665131,775,4,0,7789,24,No,Mortgage,0
45,277387,930539,618,24,0,20707,36,No,Rent,1
49,717165,516138,801,11,2,8939,36,No,Rent,0
62,265634,342354,621,0,2,33808,24,No,Rent,1
59,657575,386641,575,13,0,13537,48,Yes,Mortgage,0
38,525652,663820,589,16,3,13023,36,No,Mortgage,1
54,348401,1113896,850,2,4,31490,60,No,Own,1
47,635845,50000,846,1,1,9588,12,No,Own,0
65,1119862,569831,787,30,5,38107,48,No,Mortgage,0
44,865265,1067428,623,14,2,23417,48,No,Mortgage,0
40,529529,1124346,607,14,0,3954,60,No,Mortgage,0
58,1182184,843271,566,19,4,32886,36,No,Own,0
25,534928,777931,760,11,4,40056,12,No,Mortgage,0
49,964082,702063,792,28,4,33267,84,No,Own,0
26,566961,471801,731,8,2,4659,48,No,Rent,0
59,524910,643938,559,7,1,23331,36,No,Own,1
46,728057,480005,508,11,5,30836,48,Yes,Rent,1
44,352110,625678,663,27,3,29076,84,Yes,Own,1
40,1011380,659969,718,16,4,31102,36,No,Own,0
44,249933,448163,797,23,4,14233,48,No,Mortgage,1
46,464867,191120,577,30,3,20493,48,No,Mortgage,0
53,850767,441842,675,29,5,21890,48,No,Mortgage,0
34,1014581,531656,819,8,1,22883,24,No,Mortgage,0
60,474487,1328578,734,9,3,21546,36,No,Rent,1
54,304855,513855,850,26,5,67397,60,No,Mortgage,1
38,537781,288058,741,5,1,2383,36,No,Rent,0
21,179298,287329,538,1,4,46923,36,No,Rent,1
57,512501,960131,830,26,0,7275,60,No,Rent,0
21,621406,753768,605,7,3,40479,48,Yes,Mortgage,1
55,872293,798993,676,31,0,7604,60,No,Rent,0
59,605320,799738,631,7,0,10590,60,No,Own,0
38,187291,50000,688,25,2,17390,36,No,Rent,0
49,564519,837169,669,4,1,28448,36,No,Mortgage,1
34,191181,728756,618,11,0,14279,48,No,Rent,1
27,913027,843087,551,5,0,13489,36,No,Rent,0
44,437902,825782,797,8,4,27724,60,No,Mortgage,0
58,317700,599206,689,2,0,12910,48,No,Rent,0
45,1479834,373880,660,11,5,33972,48,No,Mortgage,1
24,1304209,658734,801,11,5,44969,36,No,Rent,0
59,1169628,808147,530,3,1,17028,36,No,Rent,1
27,454906,662084,637,6,5,44591,60,No,Own,1
63,716708,78373,601,22,3,8643,36,No,Own,0
53,839449,690886,737,14,2,33954,60,No,Rent,0
25,1023136,498536,729,10,0,12390,36,No,Mortgage,0
33,249516,597336,616,13,0,16122,60,No,Own,1
43,992659,822469,850,7,5,24118,84,No,Rent,0
63,952953,671469,503,0,0,10221,60,Yes,Mortgage,1
45,926644,697618,850,14,2,11825,36,No,Rent,0
29,150000,648709,603,8,3,21288,24,No,Rent,1
36,1020751,674054,571,8,5,13522,24,Yes,Own,0
53,415137,639638,767,2,0,676,24,No,Mortgage,0
63,150000,1100542,789,0,3,25992,48,No,Rent,1
32,1062537,947772,830,9,3,15372,24,No,Rent,0
29,538243,1057692,606,13,3,31596,36,No,Rent,1
44,645340,66703,850,0,1,24139,60,No,Mortgage,0
32,461319,116959,820,12,1,3038,36,Yes,Mortgage,0
41,886413,848711,726,17,0,8365,36,No,Mortgage,0
34,434808,1247631,499,2,0,4129,48,No,Rent,1
24,150000,490930,618,3,5,42819,60,No,Rent,1
54,565761,555921,679,8,2,18046,12,No,Mortgage,0
52,1370969,1148097,746,31,4,32839,36,No,Mortgage,0
41,1038337,486242,602,7,2,24927,36,No,Mortgage,0
53,1289787,227696,707,29,4,20652,60,No,Rent,0
48,1168251,417283,519,16,1,36568,36,No,Rent,0
50,876466,627636,597,27,5,45939,36,No,Own,0
63,1126405,50000,624,23,4,41319,36,No,Mortgage,0
34,580970,414065,785,11,5,47789,12,No,Mortgage,0
36,945080,693425,583,17,1,17106,36,Yes,Rent,0
35,685078,1013504,658,15,4,34115,36,Yes,Rent,0
50,417406,1060002,850,5,1,31878,60,Yes,Own,1
29,1108805,139776,571,10,2,12178,48,Yes,Mortgage,0
60,426467,778732,820,26,2,28500,84,No,Rent,0
40,1487124,928844,770,24,3,27813,36,No,Own,0
47,1227144,764650,692,21,2,18667,24,No,Mortgage,0
43,985378,628265,564,10,3,50360,60,No,Own,0
61,777612,520744,717,5,0,0,60,No,Own,0
44,453392,690525,777,21,5,37859,48,Yes,Rent,0
47,1220830,437278,793,28,5,48409,12,No,Mortgage,0
56,798256,1014528,658,12,0,21894,36,No,Own,1
39,842317,302000,490,18,0,13073,60,No,Own,0
31,571098,1101286,722,2,3,35734,60,No,Rent,0
64,233806,84689,596,18,1,833,36,No,Own,0
29,558173,364468,650,7,2,34864,48,No,Mortgage,0
59,670129,570111,679,5,5,43973,48,Yes,Mortgage,0
35,424413,842965,708,12,5,25396,48,No,Rent,1
45,911186,67977,727,6,3,33558,36,No,Rent,0
36,803658,870883,394,9,0,12762,60,No,Rent,0
64,551284,577393,739,27,1,19011,60,No,Rent,0
62,937254,703675,757,9,1,11071,48,Yes,Rent,0
40,384064,378294,625,13,5,31728,24,No,Mortgage,1
37,783956,359607,547,6,1,26625,36,No,Rent,1
53,1201860,593342,672,26,0,14511,60,Yes,Rent,0
53,970451,524935,574,23,0,22705,48,No,Rent,0
25,1435240,550704,576,8,3,23673,60,No,Own,1
30,669625,60198,718,0,3,33176,60,No,Mortgage,0
32,844611,781082,711,8,1,6661,60,No,Mortgage,0
55,1273340,322338,475,12,1,17029,60,No,Own,0
50,466991,50000,813,6,2,25256,60,No,Own,0
23,735058,983549,686,10,3,21724,60,No,Mortgage,0
63,693615,610520,681,8,4,37335,48,Yes,Mortgage,0
44,953459,50000,575,18,2,16509,24,No,Own,0
38,409736,421597,763,22,5,32810,84,No,Mortgage,0
31,782767,704394,706,10,5,29101,60,No,Own,0
47,667262,160301,745,21,4,28735,36,No,Rent,1
54,612056,764307,835,20,3,9282,60,No,Own,0
21,947852,643436,710,0,3,31570,36,No,Mortgage,0
52,150000,675500,682,10,1,14709,24,No,Own,1
29,343529,609619,741,5,0,28114,60,No,Rent,1
65,1144483,486040,501,23,1,28940,36,No,Rent,0
36,368408,532554,567,19,3,26424,36,No,Rent,0
50,150000,637263,673,20,5,26016,60,No,Rent,1
58,1378321,853814,605,29,1,7602,36,No,Rent,0
21,1135708,1115315,754,3,2,22986,36,No,Mortgage,0
50,672869,294418,647,28,0,11976,24,No,Rent,0
38,1198863,676570,710,22,0,16684,24,No,Rent,0
32,656163,647411,517,14,1,0,48,Yes,Rent,1
24,512138,738623,799,8,5,35196,60,No,Mortgage,0
46,291659,337794,626,17,1,1808,84,No,Mortgage,0
43,598056,668150,624,26,2,33808,36,No,Mortgage,0
62,1099360,1140837,683,32,0,26225,60,No,Rent,0
47,821597,304488,706,8,5,43529,24,No,Own,0
23,556670,822579,435,4,4,18836,48,No,Rent,1
57,648248,251925,618,15,2,23131,36,No,Rent,0
29,1174478,665191,707,10,5,36480,48,No,Rent,0
46,155319,741301,844,26,5,37544,36,No,Rent,1
47,830512,289538,677,29,3,8929,24,No,Mortgage,0
60,851305,344055,816,13,2,17612,36,No,Rent,0
46,736325,643459,704,16,2,31336,24,No,Rent,0
49,870210,384728,583,5,3,9939,60,No,Rent,0
60,724830,83313,739,8,3,33148,36,No,Rent,0
57,769921,357826,641,0,1,14559,36,No,Own,1
52,1308916,693797,850,13,2,25511,36,No,Own,0
48,1780114,796850,844,12,2,38113,36,No,Rent,0
40,398939,139634,747,6,3,22479,36,No,Rent,0
46,168471,723208,716,26,3,38367,12,No,Rent,1
43,250675,288553,646,15,2,0,84,No,Mortgage,0
33,1022214,102319,797,8,4,20891,48,No,Own,0
31,706184,730228,846,11,0,24676,36,No,Rent,0
34,847083,292158,536,17,5,25091,36,No,Mortgage,0
43,814464,358576,472,0,3,25088,60,No,Own,1
59,1452876,804642,646,29,5,34826,12,Yes,Rent,1
54,454049,853939,748,18,2,15526,60,Yes,Own,0
57,296100,618793,631,28,1,10088,60,No,Mortgage,1
29,559716,168933,790,15,3,33562,60,No,Own,0
24,651682,68175,722,5,3,13346,60,No,Own,0
26,711693,182168,574,8,0,30556,36,No,Rent,0
34,190762,100033,527,9,3,39060,12,Yes,Rent,1
50,150000,50000,626,25,2,18037,36,No,Rent,0
63,422205,525358,757,14,1,7468,36,No,Rent,0
61,1065327,876807,581,4,5,35460,60,Yes,Rent,0
33,841765,597571,651,17,4,41744,36,No,Mortgage,0
45,786737,248101,701,29,2,11561,24,No,Mortgage,0
65,801581,470611,579,24,2,22688,24,No,Own,1
34,371790,489461,530,16,1,27871,36,No,Rent,1
51,634145,207534,753,12,2,15895,48,No,Mortgage,0
38,945040,330174,681,20,4,22643,36,Yes,Rent,0
62,640310,74730,604,19,3,3891,36,No,Own,1
53,187896,577289,659,22,5,27174,60,No,Rent,1
65,724002,1368209,524,11,3,24393,36,Yes,Rent,1
59,429775,522462,771,24,0,977,36,No,Rent,0
47,594354,121457,650,17,0,23053,60,No,Rent,0
55,612859,882626,651,29,2,18070,36,No,Own,0
23,922473,553186,601,2,3,7093,60,No,Mortgage,0
62,956405,979212,605,22,2,41279,84,No,Rent,0
62,661910,52504,811,9,1,16332,60,Yes,Own,0
30,643252,357996,490,10,2,9611,24,No,Rent,0
32,150000,149197,540,12,3,36966,12,Yes,Rent,1
58,1720833,813758,667,15,2,25943,48,No,Mortgage,0
47,763856,636395,679,3,1,11002,60,No,Mortgage,0
61,150000,309091,554,6,0,0,60,No,Rent,1
49,1087162,610842,771,8,5,29216,36,Yes,Mortgage,0
36,675714,89435,724,2,4,34154,60,No,Rent,0
65,646712,287083,708,24,3,38985,48,Yes,Rent,0
57,478060,50000,599,13,2,25956,48,No,Rent,0
23,150000,646660,662,4,2,34471,48,No,Rent,1
52,552003,69078,748,11,5,43893,60,No,Rent,0
52,1473612,147189,790,6,3,25597,60,No,Rent,0
47,548106,667492,757,23,1,11121,60,No,Rent,0
31,210896,424830,664,1,0,11940,60,No,Mortgage,1
21,263593,197190,741,2,1,7217,36,No,Mortgage,0
54,570675,536085,711,19,3,13734,36,No,Own,0
37,456543,764711,627,19,0,4289,60,Yes,Mortgage,0
31,1003412,477322,680,15,4,39939,36,Yes,Rent,0
49,1212738,465701,649,2,2,15199,48,No,Rent,0
52,585848,50000,622,9,0,24696,48,No,Rent,0
40,768866,504258,741,17,0,19718,60,No,Own,0
30,197459,1202299,741,14,5,19505,48,No,Own,1
25,1216973,94904,829,8,1,28420,60,No,Rent,0
39,948509,715058,574,6,3,10038,24,Yes,Own,0
37,1477387,631629,742,17,0,8702,48,No,Rent,0
48,817834,579406,700,17,1,3437,24,No,Mortgage,0
25,814453,730727,597,6,5,41484,60,Yes,Rent,1
33,789377,949654,665,16,5,39245,84,No,Mortgage,0
35,527180,506851,806,15,3,32614,12,No,Rent,0
55,694928,57177,628,20,4,19354,60,No,Mortgage,0
26,658227,893578,421,7,1,17068,60,No,Own,1
41,770931,1032004,640,12,2,23890,48,No,Mortgage,0
31,579777,394292,763,12,1,19774,60,No,Rent,0
63,150000,549718,697,7,1,21981,60,No,Rent,1
62,803249,66206,513,20,2,41126,60,No,Own,0
65,1219584,729051,656,12,5,47019,60,No,Rent,0
24,1411594,293797,685,5,4,40752,60,No,Own,0
25,1033463,247185,788,4,4,26845,12,No,Own,0
64,238064,737877,630,28,3,41785,24,No,Rent,1
21,747388,466378,672,3,5,24558,48,No,Mortgage,0
53,588235,555045,757,21,2,15061,36,No,Rent,0
42,624090,423998,623,18,0,21219,12,No,Own,1
50,150000,267790,642,29,1,17979,60,Yes,Rent,1
61,927393,843603,632,25,1,10810,48,No,Rent,0
51,562899,204548,449,7,2,8693,48,No,Rent,1
45,769185,75587,602,23,3,17048,12,No,Rent,0
43,833227,549496,743,21,1,21710,60,No,Own,0
55,761903,422395,734,18,0,6529,24,No,Rent,0
42,993593,459738,693,26,1,13032,24,No,Rent,0
47,865094,507612,621,6,5,26553,36,Yes,Mortgage,0
21,602218,58260,745,6,1,25726,84,No,Own,0
28,192445,132726,735,12,2,24874,48,No,Mortgage,0
59,893639,631084,678,1,2,21761,36,No,Mortgage,0
23,468225,348116,798,7,0,18723,36,No,Rent,0
35,555670,197423,748,14,0,1219,36,No,Rent,0
31,1041714,443843,671,17,4,23473,60,No,Rent,0
35,1349155,87694,829,17,5,44365,36,No,Mortgage,0
64,1035350,683976,850,22,4,36617,36,No,Rent,0
32,1180276,382144,635,12,3,25954,12,No,Own,0
61,428825,328427,623,12,1,795,60,No,Own,1
37,955048,541830,687,17,0,6717,12,No,Mortgage,0
38,737003,1163674,774,20,2,30517,24,No,Rent,0
60,770884,930259,665,31,1,26195,24,No,Rent,0
46,650460,81339,618,14,5,26708,60,Yes,Mortgage,0
38,857722,295575,478,20,0,13870,60,No,Own,0
27,854471,594816,677,4,5,31428,24,No,Mortgage,0
36,264445,538637,627,16,1,18259,48,No,Rent,1
49,766128,50000,830,1,0,17972,60,No,Mortgage,0
53,588406,411192,710,24,0,9763,60,No,Own,0
55,1161394,779974,601,16,1,8696,60,No,Rent,0
55,669688,422025,664,21,5,21851,84,No,Rent,0
50,1020026,990644,696,2,1,11074,12,No,Rent,0
63,444804,1302827,719,10,4,22590,36,No,Rent,1
51,423747,50000,636,17,1,24885,48,No,Rent,0
31,180818,339203,627,15,0,27762,60,No,Rent,1
22,649235,520580,745,5,4,27153,60,No,Rent,0
25,255407,811400,638,10,4,31977,60,No,Own,1
42,961993,658764,528,14,5,41187,60,No,Own,1
57,1054602,405508,675,19,3,36549,48,No,Mortgage,0
47,810562,782615,753,19,0,18806,60,No,Own,0
57,1146955,180548,510,10,1,19557,60,No,Own,0
60,749443,311759,468,9,0,689,48,Yes,Own,0
41,152445,720570,725,24,4,47137,12,No,Rent,1
56,978080,682685,648,19,0,17071,48,No,Rent,0
21,254672,797987,678,2,1,15678,48,No,Rent,0
29,150000,1009815,724,10,4,36598,36,Yes,Mortgage,1
51,1069646,460926,676,7,2,17266,36,No,Own,0
39,446516,274124,784,13,4,45569,24,No,Rent,0
22,1108658,50000,582,6,2,25581,60,No,Own,0
21,503157,750952,774,3,4,40843,60,No,Mortgage,0
43,625679,241152,634,16,5,22586,36,No,Mortgage,1
65,306867,666524,739,13,0,22198,36,No,Mortgage,1
58,1009710,77760,629,10,5,44606,48,Yes,Own,0
32,617753,73502,666,10,5,44630,60,No,Mortgage,1
44,378395,118036,758,5,4,19640,24,No,Mortgage,0
62,462118,296985,649,11,1,0,60,No,Own,0
25,817229,663587,648,6,2,32894,48,No,Rent,0
31,364412,1214919,734,13,4,20363,48,No,Own,1
64,1061423,1062840,712,23,3,42286,48,No,Mortgage,0
56,1029044,87552,629,20,4,23857,24,No,Mortgage,0
45,735939,921235,641,9,1,15754,36,No,Rent,0
23,760589,78572,667,2,5,13490,48,No,Rent,1
41,1264795,157799,713,23,0,401,36,No,Own,0
35,373443,50000,679,16,5,14364,36,No,Rent,0
22,653706,58661,728,3,1,29415,84,No,Own,0
53,920107,437337,540,15,2,13200,12,No,Rent,0
65,1057482,320940,545,6,3,23997,36,No,Rent,1
60,606447,591654,597,6,2,16263,36,No,Own,0
54,794834,163580,648,16,1,29979,84,Yes,Mortgage,0
29,178005,651761,685,3,3,23596,60,No,Mortgage,1
39,572753,119789,651,22,4,30955,24,No,Mortgage,0
37,361829,435051,755,21,4,31723,84,No,Mortgage,0
53,717566,414953,713,30,3,15980,36,No,Rent,0
52,1010924,208306,521,26,2,11477,36,No,Mortgage,0
38,417280,279744,669,20,0,10415,60,No,Rent,0
55,687606,50855,716,4,1,34954,36,No,Own,0
33,802967,796576,722,7,0,4943,60,No,Mortgage,0
36,581900,50000,733,19,3,41596,60,No,Own,0
51,369219,877663,563,15,5,27722,24,No,Own,1
24,150000,1031622,732,9,4,34212,36,Yes,Mortgage,1
46,234447,916118,632,25,0,15240,36,No,Rent,1
37,1503296,320164,696,20,1,19348,24,No,Rent,0
30,453936,630173,801,6,2,27956,60,No,Rent,0
58,1098156,498239,580,28,3,22074,60,No,Mortgage,0
55,1161648,50000,674,23,2,22252,12,Yes,Rent,0
59,352456,620746,782,22,1,3684,36,No,Rent,0
58,840855,391665,742,25,3,21867,12,No,Rent,0
29,627799,867204,634,10,4,36691,60,No,Rent,1
43,389799,586672,578,15,1,20507,84,No,Rent,1
23,704366,739205,803,7,1,28951,84,No,Mortgage,0
47,150000,162959,822,11,1,19338,36,No,Rent,0
47,740422,564040,743,6,3,6576,36,No,Rent,0
49,1399140,128264,754,2,4,19206,60,No,Rent,1
53,347339,714636,764,10,4,29194,36,No,Rent,1
46,351005,674512,796,25,5,40975,48,Yes,Rent,1
23,150000,319612,558,3,5,41468,36,No,Rent,1
49,1120668,549002,672,3,2,14612,36,No,Own,0
26,597025,1118840,770,8,0,3375,36,No,Own,0
21,481020,1234084,669,1,4,26281,48,No,Own,0
60,272410,350210,685,11,5,32674,36,Yes,Own,1
43,596717,991893,567,30,4,27864,36,No,Own,1
23,180380,137893,605,7,0,9311,60,No,Own,1
58,1160234,803290,785,5,0,4728,60,No,Mortgage,0
47,373341,231443,803,28,4,18599,60,No,Mortgage,0
48,231165,321305,741,11,3,39058,36,Yes,Mortgage,1
21,627873,145472,691,3,3,12419,60,No,Own,0
53,718510,85023,696,14,5,33651,60,No,Own,0
56,315090,929963,597,4,2,26927,36,Yes,Own,1
26,1241244,709033,761,4,4,42282,36,No,Rent,0
35,150000,378590,472,4,3,24162,12,No,Rent,1
24,260895,1033647,574,6,1,23043,48,No,Rent,1
44,829235,423217,651,11,0,25903,48,No,Rent,0
55,424076,521096,651,24,0,10469,60,No,Rent,1
45,1228081,936395,816,25,0,3830,24,No,Rent,0
41,1628295,90994,850,1,2,16859,12,Yes,Rent,0
56,768124,97861,723,8,3,33359,36,No,Own,0
55,1184576,516197,706,23,5,36097,60,No,Rent,0
62,574419,64374,495,23,0,24452,60,No,Mortgage,0
44,688419,595903,724,5,2,9889,36,No,Rent,1
59,724676,50000,552,27,4,19984,36,No,Rent,1
51,1146624,202286,835,23,2,26815,48,No,Mortgage,0
37,362993,356967,670,16,2,16142,60,No,Rent,0
49,1324768,491617,482,16,3,54300,48,No,Mortgage,0
34,546818,298384,746,4,5,39238,60,No,Rent,0
65,1122311,1045948,695,27,5,46911,48,No,Mortgage,0
51,625915,768260,655,28,0,1846,12,No,Rent,0
21,679780,276557,656,5,3,16085,48,Yes,Mortgage,1
41,648988,62886,654,29,3,16593,12,No,Rent,0
24,887041,461620,731,4,5,39628,36,No,Mortgage,0
46,171955,696170,734,10,3,3601,60,No,Mortgage,1
53,150000,251436,678,12,3,38892,60,No,Own,1
33,172901,650377,607,13,2,10838,60,No,Own,1
54,510450,50000,791,5,3,24401,60,No,Own,0
44,267389,356344,605,20,1,1892,84,No,Mortgage,1
21,642559,840222,798,0,1,36247,60,No,Rent,0
33,1045104,638146,699,4,2,26301,36,No,Own,0
22,150000,255281,604,4,1,21131,48,No,Rent,1
42,563957,1034391,850,18,0,26154,36,No,Rent,0
54,609683,335532,693,25,3,10794,60,No,Own,0
64,1001373,879677,671,14,5,32448,60,No,Mortgage,1
62,187719,55098,715,21,0,8502,60,Yes,Mortgage,0
47,994593,50000,764,4,3,29286,36,No,Rent,0
36,487883,136111,549,25,3,26909,36,No,Rent,0
21,1413558,364073,579,2,0,21305,84,No,Rent,0
36,343289,50000,598,0,5,45748,84,No,Own,1
56,975675,538250,842,9,5,41520,60,No,Own,1
62,595811,1012616,838,28,1,9974,60,Yes,Rent,0
54,836321,644631,720,0,0,14471,60,No,Mortgage,0
38,154936,611139,677,8,3,25739,60,Yes,Rent,1
39,545869,1109524,551,11,0,1273,60,No,Mortgage,1
54,150000,296049,484,13,2,25456,36,No,Rent,1
24,473128,568706,806,10,1,32816,84,No,Rent,0
27,631773,655744,850,5,2,4523,24,No,Own,0
61,633522,351814,638,22,4,21535,84,No,Rent,0
29,766628,175705,674,13,3,33756,24,No,Mortgage,0
32,1015236,832846,695,15,3,9956,36,Yes,Mortgage,1
37,463101,940360,615,6,5,28740,36,No,Rent,1
45,729543,622949,673,6,0,23422,36,No,Rent,0
65,150000,109532,706,20,1,21011,24,No,Mortgage,0
29,301339,650218,619,10,3,41674,12,No,Mortgage,1
57,1638407,752123,681,13,1,19756,48,No,Mortgage,0
30,1008373,1033412,844,8,4,14809,24,No,Rent,0
54,1021148,462987,688,21,5,36697,48,No,Mortgage,0
41,343077,307687,519,24,1,10316,24,No,Rent,0
36,911458,511023,682,8,0,11172,24,Yes,Rent,0
52,674931,882174,761,14,3,17711,60,No,Own,0
60,150000,414846,610,22,1,12760,60,No,Rent,1
21,859713,645282,797,8,0,7766,36,No,Rent,0
55,936541,816442,714,7,0,27819,36,No,Mortgage,0
27,150000,1066339,746,9,4,33940,36,Yes,Mortgage,1
56,883903,580751,704,5,2,15220,60,No,Rent,1
63,734601,408568,664,6,0,64,60,No,Own,0
31,906974,760284,683,13,1,17522,60,No,Own,0
59,898880,50000,656,12,0,8205,12,No,Rent,0
28,713119,50000,754,8,2,26233,36,No,Own,0
34,1090613,345372,588,6,2,26723,60,No,Rent,0
53,738084,340757,732,8,4,24786,36,No,Rent,0
63,664550,1087604,593,25,3,45687,36,No,Own,0
48,601773,53683,817,1,0,6998,12,No,Own,0
30,622620,76926,702,8,5,35051,48,No,Mortgage,0
38,499469,274763,745,15,5,42727,24,No,Rent,0
47,150000,339281,455,16,1,24755,36,No,Rent,1
31,1654754,931106,771,10,5,55164,12,No,Mortgage,0
29,155387,186329,728,11,2,19417,48,No,Mortgage,0
62,599226,505892,811,17,1,9789,60,No,Rent,0
24,639679,756057,633,12,3,14701,12,No,Mortgage,1
38,311788,50000,754,14,0,12002,24,Yes,Mortgage,0
39,304270,616179,603,21,5,28252,60,No,Rent,1
61,612037,50000,837,13,2,25540,60,No,Mortgage,0
54,769045,281356,766,0,3,24233,60,No,Own,0
25,590210,666206,630,7,3,42549,60,No,Own,0
45,150000,245865,598,22,3,13300,60,No,Rent,1
45,428173,1190689,699,26,4,24578,48,No,Mortgage,1
24,553778,594856,637,5,4,31189,24,No,Mortgage,0
63,487313,687500,771,13,1,18582,36,No,Mortgage,0
28,950798,710120,850,9,3,33782,84,Yes,Rent,0
41,801352,990048,613,10,3,18550,48,No,Mortgage,0
47,523899,551716,516,20,5,29329,84,No,Mortgage,0
41,988336,769507,566,15,1,25513,36,No,Mortgage,0
54,447619,273680,578,27,2,37223,48,No,Own,0
65,1173159,668813,514,28,4,38891,60,No,Mortgage,0
31,159316,664276,673,15,0,16516,84,No,Own,1
44,1029782,1319005,668,10,0,16554,60,No,Rent,0
52,345224,831623,721,17,4,15313,60,Yes,Own,0
50,1046668,81690,635,7,5,30414,84,No,Own,0
45,919185,1468289,550,14,3,23599,60,No,Own,1
50,861152,604918,602,12,5,40052,36,No,Rent,1
52,780661,614446,680,17,1,0,24,No,Mortgage,0
21,1045269,318037,651,2,4,9137,36,Yes,Mortgage,0
47,810947,936715,695,5,4,39967,12,No,Own,0
52,762052,650315,740,13,2,32509,60,No,Rent,0
50,388647,690600,597,2,0,1999,24,No,Rent,1
30,656060,709954,850,10,0,22420,36,No,Rent,0
50,661488,166787,844,9,1,15253,36,No,Mortgage,0
36,294898,794733,738,2,5,49056,60,No,Rent,1
61,504930,696717,577,7,0,20050,36,No,Own,1
57,1234499,768387,762,14,2,22870,36,No,Mortgage,0
26,1290393,67720,543,11,3,26362,60,No,Mortgage,0
49,1066887,646379,693,9,3,32470,36,No,Mortgage,0
51,739829,292995,635,31,0,9102,24,No,Rent,0
26,917850,915139,788,6,2,13572,60,No,Own,0
36,380472,813370,624,21,1,25077,36,No,Mortgage,0
27,978070,651601,707,3,0,6469,36,No,Own,0
56,357777,454002,754,7,2,11400,48,No,Rent,0
53,824013,193204,624,12,5,29286,24,No,Mortgage,0
46,648897,641545,738,16,2,23685,24,No,Rent,0
45,985800,66656,596,15,3,18006,24,No,Own,0
40,150000,51366,645,16,5,23628,60,No,Rent,0
31,1450231,268224,728,9,2,54766,48,No,Rent,0
58,200015,333587,662,4,4,46472,84,No,Rent,1
56,502733,289371,656,21,0,22148,12,Yes,Mortgage,0
48,672878,612126,710,6,2,8186,36,No,Rent,1
60,854772,454252,702,25,4,26129,12,No,Rent,0
28,709095,593549,850,9,4,32147,60,Yes,Own,0
63,597270,378257,740,7,2,24278,48,No,Rent,0
64,1025495,935104,748,8,1,19211,12,Yes,Own,0
36,913874,408848,634,4,1,19428,36,No,Own,0
39,1359543,515375,707,3,2,29425,24,No,Mortgage,0
46,617403,327745,628,30,2,9021,24,No,Rent,0
56,578476,588347,780,18,0,18083,36,No,Rent,0
21,856975,278736,701,0,4,34957,84,No,Mortgage,0
63,790483,529060,755,18,1,11078,24,No,Rent,0
54,1181774,826163,636,16,1,13317,60,No,Rent,1
38,723997,644225,661,5,5,46519,84,No,Rent,0
27,942785,452593,730,10,4,16710,84,No,Own,0
65,1133452,768140,632,22,5,17423,24,No,Own,1
35,486108,382986,765,6,3,33709,36,No,Rent,0
57,894819,135130,651,27,4,30479,12,Yes,Rent,0
62,249464,166663,622,18,3,43294,12,No,Rent,0
51,787964,365004,733,19,0,10488,24,No,Rent,0
21,1205983,825628,793,0,3,20027,60,No,Rent,0
61,637907,1028816,775,22,1,12663,60,No,Rent,0
60,683714,829378,704,5,0,16545,60,No,Own,0
33,514182,862782,696,7,0,0,60,No,Own,0
32,865600,1195846,526,6,1,22441,84,Yes,Mortgage,1
26,863997,323262,711,5,2,0,36,No,Rent,0
43,1328605,394519,720,12,0,14373,36,No,Rent,0
39,539619,1066286,772,14,4,29382,36,No,Rent,0
39,864078,907925,384,10,1,13324,60,No,Rent,1
41,365456,275738,525,26,3,9604,24,No,Rent,0
58,477362,454059,573,27,0,9459,48,No,Own,0
26,296374,604122,577,9,1,26933,36,No,Rent,1
38,711138,372582,523,16,1,34275,36,No,Mortgage,1
54,1291352,652353,850,0,3,18141,24,No,Own,0
27,510313,106163,787,7,4,37230,36,No,Own,0
38,500474,408439,785,2,1,18919,36,No,Rent,0
36,937978,653144,739,16,3,15943,48,No,Own,0
63,707164,487870,613,26,3,48340,36,Yes,Rent,0
51,936376,50000,625,4,1,22778,36,No,Rent,0
21,347077,568459,658,1,5,26578,24,No,Rent,1
60,839046,135953,667,25,5,33020,12,Yes,Rent,0
41,177258,683822,705,17,4,35143,48,No,Own,1
43,150000,299432,656,24,2,8501,60,No,Rent,1
28,507628,707067,781,9,2,39772,12,No,Mortgage,1
53,405325,396356,765,8,0,23052,36,No,Own,0
21,915240,496656,590,2,1,23382,84,No,Own,0
24,150000,717138,573,8,2,27392,60,No,Rent,1
65,158700,1123907,762,10,0,5413,60,Yes,Own,1
42,427809,231837,688,23,4,38448,36,No,Rent,0
33,964532,889269,708,6,3,21765,24,No,Mortgage,0
30,535840,220765,804,12,4,33394,60,No,Own,0
33,185252,739850,548,11,2,22934,60,No,Rent,1
49,810301,695201,700,22,2,9151,36,Yes,Rent,0
55,150000,369106,670,24,3,16697,60,No,Mortgage,1
30,984618,1051883,745,10,2,17220,60,No,Mortgage,0
32,213331,643702,709,11,5,31436,24,No,Rent,1
36,746539,561666,726,3,5,10226,12,No,Own,0
33,712812,68831,606,20,0,2138,84,Yes,Own,0
26,1025893,520470,701,5,3,39509,36,No,Mortgage,0
53,174722,579438,671,21,5,27631,60,No,Rent,1
24,427833,599934,621,1,0,15194,48,No,Rent,0
43,1129324,505672,734,13,2,23443,48,Yes,Rent,0
58,996176,59740,620,8,0,24020,24,No,Mortgage,0
33,150000,632423,760,4,4,11812,60,No,Rent,1
65,868626,542365,652,28,3,27666,36,No,Mortgage,0
43,693122,427337,677,9,0,20605,48,No,Rent,0
21,734216,463539,751,2,4,30770,60,No,Rent,0
55,831919,418673,716,29,5,19519,48,No,Mortgage,0
60,412818,576510,755,22,1,3189,36,No,Rent,0
49,471761,458719,766,18,2,26814,24,No,Own,0
52,1147647,870478,603,22,4,36798,60,No,Rent,0
25,1098911,99988,625,9,2,6306,36,No,Own,0
34,150000,722791,771,13,3,26721,60,No,Rent,1
33,896341,577689,567,1,1,0,60,No,Rent,0
50,636163,1079857,590,0,5,38342,36,No,Mortgage,1
60,1092552,915937,596,26,3,46850,84,No,Rent,0
23,1318456,527434,715,2,0,10986,48,No,Rent,0
28,634580,819143,726,5,5,41189,60,No,Own,1
58,565013,491007,534,19,1,16477,84,No,Mortgage,1
32,1302224,685365,606,8,0,0,60,No,Mortgage,0
58,770671,1005022,625,20,4,20578,36,No,Rent,0
36,677598,318619,624,20,3,16548,60,No,Own,0
59,150000,740726,684,10,3,23905,84,No,Mortgage,1
46,696478,1075754,723,23,3,36633,36,No,Rent,1
44,455385,694967,756,23,5,39872,48,Yes,Rent,0
49,490076,632401,813,12,1,20439,60,No,Rent,0
38,655278,444274,778,5,1,24924,60,No,Own,0
24,244439,490754,701,6,4,24058,36,No,Rent,1
46,451865,1013525,562,26,3,22904,12,No,Mortgage,1
49,927457,50000,816,18,5,48452,48,No,Mortgage,0
48,685571,549952,616,22,4,40222,36,Yes,Rent,1
26,323615,710147,553,8,4,41886,60,Yes,Mortgage,1
37,666373,50000,626,17,0,5563,84,Yes,Own,0
27,1560589,849874,626,13,5,29970,84,Yes,Rent,0
42,628654,368066,494,23,2,13398,12,No,Mortgage,0
23,702273,395145,683,4,4,7023,24,No,Own,0
33,1284303,684499,771,17,4,13900,24,No,Rent,0
47,1216673,1005901,822,26,0,2354,24,No,Rent,0
47,979042,751272,802,28,4,32786,84,No,Own,0
38,370619,465558,791,10,2,22912,48,Yes,Rent,0
59,233093,382852,677,26,4,21999,36,No,Own,1
36,433930,222911,795,20,1,6644,36,No,Rent,0
44,259735,1034158,617,24,4,12936,36,Yes,Mortgage,1
43,1013963,83464,833,26,3,24103,84,No,Rent,0
22,198965,863007,592,1,5,35308,36,No,Rent,1
41,729468,555267,585,19,5,44758,36,Yes,Rent,0
63,941157,460079,655,21,5,48203,48,No,Rent,0
50,257057,938482,493,30,0,5061,36,No,Mortgage,1
21,628062,245823,647,4,2,14577,48,Yes,Mortgage,1
54,1250212,710373,638,25,2,13000,60,Yes,Mortgage,0
37,965159,581523,798,17,4,40928,84,No,Rent,0
55,886368,437425,719,21,2,16728,24,No,Rent,0
27,363621,434993,623,8,0,0,24,Yes,Mortgage,0
56,768938,762111,694,23,2,24823,36,No,Rent,0
55,191692,297915,682,8,5,25796,60,No,Mortgage,1
32,1098263,383380,580,6,0,23690,60,No,Rent,0
56,372801,577852,619,28,2,10194,60,No,Mortgage,1
40,1262114,487723,765,21,3,27880,48,Yes,Rent,0
43,536745,62548,708,9,0,0,60,No,Own,0
52,1205591,600100,614,12,0,15596,48,No,Rent,0
57,1246076,783442,784,13,2,16851,36,No,Mortgage,0
58,577659,634221,757,23,1,16281,60,No,Rent,0
28,155384,506100,657,8,5,56852,48,Yes,Rent,1
44,567254,611581,594,7,1,9264,24,No,Own,0
63,644266,60957,608,21,2,7816,36,No,Own,0
62,418654,171403,711,7,0,10040,36,No,Rent,0
21,946137,881161,684,2,4,27229,48,No,Rent,1
33,1676744,645363,694,15,5,31743,12,No,Mortgage,0
32,1208621,692757,714,11,4,32204,48,No,Rent,0
65,879734,551402,813,4,3,28762,36,No,Own,0
29,719438,396414,615,10,5,38050,60,No,Mortgage,0
30,711380,862328,722,3,5,35903,60,No,Own,0
56,316443,652860,746,30,3,46213,36,No,Own,0
32,150000,106702,696,10,0,21236,48,No,Mortgage,1
26,1154959,146358,679,7,4,31424,60,No,Own,0
58,150000,355190,724,23,5,22552,60,No,Own,1
51,1034930,767917,622,13,1,9557,60,No,Rent,0
53,709453,692963,651,11,0,17559,36,No,Rent,0
33,698830,287489,850,2,3,18392,48,No,Rent,0
65,606545,785216,685,25,2,24691,36,Yes,Own,1
58,650216,253290,713,2,5,52196,84,No,Own,0
25,1201950,50000,789,6,5,38873,36,No,Rent,0
62,1270300,619213,647,11,5,47150,60,No,Rent,0
37,1194343,50000,706,12,3,15475,24,No,Rent,0
21,339113,615417,707,5,3,29427,24,No,Rent,1
59,507140,233090,725,19,1,20519,36,Yes,Own,0
36,850137,552590,777,20,5,42415,84,No,Rent,0
36,718456,598226,730,15,1,20449,60,Yes,Rent,0
59,430167,244453,574,0,0,17061,60,Yes,Own,1
58,151322,323545,765,25,5,30774,60,No,Own,1
43,446997,182455,773,12,0,1263,36,No,Rent,0
57,441849,474421,630,26,0,10441,60,No,Rent,0
43,150000,404328,786,23,5,12613,48,No,Mortgage,1
37,655381,354940,598,18,4,17816,60,No,Own,0
33,275668,1247727,732,13,3,19294,48,No,Own,1
43,427403,122426,733,8,4,25012,36,No,Rent,0
53,982621,654141,756,29,2,30719,84,No,Own,0
36,832442,506744,641,14,3,26211,60,No,Rent,0
34,494755,413756,686,12,0,0,36,Yes,Own,0
43,553603,660275,678,24,0,8246,60,No,Rent,0
52,1256440,107123,714,29,4,23114,60,No,Rent,0
64,997378,945171,749,6,1,23466,12,Yes,Own,0
47,467773,50000,680,8,1,378,60,No,Own,0
61,924577,55079,643,5,2,28715,24,No,Mortgage,0
64,910803,1038041,755,20,1,17403,36,No,Own,0
46,572075,50000,508,8,0,234,60,No,Own,0
28,1299848,581164,663,10,1,7572,60,No,Mortgage,0
27,767749,893140,555,10,3,32149,36,No,Own,1
42,394598,448428,823,1,1,17938,36,No,Rent,0
23,1112213,50000,757,2,3,18697,36,No,Rent,0
51,1230291,792181,850,11,3,29673,36,No,Own,0
65,558091,263012,633,29,3,31957,12,Yes,Own,0
42,259990,669315,658,8,1,25728,60,Yes,Rent,1
63,812607,191332,618,11,2,22256,24,No,Rent,0
63,572682,676547,843,15,2,18360,36,Yes,Rent,0
29,733905,659280,615,8,1,18296,60,No,Mortgage,0
58,526999,801225,847,12,4,45042,36,No,Own,0
53,1146331,50000,680,26,2,16796,12,Yes,Rent,0
57,422486,432613,837,21,4,13598,60,No,Mortgage,0
65,1135130,651806,631,18,2,21656,36,No,Mortgage,0
31,163913,589127,701,7,5,27673,24,No,Rent,1
28,765778,50000,684,4,5,59098,36,No,Mortgage,0
59,934412,654913,705,11,1,24690,24,No,Mortgage,0
27,1090115,235040,795,6,2,34151,60,No,Rent,0
47,766058,50000,602,21,5,44758,24,No,Mortgage,0
38,460548,141560,433,16,1,20350,12,Yes,Mortgage,1
42,1061767,727081,691,12,4,32468,36,No,Own,0
30,798578,716777,641,10,4,49508,24,Yes,Mortgage,0
34,1023424,514146,628,17,1,25777,36,No,Mortgage,0
31,671403,633127,575,15,0,200,48,Yes,Rent,0
46,888419,136518,799,0,2,10099,60,No,Rent,0
65,207593,577853,556,25,5,42095,48,No,Mortgage,1
52,1452906,876075,692,20,1,22411,24,No,Rent,0
65,936062,1021341,620,5,0,9377,84,No,Mortgage,0
65,829347,1025398,675,18,1,19747,24,No,Rent,0
60,511439,227716,647,28,5,14961,48,Yes,Rent,0
24,325319,50000,588,5,2,36024,12,No,Rent,1
57,739036,773825,666,5,0,7191,60,No,Own,1
46,538692,190107,541,32,2,21335,48,No,Mortgage,0
58,1035936,756496,568,7,4,40465,60,Yes,Rent,1
50,660008,157399,675,11,4,32997,60,No,Own,1
22,568964,1108445,743,3,5,38140,24,No,Mortgage,0
41,391431,355095,510,16,2,14746,48,No,Mortgage,0
48,359796,820540,556,16,4,28434,24,No,Own,1
53,377210,809583,729,16,1,17026,60,Yes,Own,1
61,438980,555603,743,22,0,3759,36,No,Rent,0
47,506762,222054,622,6,3,15370,60,No,Rent,0
21,1243006,491296,698,1,0,13815,48,No,Rent,0
55,1016545,421678,590,0,4,45577,36,No,Mortgage,0
51,1041290,462669,569,1,2,48077,36,No,Mortgage,0
25,168655,484029,641,7,4,52196,48,Yes,Rent,1
36,361745,567916,578,16,0,13591,48,No,Mortgage,0
60,689845,586190,669,6,3,38787,48,Yes,Mortgage,0
62,400265,617110,682,5,0,11602,48,No,Rent,0
38,553846,467270,571,8,1,23865,48,No,Rent,1
39,637366,996028,786,20,4,30974,36,No,Rent,0
41,791716,677768,685,4,3,12988,48,No,Mortgage,1
30,455777,566596,624,11,5,25198,24,No,Own,0
56,848102,457973,710,8,4,35268,84,No,Rent,0
61,415059,318108,591,4,0,11077,60,Yes,Own,0
28,428991,645113,732,6,2,26240,60,No,Rent,0
29,1378241,681778,785,11,2,14271,60,No,Mortgage,0
48,150000,171819,792,21,1,12148,24,No,Own,0
52,161749,659702,773,19,2,23095,60,No,Rent,1
50,692074,95477,781,22,3,29332,36,Yes,Own,0
29,630518,92804,707,2,4,31036,60,No,Mortgage,0
40,745411,490653,541,25,2,12565,12,No,Mortgage,0
29,699082,108882,797,11,3,38716,36,No,Rent,0
54,1084377,812177,617,22,4,38924,60,No,Rent,0
56,1207299,934090,582,12,2,40052,36,No,Mortgage,1
37,525104,457422,755,18,3,37753,60,No,Mortgage,0
52,546491,779532,850,22,2,8397,60,No,Own,0
31,165279,1035563,744,16,3,35339,36,Yes,Mortgage,1
65,150000,537006,537,25,5,36716,48,No,Mortgage,1
38,336817,50000,707,0,2,34771,36,No,Mortgage,0
45,752981,630083,728,17,2,31022,24,No,Rent,0
52,318067,1030172,812,5,0,29956,60,Yes,Own,0
46,662901,786676,713,11,5,39366,84,No,Rent,0
37,952868,389534,557,19,3,18889,36,No,Rent,0
54,711435,85948,768,22,3,41400,60,Yes,Rent,0
37,819357,764150,665,10,3,24967,60,Yes,Rent,1
29,769360,646857,636,10,4,51202,24,Yes,Mortgage,1
61,1312987,413280,467,15,2,9393,48,No,Rent,0
26,1080299,50000,796,9,3,19830,48,No,Own,0
53,637803,89313,771,21,3,11324,24,No,Rent,0
55,988387,397084,605,1,3,41689,36,No,Mortgage,0
29,417256,949266,768,0,5,24325,84,No,Rent,1
62,657761,1451436,688,0,3,31095,60,No,Mortgage,1
21,470112,403820,711,3,3,18267,36,No,Rent,0
33,931738,50000,572,8,2,27525,60,No,Mortgage,1
40,798125,692748,532,16,3,19216,60,No,Rent,1
59,416739,50000,611,24,1,16111,60,No,Rent,0
42,851131,1241357,673,14,5,27279,60,No,Own,0
45,195310,676066,653,18,5,24598,36,No,Rent,1
39,1836123,673259,702,18,4,39055,24,No,Own,0
50,382089,559983,777,2,0,0,24,No,Mortgage,0
27,1090633,304158,782,6,3,31775,12,No,Own,0
52,719951,630229,690,12,1,482,24,No,Mortgage,0
65,1182308,780782,652,22,4,20453,24,No,Own,0
54,577274,188126,465,9,2,10473,48,No,Rent,0
41,795516,979958,593,9,1,20985,24,No,Rent,0
62,967680,1002801,698,22,1,17948,36,No,Own,0
30,1055248,251687,604,11,1,25191,24,Yes,Rent,0
25,656000,839801,675,5,0,29157,48,Yes,Rent,0
42,368274,907363,781,0,0,17821,48,No,Mortgage,1
41,615390,498883,726,19,2,6307,60,Yes,Rent,1
59,1009040,977200,598,26,3,41867,84,No,Rent,0
40,924137,735535,489,5,2,12761,48,No,Own,0
59,1153782,404830,617,7,4,36820,36,No,Rent,0
27,784462,947583,804,7,4,12852,60,No,Own,0
52,735350,794444,725,25,2,22162,36,No,Rent,0
63,161245,57431,505,18,2,7602,48,No,Mortgage,0
63,389819,306966,790,17,2,20160,48,No,Mortgage,0
23,649859,747364,754,5,1,25045,84,No,Mortgage,0
64,927237,363631,640,22,5,48160,48,No,Rent,0
48,1078849,701000,604,28,3,13783,36,No,Mortgage,0
54,454236,511616,793,7,1,22626,36,No,Rent,1
45,1035734,83889,750,5,1,40207,36,No,Rent,0
35,150000,754985,616,16,0,17494,48,No,Rent,1
59,344643,448911,717,24,5,19637,36,No,Own,0
21,770517,508116,656,3,2,28709,36,No,Mortgage,0
49,524442,500615,713,18,3,9827,36,No,Own,0
52,545786,50000,807,5,2,23555,60,No,Own,0
35,994607,422056,648,9,1,18098,36,No,Own,0
65,186793,325722,532,4,0,5428,60,No,Rent,1
46,1223886,655275,635,11,5,40044,36,No,Rent,0
28,587509,346748,762,7,0,19254,60,No,Own,0
55,257556,1088095,557,1,0,17101,24,Yes,Rent,1
37,730515,507922,703,14,1,12151,84,No,Mortgage,0
34,1130074,784700,773,10,4,38450,24,Yes,Mortgage,0
41,1358079,703010,625,22,4,29676,48,No,Mortgage,0
60,1361374,846031,670,23,5,37847,12,Yes,Rent,0
64,179847,93728,711,23,0,11602,60,Yes,Mortgage,0
51,854968,887189,668,30,1,13585,60,No,Rent,0
25,286413,1223301,654,9,4,32222,60,No,Rent,1
59,373773,251981,613,13,4,44625,12,No,Rent,0
57,508779,519250,758,12,0,7846,60,Yes,Rent,0
52,980312,938836,702,7,2,13950,12,No,Rent,0
28,522291,698379,603,7,3,42955,60,No,Own,1
33,492238,796008,648,3,0,0,60,No,Own,1
43,447046,1124038,664,27,5,29988,48,No,Mortgage,1
26,392916,550572,705,2,0,17325,36,No,Own,0
36,414719,434430,815,14,1,22820,48,Yes,Rent,0
43,182194,1057951,623,25,4,15666,36,Yes,Mortgage,1
38,753203,753069,611,22,2,31671,36,No,Rent,0
38,898841,493491,444,13,2,9020,36,Yes,Own,1
43,1525578,856523,605,25,2,28873,36,No,Mortgage,1
36,477790,519580,589,6,1,26714,48,No,Rent,1
54,1270211,648533,783,28,2,9462,48,No,Own,0
38,851993,913957,662,14,5,36095,84,No,Mortgage,0
27,594739,67293,733,11,2,40151,48,No,Mortgage,0
31,459177,874270,576,14,3,27065,60,No,Rent,1
58,345451,448626,674,25,4,24016,36,No,Own,1
64,579355,421232,705,23,0,9212,36,No,Mortgage,0
51,162487,588973,757,12,3,26791,36,No,Mortgage,1
42,866460,907123,517,13,2,24830,12,Yes,Mortgage,0
65,690033,634792,602,1,1,41762,48,No,Rent,0
64,770769,992749,603,7,4,35194,60,No,Own,0
44,938995,449928,752,23,0,13790,24,No,Own,0
21,150000,862565,570,1,5,39155,36,No,Rent,1
55,647278,298829,598,13,4,31262,60,No,Rent,0
31,1274662,740058,761,11,3,14308,24,No,Rent,0
65,908956,871104,650,12,5,33490,60,No,Mortgage,1
38,555950,306774,683,20,1,19082,60,No,Mortgage,0
24,568912,50000,641,9,5,49117,24,Yes,Mortgage,0
22,172293,77778,697,2,5,33607,60,No,Own,0
33,447669,405423,642,8,4,29994,48,Yes,Own,1
50,1141813,1002186,622,28,3,38695,48,Yes,Own,1
56,675276,637636,575,33,5,31736,24,No,Own,0
23,962715,236823,766,8,2,86,36,No,Rent,0
55,488218,873005,649,26,2,20505,36,No,Rent,1
61,1362572,1023211,541,25,1,34564,60,No,Own,0
60,1317192,1002716,525,23,1,38832,60,No,Own,0
54,551164,648502,670,20,0,16626,36,No,Own,0
40,288591,885980,495,19,3,3710,60,No,Own,1
24,711420,726290,623,7,4,14148,60,No,Rent,0
33,1113318,50000,690,12,5,12172,48,No,Rent,0
44,443439,419731,697,23,5,32158,60,No,Own,0
46,225561,1082537,640,1,4,34864,36,No,Own,1
62,694867,1022088,650,28,3,24756,24,No,Rent,0
64,686855,299517,500,11,2,28516,24,No,Own,0
60,241422,73052,850,30,4,24631,24,No,Own,0
49,490968,1104075,714,8,4,31070,48,No,Rent,0
36,727325,387297,629,18,2,26279,48,Yes,Rent,0
50,700172,786353,654,27,0,0,12,No,Rent,0
21,580083,786183,374,5,3,21720,48,No,Rent,1
43,150000,277062,683,25,1,9319,60,No,Rent,1
47,382161,517911,577,19,2,28531,12,No,Rent,0
58,264219,50000,849,32,5,24619,24,No,Own,0
34,306157,376570,595,9,1,7100,36,No,Rent,1
39,907440,379492,561,19,2,20561,36,No,Rent,0
38,1019903,453036,628,19,4,42781,36,No,Mortgage,0
45,699042,96049,608,12,5,23130,60,Yes,Mortgage,0
36,330198,492827,549,17,1,27144,36,No,Rent,1
51,572207,1089329,570,31,4,31389,24,No,Rent,1
32,609739,350714,841,12,3,38374,60,No,Rent,0
64,1062685,335777,585,2,4,21676,36,No,Rent,0
29,471034,874784,507,10,1,22931,60,No,Own,1
63,948961,991966,744,7,1,18937,12,Yes,Own,0
26,173159,952921,565,7,1,19166,48,No,Rent,1
47,606904,187205,749,25,3,15336,36,No,Mortgage,0
33,426646,861185,623,14,3,26944,60,No,Rent,1
26,356594,1548726,616,8,5,42714,60,No,Rent,1
34,1029127,786144,748,11,5,38122,24,Yes,Mortgage,1
62,802450,508452,676,31,2,29151,36,No,Mortgage,0
51,150000,659479,797,18,3,16472,60,No,Rent,1
65,1022302,1036456,626,1,2,11630,84,No,Mortgage,0
64,980094,727639,829,24,4,40728,36,No,Rent,0
36,560099,294752,837,0,2,22414,48,No,Rent,0
57,856224,1240770,654,30,2,12900,84,No,Own,1
35,731258,1181130,803,12,1,25243,24,No,Rent,0
45,150000,256211,850,8,3,18632,36,No,Rent,0
37,195233,371377,459,4,3,28508,12,No,Rent,1
47,866368,363736,840,9,4,11950,36,No,Mortgage,0
62,365990,1322447,739,10,4,26416,36,No,Rent,1
63,570886,448853,836,20,2,10462,60,No,Rent,0
41,286309,656276,671,9,2,28948,60,Yes,Rent,1
23,1315100,729959,653,2,3,26577,60,No,Own,0
34,918483,473919,565,14,3,32600,36,No,Rent,0
33,947079,571533,514,15,3,31216,60,No,Rent,0
65,350101,941014,759,2,0,3821,36,No,Mortgage,0
44,362429,957796,762,0,2,15179,48,No,Mortgage,1
30,433746,822732,779,15,1,13720,36,No,Own,0
50,1257088,50000,704,6,2,14738,84,No,Own,0
47,299527,930777,477,29,1,7245,36,No,Mortgage,1
49,1104854,462766,593,16,5,59408,36,No,Rent,0
47,728815,243517,681,27,0,7231,24,No,Mortgage,1
32,459432,493771,554,4,2,17276,48,No,Rent,1
23,1057274,50000,597,8,0,19410,60,No,Own,0
30,699311,77074,711,0,0,7027,60,No,Rent,0
39,979209,831592,533,18,2,21505,36,No,Mortgage,1
30,164752,1096263,578,13,0,3558,60,Yes,Own,1
55,952067,623202,839,8,5,40654,60,No,Own,0
25,381555,378280,663,5,2,16232,36,No,Rent,0
60,690821,323597,777,10,3,23080,36,No,Rent,0
35,507798,416990,717,5,3,37453,48,No,Mortgage,1
39,482209,286427,682,19,0,9166,60,No,Rent,0
23,210260,162606,657,4,5,28784,24,No,Rent,0
56,1211352,69932,680,27,3,19540,12,Yes,Rent,0
58,901850,432752,714,23,1,24050,24,No,Rent,0
55,760996,521939,785,19,2,22779,36,Yes,Mortgage,0
42,823553,410166,673,11,0,24820,48,No,Rent,0
46,889277,843072,542,10,3,20603,12,Yes,Mortgage,1
64,253212,880588,768,2,0,4216,36,No,Mortgage,1
24,156465,138834,589,3,0,6597,60,No,Own,0
65,356928,526939,574,8,4,31706,60,No,Rent,0
41,1078414,62999,850,29,2,25766,84,No,Rent,0
31,1103834,907788,613,9,5,34279,24,No,Rent,1
30,1503188,874031,620,9,4,29683,84,Yes,Rent,0
43,516705,95244,677,1,0,7967,84,No,Own,0
43,820804,50000,610,20,0,15920,12,No,Own,0
40,942584,421089,703,13,3,32538,48,No,Mortgage,0
42,900364,1297291,680,8,5,34719,60,No,Own,0
55,884496,327075,780,21,3,9130,48,No,Own,0
42,1332919,882384,672,18,5,34862,60,No,Own,0
55,972717,297566,812,4,4,41056,48,Yes,Mortgage,0
21,1256104,779272,642,0,4,23741,60,No,Own,0
59,947850,284867,778,33,4,37792,36,No,Rent,0
45,1096515,118071,709,0,2,27521,36,No,Own,0
38,494439,448809,656,22,2,30276,24,No,Own,1
65,341271,519458,574,7,3,30395,60,No,Rent,1
42,949824,766070,850,8,1,11094,36,No,Rent,0
47,151308,606349,788,17,2,26435,36,No,Mortgage,1
53,448653,827415,688,21,1,24032,48,No,Own,0
32,309100,774681,768,15,0,13034,36,No,Own,0
41,1254720,531929,732,22,4,25372,48,Yes,Rent,0
39,650621,1088251,676,14,3,46587,36,No,Mortgage,0
26,378319,619315,559,9,3,28098,36,No,Rent,1
49,1233047,389726,495,12,5,50166,48,No,Mortgage,1
62,1035782,453644,527,25,1,31843,36,No,Rent,0
53,811607,1202543,680,29,1,18159,84,No,Own,0
57,645517,641226,656,6,2,21407,36,No,Rent,0
35,1353414,499746,717,0,3,27033,24,No,Mortgage,0
43,818349,465142,789,17,0,24799,60,No,Own,0
36,710246,110594,745,16,3,26535,12,No,Mortgage,0
39,150000,641171,667,7,3,27718,60,Yes,Rent,1
51,159827,689702,716,10,1,6957,60,No,Mortgage,1
53,348460,894471,719,19,0,3818,60,No,Mortgage,1
24,150000,573674,696,8,5,55877,48,Yes,Rent,1
24,563612,50000,544,8,5,49576,24,No,Rent,0
36,1191593,1101206,698,17,1,11868,60,No,Mortgage,0
36,987185,608314,789,7,2,24681,24,No,Mortgage,0
21,812892,307762,708,0,2,39128,84,No,Mortgage,0
41,1425454,468055,850,24,5,20528,24,No,Own,0
36,702205,346142,605,21,3,14448,60,No,Own,0
22,1005293,281377,604,2,3,5619,36,Yes,Mortgage,1
65,812815,1075713,681,17,3,22677,24,No,Rent,0
64,150000,50000,597,19,1,0,36,No,Own,0
56,376184,911467,770,30,2,23023,84,No,Rent,0
35,731175,609512,731,17,1,17048,60,Yes,Rent,0
32,840274,737924,739,6,1,6978,60,No,Mortgage,0
37,432740,50000,676,11,4,13269,36,No,Rent,0
30,695480,50000,678,12,5,40370,60,No,Mortgage,0
42,811745,303971,445,1,4,29709,60,No,Own,1
62,633116,50000,840,10,3,24951,60,No,Mortgage,0
50,289668,916521,456,28,1,0,36,No,Mortgage,1
57,1176932,594421,642,23,2,21133,24,No,Own,0
21,791314,50000,751,4,1,9642,36,Yes,Mortgage,0
43,762327,50000,639,0,3,4242,60,No,Rent,0
52,970235,337118,698,33,4,34122,60,No,Own,0
30,497012,716525,605,11,5,31065,36,No,Rent,1
65,786202,656274,635,2,0,36937,48,No,Rent,0
44,277823,999827,621,25,3,14411,36,Yes,Mortgage,1
36,826017,761577,779,15,4,23657,24,No,Mortgage,0
60,1024347,794044,762,27,4,33385,36,No,Rent,0
51,564206,614336,655,22,0,15315,36,No,Own,0
61,817929,50000,681,14,1,6538,12,No,Rent,0
49,1031380,975896,694,2,0,12184,12,No,Rent,0
53,848360,433142,702,28,3,16307,36,No,Rent,0
34,1193631,727931,598,18,5,32620,36,No,Own,0
47,150000,259559,850,7,4,25696,36,No,Rent,0
54,150000,487972,748,21,3,11693,36,Yes,Own,1
51,633204,670615,603,20,4,43398,36,No,Rent,1
60,1002510,528977,824,2,2,27637,60,No,Rent,0
23,1255713,625226,740,10,5,42120,36,No,Rent,0
58,727055,792932,554,9,0,15701,12,No,Rent,1
52,889240,411298,680,16,2,19643,60,No,Mortgage,0
38,150000,175869,679,20,1,17441,60,No,Rent,0
42,645388,649578,685,22,0,5135,60,No,Rent,0
32,467827,557799,703,12,1,21711,36,No,Own,0
44,813590,1195034,630,23,3,13703,36,No,Rent,0
41,735551,546888,761,19,1,21146,60,No,Own,0
35,925765,741238,487,7,2,16446,48,No,Own,1
61,679170,820184,660,16,4,46049,60,No,Rent,1
35,694082,337077,532,4,4,30420,48,No,Rent,1
54,729691,880941,634,5,0,12952,12,No,Own,1
56,649089,537335,483,2,1,35795,48,Yes,Own,0
63,986212,680636,771,0,4,42354,12,No,Mortgage,0
50,150000,296654,604,33,1,15158,60,Yes,Rent,1
38,941451,692332,704,16,4,35418,36,No,Own,0
51,808659,382754,693,30,4,19231,48,No,Mortgage,0
29,804714,722940,730,11,5,32391,60,No,Own,0
41,1094737,63113,849,26,4,25198,84,No,Rent,0
41,613804,414461,748,8,0,23291,24,No,Rent,0
63,659904,954462,585,9,3,39236,60,No,Own,1
36,809549,372315,524,6,2,23334,36,No,Rent,0
43,1018632,304970,569,21,3,32128,60,No,Own,0
54,907721,260315,634,22,3,22498,12,No,Mortgage,0
60,452666,541768,766,21,1,3994,36,No,Rent,0
35,939040,823049,594,22,1,15267,36,Yes,Rent,0
43,1134617,105452,712,3,4,27859,36,No,Own,0
28,600589,50000,706,4,3,34839,60,No,Mortgage,0
62,189604,724926,646,31,5,37029,24,No,Rent,1
44,253640,53408,770,16,0,13881,24,Yes,Mortgage,0
48,158226,228180,731,16,1,11094,24,No,Own,0
49,229310,574816,650,17,5,25517,36,No,Own,1
35,1283998,627830,669,15,1,38778,36,Yes,Rent,0
30,562228,818420,672,5,0,0,60,No,Own,0
49,353353,988862,819,9,0,31879,60,Yes,Own,1
53,363259,510465,833,6,2,19787,36,No,Rent,0
30,1100278,865858,760,13,0,17438,60,No,Mortgage,0
52,1193874,195802,850,23,3,29868,48,No,Mortgage,0
47,361864,875268,546,12,5,32581,24,No,Own,1
31,1077388,891817,581,17,5,44337,60,No,Mortgage,0
49,329532,830233,669,12,5,28591,60,Yes,Own,1
53,187604,651141,659,22,5,28879,60,No,Rent,1
31,525918,425515,629,0,3,21029,36,No,Rent,0
25,581145,700193,604,12,3,14457,12,No,Mortgage,1
26,1140507,1076266,543,9,2,5684,60,No,Rent,0
57,330514,694455,705,19,0,23246,24,No,Rent,1
49,1262241,302035,620,8,2,16384,60,No,Rent,0
34,990294,489357,709,15,4,44011,36,Yes,Rent,0
34,1394378,60095,841,15,4,35093,36,No,Mortgage,0
49,818572,538701,724,3,0,9886,60,No,Mortgage,0
38,539749,503127,664,6,0,15632,24,No,Rent,0
46,901013,918028,527,8,2,21602,12,Yes,Mortgage,0
44,1171735,867334,731,17,2,27990,24,No,Rent,0
63,381358,341349,758,14,2,19080,48,No,Mortgage,0
28,530478,655966,546,6,5,37193,60,Yes,Mortgage,0
37,413499,437825,562,2,0,11246,48,No,Rent,0
59,690331,273143,739,8,1,19315,48,No,Rent,0
41,710759,705611,850,16,0,12533,60,No,Rent,0
28,382881,717436,594,9,4,33875,60,No,Own,1
43,548087,216102,688,18,1,17055,60,No,Mortgage,0
50,365059,801932,667,10,3,34667,60,No,Mortgage,1
37,769916,770278,757,17,4,22065,24,No,Mortgage,0
36,847825,673834,666,6,4,46545,84,No,Rent,0
23,296447,211444,609,5,0,26511,48,No,Rent,0
30,822985,684679,672,7,5,26710,24,No,Mortgage,0
65,953739,450138,656,26,5,48260,48,No,Rent,0
39,1733334,588093,550,20,4,29415,24,No,Rent,1
47,1237057,381965,568,0,0,17424,48,No,Rent,0
23,896917,74568,647,8,3,18417,60,No,Mortgage,0
45,812134,972233,751,10,5,19865,48,Yes,Rent,0
64,890964,292772,619,19,0,5645,60,No,Mortgage,0
55,465824,490693,651,26,1,12539,60,No,Rent,0
23,286814,97193,582,4,4,39000,12,No,Rent,0
34,517093,374608,718,8,3,19984,48,No,Rent,0
30,194604,497487,768,13,4,32874,24,No,Rent,1
30,812005,699876,680,8,5,31459,24,No,Mortgage,0
50,545455,50000,788,5,1,10101,12,No,Own,0
54,518924,209008,607,31,5,11417,48,Yes,Rent,1
32,710019,437651,690,17,1,17490,84,No,Mortgage,0
52,168460,695145,824,20,4,21247,60,No,Rent,1
53,607465,881440,771,10,1,19181,60,No,Own,0
49,553194,50000,799,4,2,30023,60,No,Own,0
60,864064,50000,650,13,1,10844,12,No,Rent,0
23,743873,53561,782,6,3,26716,36,No,Own,0
28,227245,600605,732,14,5,32116,24,No,Rent,1
44,971286,418229,682,26,1,10164,24,No,Rent,0
42,499127,124238,601,8,3,30704,36,No,Mortgage,0
37,167460,141406,698,19,1,17661,60,No,Rent,0
39,595961,300265,625,18,4,31031,36,No,Mortgage,1
65,921097,1030313,720,0,5,40084,36,Yes,Own,1
55,456123,79711,618,14,2,22733,48,No,Rent,0
62,1008869,771219,835,26,5,40315,36,No,Rent,0
60,939762,1061883,704,0,4,36656,36,Yes,Own,0
23,598074,345642,696,2,5,20907,36,No,Own,0
31,547343,412275,716,7,0,5492,48,No,Rent,0
62,668345,464356,499,21,3,19045,36,No,Rent,0
62,150000,483935,754,5,4,27647,36,No,Rent,1
21,645121,689004,850,8,1,0,24,No,Own,0
34,822872,50000,634,18,0,5004,84,Yes,Own,0
27,187700,380053,652,10,3,30682,12,No,Mortgage,1
60,663527,1028760,657,26,2,26528,24,No,Rent,0
59,560186,427878,813,17,0,13219,60,No,Rent,0
41,150000,891976,828,9,5,27371,60,No,Own,1
29,526756,250353,787,13,5,28961,60,No,Own,0
32,1424250,101477,767,13,3,32174,48,No,Rent,0
46,642371,572626,724,5,1,7842,36,No,Rent,0
41,409383,794780,638,5,5,55784,60,No,Rent,1
43,1461587,426704,850,22,4,22028,24,No,Own,0
40,541123,95218,660,10,1,0,60,No,Own,0
21,586053,869916,484,7,1,16884,60,No,Own,1
25,573417,454872,811,11,4,28439,84,No,Mortgage,0
46,150000,214897,587,21,4,15094,60,No,Rent,1
63,908825,50000,641,1,1,17809,60,No,Rent,0
25,613741,456523,754,7,4,45882,60,Yes,Own,1
22,787662,646324,714,5,3,27596,48,No,Rent,0
25,780061,50000,670,0,5,12001,48,No,Rent,0
21,795404,255281,738,1,2,15181,24,No,Rent,0
23,283738,294130,722,4,1,3713,36,No,Mortgage,0
54,513684,61665,766,8,0,25923,48,No,Rent,0
45,530464,218672,531,10,4,16752,60,No,Rent,0
51,366981,800336,721,14,3,35150,60,Yes,Own,0
55,888557,262824,691,20,1,21667,12,No,Mortgage,0
21,587908,415375,789,1,2,18417,60,Yes,Own,0
30,150000,1060557,545,12,1,3746,60,Yes,Own,1
45,150000,697334,741,26,5,44819,12,No,Rent,1
29,808056,576828,561,3,1,0,60,No,Rent,0
57,1116469,475788,678,21,1,28853,48,No,Mortgage,0
34,947791,585321,678,9,0,15486,24,Yes,Rent,0
54,1324281,741271,775,13,2,20340,36,No,Mortgage,0
31,746222,410130,621,10,4,36949,60,No,Mortgage,1
40,165305,105510,676,27,3,31467,48,No,Rent,0
21,502846,281357,830,3,4,36200,36,No,Own,0
53,1285589,372952,658,0,0,14993,60,No,Rent,0
60,633722,565038,709,17,0,4683,60,No,Rent,0
46,698447,50000,759,11,4,50411,12,No,Own,0
62,912166,428381,649,19,5,44096,48,No,Rent,0
27,734055,601145,850,8,0,975,36,No,Mortgage,0
24,769463,752657,584,3,4,28880,48,Yes,Mortgage,1
35,633652,934198,770,15,0,5050,60,No,Rent,0
23,532064,1327151,681,3,2,25520,36,No,Own,1
27,1003553,710584,664,6,0,6215,60,No,Own,0
63,1107113,733018,511,16,4,41471,36,No,Mortgage,1
23,529616,1027488,639,3,0,24310,36,No,Rent,1
21,1028166,352704,726,2,1,10762,60,Yes,Rent,0
24,835506,230213,718,6,1,11981,60,No,Rent,0
61,938211,496516,629,14,0,11963,36,No,Mortgage,0
24,663287,201578,745,5,1,15215,24,No,Rent,0
46,1070194,62392,650,16,2,16633,24,No,Own,0
51,526332,602807,838,23,3,13184,36,No,Rent,0
47,1241474,498844,579,0,0,13309,48,No,Rent,0
61,753207,815420,515,10,1,13780,12,No,Rent,1
31,286670,784812,690,10,4,32580,60,No,Own,1
55,911262,51720,606,3,2,24842,36,No,Rent,0
57,254883,938514,758,19,2,7553,60,No,Mortgage,1
46,1415185,277756,612,5,3,18210,60,No,Rent,0
29,150000,212282,689,11,3,22368,48,No,Mortgage,0
26,305199,433405,697,6,3,23869,36,No,Rent,0
65,150000,66849,654,19,2,19628,24,No,Mortgage,0
48,744254,321774,708,6,2,3988,24,Yes,Mortgage,0
63,798316,369038,588,20,1,9021,60,No,Mortgage,0
34,178748,471676,747,8,5,34464,24,No,Rent,1
35,222989,206078,705,2,0,11958,60,Yes,Own,0
52,754247,419945,704,26,3,34796,36,Yes,Mortgage,0
53,883715,621705,691,11,1,22028,12,No,Rent,0
25,398297,338017,805,4,0,14169,36,No,Rent,0
33,882287,901604,674,8,3,19497,24,No,Mortgage,0
24,756336,619240,656,2,3,28032,60,No,Rent,0
39,217814,50000,686,2,4,40388,36,No,Mortgage,0
64,567518,50000,492,22,0,15863,60,No,Mortgage,1
22,1394012,300660,585,5,1,19619,84,No,Rent,0
59,238623,472872,623,22,0,13089,60,No,Rent,1
24,599667,680919,692,4,3,20165,12,Yes,Mortgage,1
23,1247452,876088,790,2,4,17641,60,No,Rent,0
28,1466385,288058,731,7,4,46516,48,No,Rent,0
62,936390,538181,742,15,1,11604,60,Yes,Mortgage,0
41,894942,385321,604,7,0,23495,60,No,Rent,0
62,917825,413947,652,25,4,24255,36,No,Rent,0
43,281401,274428,789,23,2,32288,60,Yes,Rent,0
27,729044,627600,830,5,0,4418,36,No,Mortgage,0
28,350509,808138,694,8,4,32207,60,No,Own,0
62,387060,380707,691,9,4,34353,36,Yes,Own,0
47,674949,175110,758,31,2,15111,36,No,Mortgage,0
46,783524,404239,655,14,0,16192,60,No,Mortgage,0
50,517459,77741,634,18,4,41851,60,No,Mortgage,0
36,610129,357628,597,17,3,18507,60,No,Own,1
57,699395,349694,537,15,4,46323,36,No,Own,1
59,1135389,804826,513,18,3,35811,36,No,Own,1
53,597398,857715,606,20,3,28692,24,No,Mortgage,0
34,613093,481375,551,14,2,29934,36,No,Rent,1
25,831346,510808,634,3,3,29750,24,No,Rent,0
23,572008,241290,645,4,3,16367,48,Yes,Mortgage,0
48,253567,720150,841,20,4,38076,36,No,Rent,1
39,888370,825328,766,14,0,5500,36,No,Mortgage,0
29,744557,832300,576,9,2,26897,36,No,Own,0
30,540477,352966,656,8,4,33750,48,No,Mortgage,1
45,970843,315040,561,21,1,3279,24,No,Own,1
31,1094391,50000,723,7,4,19576,48,No,Rent,0
51,327962,490247,839,28,5,67516,60,No,Mortgage,1
42,150000,265735,628,25,0,8348,60,No,Rent,1
52,369120,824441,589,17,4,33874,24,No,Own,1
64,1261138,706575,691,12,5,48019,60,No,Rent,0
44,780696,57757,616,2,2,5838,60,No,Rent,0
54,581240,1358884,745,22,5,30445,60,No,Mortgage,1
29,841868,61134,726,6,5,25298,24,No,Own,0
49,1037821,403357,478,20,3,36756,36,No,Rent,1
52,1113311,105821,671,27,3,19093,12,Yes,Rent,0
37,515257,138042,556,20,4,29999,36,No,Rent,0
39,1200764,228892,692,19,0,0,36,No,Own,0
52,1116808,666289,614,26,3,18154,36,No,Mortgage,1
32,339763,125886,603,1,5,42550,84,No,Own,0
33,306859,884515,719,4,1,10159,36,No,Rent,1
60,790880,602819,699,27,4,45221,60,No,Mortgage,0
36,730860,881867,702,7,1,23640,24,No,Mortgage,0
54,242637,377108,846,20,3,25122,36,No,Own,0
38,847752,457838,663,15,2,30286,48,No,Mortgage,0
55,1247087,854136,611,19,4,26115,48,No,Rent,0
39,1165670,710349,655,18,4,38489,36,Yes,Rent,0
49,375752,327518,659,22,5,17593,60,No,Rent,0
60,1378110,945208,601,30,2,7906,36,No,Rent,0
38,335764,545862,580,17,1,4444,48,No,Mortgage,1
26,631621,309378,752,0,5,36125,36,No,Rent,0
58,974792,1125927,559,0,2,11530,60,Yes,Rent,1
45,172680,50000,757,16,0,10573,24,Yes,Mortgage,0
41,1098174,397285,676,11,1,20711,60,No,Mortgage,0
27,1206140,1125259,565,7,3,8916,60,No,Rent,0
47,670794,50000,517,8,2,146,60,No,Own,0
24,1015449,171152,603,2,5,51027,84,No,Rent,0
30,1328289,710714,661,16,4,13006,12,No,Rent,0
57,844506,980726,699,32,2,9794,24,No,Rent,0
53,821424,202569,763,1,3,30350,60,No,Own,0
37,150000,740865,798,5,5,37073,60,No,Mortgage,1
30,504965,999870,554,8,0,1578,36,No,Rent,1
64,586830,961246,806,29,0,8802,60,Yes,Rent,0
33,751373,1225241,524,9,1,5246,12,No,Mortgage,1
21,985189,303589,722,5,2,13367,60,Yes,Rent,0
49,872052,262615,788,8,5,15420,36,No,Mortgage,0
23,1018793,603973,696,2,2,27589,36,No,Mortgage,0
21,196713,256911,703,5,1,3621,36,No,Mortgage,0
34,150000,341842,557,1,4,23164,60,No,Rent,1
41,174357,88094,631,0,2,19120,60,No,Rent,1
46,792240,403896,571,23,2,29072,60,No,Mortgage,0
62,150000,446505,764,25,4,22948,60,No,Own,1
49,203673,617050,751,15,2,25509,36,No,Mortgage,0
36,555819,716882,587,18,3,5753,36,No,Mortgage,0
34,820795,477565,750,16,3,21794,60,No,Mortgage,0
29,818272,794325,476,6,2,23509,60,No,Own,1
58,261479,70259,850,30,5,24784,24,No,Own,0
26,875501,223089,733,8,0,6498,60,No,Rent,0
52,681674,475247,721,5,4,41422,60,Yes,Rent,1
60,614148,511071,658,13,1,4277,60,No,Rent,0
22,150000,641359,690,3,3,31732,48,No,Rent,1
61,815969,890276,821,14,4,13408,60,Yes,Rent,0
39,318993,813670,713,23,5,54460,48,No,Rent,1
51,787435,141116,664,13,1,31925,84,Yes,Mortgage,0
23,597509,683332,777,5,4,37727,60,No,Mortgage,0
52,594489,55920,748,14,5,35131,60,No,Own,0
27,373215,1105629,776,8,1,14912,60,No,Mortgage,0
39,1096460,50000,721,12,3,17689,24,No,Rent,0
45,455857,937359,574,28,3,19320,12,No,Mortgage,1
39,423710,472565,691,1,3,34435,48,No,Mortgage,0
47,674734,92543,637,27,2,18461,60,Yes,Mortgage,1
33,382519,408229,806,1,2,20649,60,No,Mortgage,0
42,1065398,535465,621,4,3,26839,36,No,Mortgage,0
47,755657,148454,538,19,4,40712,48,No,Rent,0
55,1353079,437979,513,22,3,30292,60,No,Rent,0
30,541138,376842,627,8,1,36047,84,No,Mortgage,0
22,676760,704054,593,1,3,30069,48,Yes,Mortgage,0
41,897643,1011489,822,17,1,13183,84,No,Own,0
54,1008921,591292,682,7,4,19743,60,No,Rent,0
56,1087512,471938,655,21,1,34977,48,No,Mortgage,0
57,750696,50000,660,10,0,6786,36,No,Rent,0
32,680908,813303,552,11,0,1391,60,No,Rent,0
38,971018,644012,803,20,4,40944,84,No,Rent,0
44,1060331,76535,726,4,3,33573,36,No,Rent,0
35,157282,617386,588,10,3,22431,24,No,Rent,1
24,589062,858191,398,3,4,17364,48,No,Rent,1
35,635241,278708,727,6,5,38088,60,No,Rent,0
21,743956,575983,655,1,3,31368,60,No,Rent,0
45,181053,850357,686,19,5,48322,48,No,Rent,1
22,667249,50000,654,7,3,49957,24,Yes,Mortgage,0
62,150000,1146153,811,2,3,22116,48,No,Rent,1
65,535088,219436,673,5,3,42408,84,No,Mortgage,0
41,1154372,330820,769,9,4,28828,48,No,Rent,0
57,945915,351995,692,32,5,43217,60,No,Own,0
24,327162,610852,577,7,3,32611,36,No,Rent,1
56,1165673,532605,634,10,1,14154,48,No,Rent,0
61,473047,358038,720,11,1,17100,24,No,Own,0
28,1002950,994018,770,12,2,21647,48,No,Own,0
62,783229,306654,586,23,1,7780,60,No,Mortgage,1
27,164583,544155,735,13,5,30868,24,No,Rent,1
35,1813205,545896,549,18,3,28649,24,No,Rent,0
33,437634,73559,724,5,0,30866,48,No,Own,0
21,395436,543803,699,1,5,28798,24,No,Rent,1
27,571333,50000,507,5,2,4649,48,No,Mortgage,0
21,740689,399680,829,0,3,15017,60,Yes,Own,0
21,496830,200040,824,4,5,39497,36,No,Own,0
49,416634,903373,569,13,3,31405,24,No,Own,1
58,286468,684208,736,31,2,47192,36,No,Own,0
21,752525,716073,601,5,5,43091,60,Yes,Rent,1
44,795489,968884,683,14,1,17533,36,No,Rent,0
51,566789,1094489,612,28,2,31718,24,No,Rent,1
50,749709,50000,726,5,0,20645,60,No,Own,0
36,990810,50000,649,16,4,27886,60,No,Rent,0
34,185264,663069,641,17,2,11126,60,No,Own,1
31,639841,1127481,795,14,2,28141,24,No,Rent,0
30,916693,93064,506,10,4,23224,24,No,Own,0
50,692577,50000,534,8,4,45150,48,No,Rent,0
34,186107,683021,579,10,2,22175,24,No,Rent,1
27,696575,990719,731,6,5,19958,60,No,Mortgage,0
61,402505,177542,579,0,0,21860,60,Yes,Own,1
58,786852,463692,668,1,4,41689,60,Yes,Rent,0
28,906917,732410,755,2,3,21637,24,No,Mortgage,0
58,316417,325700,685,0,3,40970,60,Yes,Own,1
58,981693,61265,638,5,2,25499,24,No,Mortgage,1
26,330366,425771,626,11,0,599,24,Yes,Mortgage,1
47,316510,298694,652,24,4,15872,60,No,Rent,0
47,867172,166070,820,5,1,11651,60,No,Rent,0
50,381655,457635,832,23,4,19570,60,No,Mortgage,0
35,1078621,847435,588,4,5,37085,24,No,Rent,0
41,343085,474359,635,12,3,17534,36,No,Mortgage,0
62,614990,745897,691,24,4,22632,36,Yes,Own,0
59,880379,534124,669,12,2,27459,36,No,Mortgage,0
59,376692,755789,847,27,0,28068,84,No,Rent,0
37,679673,114653,725,0,4,23499,60,No,Mortgage,0
59,975997,1146649,774,12,2,22689,36,No,Own,0
25,606043,414011,647,6,3,11600,24,No,Own,0
36,960529,531597,800,18,5,44718,84,No,Rent,0
44,1009734,1467480,628,16,1,21680,60,No,Own,0
55,479417,854447,767,5,2,27756,36,No,Rent,0
25,849603,664969,681,8,4,31801,24,No,Mortgage,0
30,1024270,60656,779,9,5,28085,60,No,Rent,0
57,948335,704177,669,17,1,0,24,Yes,Own,1
39,1231600,113264,713,21,0,2849,36,No,Own,0
54,622993,758234,618,13,4,37100,60,Yes,Own,0
35,1103783,760568,731,10,4,41903,24,Yes,Mortgage,0
52,1233621,460698,661,0,2,20257,48,No,Rent,0
62,820470,395967,743,20,5,40116,36,No,Mortgage,0
22,639767,755149,850,4,3,0,24,No,Own,0
30,160802,191533,664,18,1,24156,60,No,Rent,0
30,736559,50000,658,1,4,62871,36,No,Mortgage,0
42,1011694,321203,666,13,4,36607,60,No,Own,0
39,495349,1130695,593,14,0,0,60,No,Mortgage,1
60,363167,243016,730,14,3,16443,48,No,Mortgage,0
62,635493,74017,502,23,0,23973,60,No,Mortgage,0
54,979525,560520,822,9,5,44334,60,No,Own,0
24,1356620,207134,738,10,5,44476,84,No,Rent,0
47,1138872,1006281,836,20,2,4709,12,Yes,Own,0
51,169583,296101,637,12,2,37259,60,No,Own,1
55,150000,479913,753,23,5,8198,36,Yes,Own,1
60,285989,801766,734,16,3,30051,36,No,Mortgage,0
29,967436,720492,673,9,1,5683,36,No,Own,0
29,832185,1213466,539,9,2,20403,84,Yes,Mortgage,1
34,720732,1130506,556,10,3,24613,36,No,Own,1
29,992046,50000,584,11,3,25736,60,No,Mortgage,0
49,646083,372532,775,20,5,41561,60,No,Own,0
32,852799,50000,551,12,2,6440,36,No,Rent,0
44,1116567,98188,727,8,1,18243,36,No,Mortgage,0
41,451947,696011,751,6,1,10216,84,No,Rent,0
32,963765,797558,558,15,5,37811,60,No,Mortgage,1
48,1415255,562646,759,5,5,35699,60,No,Own,0
47,511709,323566,627,9,4,33188,36,No,Mortgage,0
49,713862,90188,567,4,3,37771,48,No,Rent,0
38,995756,487870,611,19,1,28861,36,No,Mortgage,0
63,926061,489457,678,13,0,34449,48,Yes,Mortgage,0
45,668837,352837,651,9,0,17564,36,No,Mortgage,0
62,978094,348179,550,8,5,24289,36,No,Rent,0
48,739802,163568,834,8,1,18967,36,No,Mortgage,0
29,1045058,1043827,608,7,5,39357,60,No,Own,0
55,1111544,79002,704,26,5,33217,48,No,Rent,0
30,557185,301250,826,15,5,34698,60,No,Rent,0
24,199554,462538,769,8,0,11843,36,No,Rent,1
21,825864,63578,695,3,4,13157,48,No,Rent,0
51,626674,823172,664,4,2,28968,36,No,Mortgage,1
28,451403,869814,782,0,4,22760,84,No,Rent,0
50,530656,385074,657,9,1,15750,36,Yes,Rent,0
44,757303,1010568,671,22,5,50597,60,No,Rent,1
45,808882,720676,464,19,4,33291,36,No,Rent,1
60,641757,612325,841,15,2,20967,36,Yes,Rent,0
23,307069,547268,682,0,5,25819,24,No,Rent,0
26,1006260,713787,686,13,1,6936,60,No,Own,0
21,1065654,361894,724,7,2,930,60,Yes,Rent,0
21,689788,317372,703,4,5,17599,36,No,Own,0
53,1310884,589797,653,9,1,22052,48,No,Rent,0
63,479462,743291,671,2,5,42229,24,No,Own,1
37,747788,784183,480,18,0,0,48,No,Mortgage,0
44,567060,141734,812,9,2,19520,24,No,Own,0
21,744285,447187,616,5,5,25300,48,No,Mortgage,0
24,691723,770757,728,4,2,38353,48,No,Rent,0
52,725978,638846,675,7,0,19149,36,No,Rent,0
25,384711,495419,464,7,5,22164,84,Yes,Rent,1
50,150000,380391,492,20,0,25188,36,No,Rent,1
23,151766,602662,674,6,3,33024,48,No,Rent,1
33,849428,314724,710,10,1,1619,60,No,Rent,0
63,568995,989311,785,18,0,12000,60,No,Rent,0
64,626962,806910,734,29,2,21034,36,Yes,Own,1
25,717231,694690,601,4,4,39411,60,Yes,Rent,1
30,334066,1274247,500,0,1,7554,48,No,Rent,1
47,533445,852986,752,9,3,29573,60,No,Mortgage,0
31,976497,825760,702,14,3,16856,36,Yes,Mortgage,0
25,616324,210441,628,4,4,19085,48,Yes,Mortgage,0
26,1074130,66684,603,12,1,6116,36,No,Own,0
55,319108,678158,759,29,4,44817,36,No,Own,0
61,259900,359819,631,0,2,38950,24,No,Rent,1
57,1026353,708883,684,14,2,21015,24,No,Mortgage,0
40,1035500,481662,607,10,2,31308,36,No,Mortgage,0
63,867887,500664,821,6,5,31872,36,No,Own,0
59,499932,139018,714,9,0,10593,36,No,Rent,0
31,1657719,349538,775,6,1,12508,36,No,Rent,0
21,897056,85112,696,1,1,17871,36,No,Rent,0
24,1264837,50000,519,13,3,21636,60,No,Mortgage,1
27,823601,466350,721,7,4,41374,36,No,Mortgage,0
50,490161,597933,828,10,0,19039,60,No,Rent,0
65,253620,62975,690,19,1,17939,24,No,Mortgage,0
47,716021,826058,758,16,0,21330,60,No,Own,0
31,920293,527338,590,11,5,34220,36,No,Rent,1
31,376698,417211,647,8,4,31570,48,Yes,Own,1
21,548193,241194,818,4,5,34497,36,No,Own,0
23,628812,331895,736,3,2,16812,24,No,Rent,0
61,1346548,1012682,567,25,2,37632,60,No,Own,0
23,1067717,563872,636,0,0,22797,84,No,Own,0
31,608789,50257,640,8,5,38648,60,No,Mortgage,0
52,1105940,822943,580,20,3,41433,60,No,Rent,1
23,562279,701468,850,5,2,1039,24,No,Own,0
33,567107,448115,716,11,1,4465,36,Yes,Own,0
37,474087,457112,796,1,2,16801,60,No,Mortgage,0
42,733476,640289,583,14,3,17382,60,No,Rent,0
28,248313,761648,653,11,4,37797,60,No,Own,1
56,924105,942938,743,32,3,11911,24,No,Rent,0
33,294004,984370,578,7,4,22897,36,No,Rent,1
54,794514,50000,745,22,2,48521,60,Yes,Rent,0
60,263545,876647,831,16,5,32501,48,No,Rent,1
43,882933,344672,762,23,2,11609,24,No,Own,0
41,963225,501513,712,1,3,19398,12,No,Mortgage,0
41,1018829,472536,628,20,4,36264,36,No,Mortgage,0
54,1002307,393051,657,19,4,59042,60,No,Mortgage,0
34,741601,652326,613,5,5,39251,36,No,Rent,0
38,863001,665602,464,7,2,8954,48,No,Own,1
31,1090920,874230,701,8,0,19062,60,No,Mortgage,0
57,411778,697087,586,5,3,12017,36,No,Rent,1
31,924020,696241,679,13,4,41244,60,No,Own,0
43,1116561,68159,726,7,0,15123,36,No,Mortgage,0
29,1144178,209228,680,7,5,33789,60,No,Own,0
62,484405,213271,751,20,1,21535,36,Yes,Own,0
23,1352601,927923,719,8,1,0,60,No,Rent,0
53,1200208,660583,817,5,2,16955,24,No,Own,0
45,1044558,1244200,671,9,1,18526,60,No,Rent,0
58,1001027,790582,676,14,2,21209,24,No,Mortgage,0
27,1316567,986636,726,9,0,0,60,No,Rent,0
41,1289026,473370,717,20,3,24851,48,Yes,Rent,0
61,469865,111174,725,8,0,10127,36,No,Rent,0
51,961506,135373,593,1,2,34555,84,Yes,Own,0
54,368428,1065353,840,7,0,28745,60,Yes,Own,1
30,1082986,450645,646,12,5,24880,60,No,Rent,0
26,682218,1043458,710,8,3,21653,60,No,Mortgage,0
50,881065,820858,746,8,1,22192,36,No,Mortgage,0
52,555004,764156,675,16,5,28568,36,No,Rent,0
59,439816,827572,759,8,2,22506,36,No,Rent,0
63,212623,627280,840,20,3,27066,60,No,Mortgage,1
27,747396,416142,659,1,0,21824,36,No,Rent,0
23,728225,725153,726,6,2,32441,48,No,Rent,0
29,827057,507887,568,12,4,40034,36,No,Rent,1
36,766629,159941,771,17,2,25887,60,No,Own,0
29,338646,161607,596,0,5,44207,84,No,Own,0
60,527630,817077,659,19,4,48042,36,No,Rent,1
55,722621,907012,564,30,1,25417,36,No,Rent,0
28,1490343,321485,753,8,2,9969,36,No,Rent,0
49,1033018,447078,569,0,4,43130,36,No,Mortgage,0
39,891193,116006,615,12,4,45042,24,Yes,Rent,0
38,1826666,529736,563,18,5,29090,24,No,Rent,0
65,831828,563130,771,25,1,10577,24,No,Rent,0
42,552141,1258628,780,26,0,13029,60,No,Rent,0
49,550253,1051640,595,15,3,40632,60,No,Mortgage,0
58,150000,1148751,570,0,1,18777,24,Yes,Rent,1
56,614174,776039,611,12,3,36313,60,Yes,Own,1
43,1309419,605760,652,23,5,27472,48,No,Mortgage,0
63,604323,435363,583,30,2,38599,36,No,Own,0
57,295372,579523,744,2,2,18526,48,No,Rent,0
22,648397,883280,614,1,5,43974,36,No,Mortgage,0
57,150000,80447,516,16,2,3945,48,No,Mortgage,0
58,558224,919772,769,7,2,22480,36,No,Rent,0
64,1057140,358583,562,8,4,24264,36,No,Rent,1
30,910317,965191,674,13,5,37575,84,No,Mortgage,0
59,150000,457301,773,14,5,16126,48,Yes,Rent,1
61,890263,514321,715,28,2,21110,12,No,Rent,0
45,753094,1004552,583,10,0,15907,24,No,Rent,1
34,1198629,1129106,675,17,4,27747,24,Yes,Own,0
24,530331,1086254,743,6,0,10202,36,No,Own,1
25,777128,709002,736,13,5,29805,60,No,Own,0
60,256843,788238,716,12,4,29564,36,No,Mortgage,1
45,1472666,340478,684,11,4,35105,48,No,Mortgage,0
54,1010292,585058,850,6,5,41847,60,No,Own,0
32,603133,217243,801,13,4,30250,60,No,Own,0
25,938077,786515,551,12,2,32151,60,No,Rent,0
35,943293,787403,683,7,3,20048,24,No,Mortgage,0
58,1651667,799353,676,15,1,17931,48,No,Mortgage,0
29,800021,274908,778,9,4,34513,36,No,Rent,0
33,517050,411534,754,13,3,17702,60,No,Rent,0
47,947232,1394100,645,16,0,7287,36,Yes,Rent,0
32,1486670,96024,699,16,2,0,48,No,Own,0
52,795120,643011,701,16,0,1653,24,No,Mortgage,0
65,1041807,320832,574,8,5,25132,36,No,Rent,0
59,688791,413430,776,18,0,4010,48,No,Mortgage,0
37,967695,541318,705,10,1,17690,24,Yes,Rent,0
46,974210,67917,705,1,2,26789,36,No,Own,0
32,532185,101850,713,4,1,32308,48,No,Own,0
37,762910,321482,592,17,0,11573,36,No,Own,0
54,270150,363974,837,20,2,20307,36,No,Own,0
59,1076701,54042,746,7,2,15702,60,No,Mortgage,0
32,269482,982163,548,9,5,28909,36,No,Rent,1
35,896435,726840,644,9,4,30125,60,Yes,Rent,1
43,237821,280047,779,20,3,33011,60,Yes,Rent,1
47,704110,69687,752,22,2,27908,36,Yes,Own,0
34,811821,1166521,563,10,3,20678,84,Yes,Mortgage,1
31,365112,690080,630,1,5,36404,60,No,Own,1
59,263786,51797,675,11,0,26849,36,No,Rent,0
42,947673,529032,710,8,0,19101,24,Yes,Rent,0
58,303898,70338,850,28,5,30363,24,No,Own,0
63,1056462,978356,744,4,0,19883,12,Yes,Own,0
42,516942,86680,729,3,3,24752,36,No,Rent,0
46,732108,101302,751,18,5,27893,36,No,Rent,0
21,435112,412277,730,3,4,18569,36,No,Rent,0
59,1332255,956767,615,30,1,10049,36,No,Rent,0
62,652722,50000,757,10,3,27910,36,No,Rent,0
39,1378337,258015,680,21,5,37118,60,No,Rent,0
32,962391,658369,658,4,3,32956,84,No,Rent,1
50,547815,675690,698,6,2,27720,36,No,Mortgage,1
28,1135452,351182,692,11,4,29670,12,No,Own,0
65,261447,774785,593,6,2,43277,24,No,Own,1
22,371837,423924,426,7,4,32622,84,Yes,Rent,1
37,538569,1136995,605,7,2,19345,60,No,Own,1
46,468823,374461,762,23,1,12341,24,No,Mortgage,0
43,1137025,855954,691,16,1,27992,24,No,Rent,0
37,1345538,573511,777,17,0,17884,24,No,Rent,0
31,715779,132793,672,16,3,47888,24,No,Mortgage,0
61,1029216,899585,642,29,2,44411,84,No,Rent,0
61,757712,566881,747,1,5,16791,24,No,Rent,0
38,712411,247254,626,3,2,31548,48,No,Rent,0
59,784459,986723,619,20,4,24001,36,No,Rent,1
53,976377,499693,495,15,1,23522,12,No,Rent,0
64,541521,389943,701,23,1,6918,36,No,Mortgage,0
60,770821,67701,509,16,3,47049,60,No,Own,0
62,1178125,1068668,768,15,5,44906,36,No,Rent,0
45,741942,722953,481,24,5,36185,36,No,Rent,1
63,861162,134111,654,22,5,32675,12,Yes,Rent,0
40,150000,50000,772,1,4,25781,24,No,Mortgage,0
51,963299,371742,683,17,3,24443,60,No,Mortgage,0
51,692121,146460,850,9,0,20181,36,No,Mortgage,0
23,660779,657411,706,7,4,16435,12,Yes,Mortgage,0
27,1055072,582738,579,10,0,26626,48,Yes,Rent,1
26,1225923,50000,758,5,5,36043,36,No,Rent,0
36,276474,1106267,762,8,0,9334,36,No,Own,1
42,1290667,827486,749,27,0,21282,60,No,Mortgage,0
34,1478161,604320,724,15,0,4358,48,No,Rent,0
51,721945,593925,707,16,0,695,24,No,Mortgage,0
24,944127,536570,741,6,4,31195,84,No,Own,0
37,849648,867898,785,17,3,28747,24,No,Mortgage,0
38,1270429,98397,535,23,2,17847,36,Yes,Rent,0
21,572731,475045,625,2,2,17056,60,No,Rent,0
25,395235,429378,812,3,1,16633,36,No,Rent,0
50,605784,311424,573,15,5,50765,36,No,Mortgage,0
42,641618,1072760,672,12,2,39545,36,No,Mortgage,0
53,630647,323547,555,15,5,45477,36,No,Mortgage,1
59,759549,282018,549,11,5,47661,36,No,Own,1
21,453222,725584,666,4,0,1872,24,No,Own,1
61,503665,384096,745,17,0,6807,36,No,Mortgage,0
25,1350177,586269,560,6,4,23162,60,No,Own,0
50,818239,753868,576,31,3,33607,60,Yes,Own,1
65,613902,60073,850,13,3,24387,60,No,Mortgage,0
37,794519,737606,546,0,2,19353,36,No,Mortgage,1
42,900539,50000,587,21,0,14345,12,No,Own,0
55,490004,387090,788,26,1,19871,36,No,Own,0
43,714978,673655,607,8,1,14833,24,No,Own,0
59,1341532,639432,813,25,1,22433,60,No,Rent,0
57,526507,317088,494,28,2,35575,60,No,Rent,1
48,822181,811342,547,28,0,29889,12,No,Rent,0
61,481943,252343,623,3,2,21533,48,No,Rent,0
34,792925,993164,501,16,5,41316,36,No,Mortgage,1
31,624042,600980,627,0,0,16048,36,No,Own,0
49,857549,318065,799,15,4,37499,36,No,Mortgage,0
48,606274,50000,760,22,3,10724,24,No,Rent,0
30,932772,485125,683,0,1,29638,60,No,Rent,0
27,824180,798157,598,12,2,31812,36,No,Own,0
64,976071,265985,512,7,4,21006,36,No,Rent,0
21,700940,452169,647,2,1,22460,12,No,Mortgage,0
51,1491460,152156,747,5,3,21443,60,No,Rent,0
42,150000,50000,774,3,3,30468,24,No,Mortgage,0
38,150000,738101,756,13,5,28526,60,No,Rent,1
26,957494,68716,673,8,1,21825,60,No,Mortgage,0
62,227652,429354,725,26,0,17091,24,Yes,Own,0
48,876846,378766,751,21,5,39401,36,No,Mortgage,0
21,927559,549807,706,3,4,35086,36,No,Mortgage,1
57,674432,609869,742,7,0,23865,48,No,Rent,0
50,332719,515165,717,12,2,32054,36,No,Own,0
43,736476,452098,774,19,0,23995,60,No,Own,0
51,969989,323820,638,20,0,10807,48,No,Rent,0
63,616188,639948,813,14,1,6141,24,Yes,Rent,1
52,150000,399213,468,17,2,26254,36,No,Rent,1
25,496989,711807,690,6,4,19529,12,Yes,Mortgage,1
43,150000,728637,717,27,4,40899,12,No,Rent,1
43,191624,668702,760,15,0,16100,12,No,Rent,1
54,800878,259432,580,24,5,39924,12,No,Rent,0
38,387021,100808,640,9,5,17442,36,No,Rent,0
38,1717603,657539,544,17,4,26221,24,No,Rent,1
56,1375092,975520,587,29,1,7162,36,No,Rent,0
31,178835,51658,698,6,0,22893,48,No,Mortgage,0
41,513346,1111003,850,19,2,26270,36,No,Rent,0
47,1085578,713566,622,29,3,12782,36,No,Mortgage,0
32,935020,479829,687,0,1,35489,60,No,Rent,0
60,741953,517785,674,4,0,0,60,No,Own,0
28,486197,358328,619,10,3,36904,84,No,Mortgage,0
45,420466,73350,675,10,1,0,60,No,Own,0
45,917553,922278,502,13,3,22498,12,Yes,Mortgage,1
61,150000,333851,780,28,5,29161,60,No,Own,1
31,507133,761114,621,6,3,25160,36,No,Mortgage,1
26,958384,750368,523,5,1,30917,24,No,Rent,0
36,363788,63360,590,12,3,13153,36,No,Rent,1
24,150000,50000,690,6,5,35996,60,No,Own,0
46,862024,1232312,680,11,4,27779,60,No,Own,1
21,718474,744247,623,4,4,35605,48,Yes,Mortgage,1
48,908981,153060,780,3,2,7220,60,No,Rent,0
53,1237874,230951,722,15,4,33891,60,No,Rent,0
52,458213,1242072,584,11,5,21687,60,Yes,Rent,1
27,1559791,296710,678,10,3,47926,48,No,Rent,0
40,627968,429962,471,20,2,17478,12,No,Mortgage,1
63,243086,70962,621,20,0,0,36,No,Own,0
34,150000,739940,753,17,5,33971,48,No,Own,1
60,185957,55880,656,10,4,33580,36,No,Mortgage,1
46,571479,105510,774,15,2,22850,36,No,Rent,0
50,150000,327799,636,32,2,10662,60,Yes,Rent,1
39,438275,50000,690,1,1,10297,84,No,Own,0
60,192907,1004376,564,4,2,9230,24,Yes,Own,1
54,345205,589957,719,13,2,28754,36,No,Own,0
63,1103136,1146477,639,30,0,24504,60,No,Rent,1
59,776308,797679,715,24,2,26000,36,No,Rent,0
60,425684,57799,629,20,0,11431,60,No,Rent,0
21,1057101,50000,647,4,4,2781,36,No,Own,0
24,150000,671642,553,3,2,17569,36,Yes,Rent,1
43,341148,468722,749,22,5,32978,36,No,Rent,0
47,722505,205928,683,34,2,6883,24,No,Mortgage,0
30,1350335,562188,810,16,1,17909,24,No,Rent,0
42,567551,1333751,763,24,1,16672,60,No,Rent,0
61,271268,522999,627,4,0,14723,24,No,Own,1
40,552564,394811,808,8,1,23733,60,No,Own,0
60,539822,814994,668,18,4,49797,36,No,Rent,1
43,1119518,239097,685,26,2,16838,12,No,Rent,0
59,707545,390673,647,25,3,18985,84,No,Rent,0
22,150000,586404,553,4,3,15917,36,Yes,Rent,1
59,778205,293617,526,13,5,46116,36,No,Own,1
46,494349,404677,666,23,5,34891,48,No,Rent,0
58,1391882,795040,670,25,5,34691,12,Yes,Rent,0
57,952134,50000,676,14,1,9252,12,No,Rent,0
33,486703,354531,695,10,0,3255,36,Yes,Own,1
48,872682,290488,812,6,4,15634,36,No,Mortgage,0
35,735120,541361,717,17,2,19101,36,No,Mortgage,0
41,272499,1050159,635,22,1,14579,36,Yes,Mortgage,1
40,458938,298700,785,13,5,48461,24,No,Rent,0
28,370428,768220,588,9,5,47251,60,Yes,Mortgage,1
41,1237052,89323,792,24,3,7858,48,No,Rent,1
44,1211642,245000,701,26,0,15939,12,No,Rent,0
48,527102,775755,661,27,0,424,12,No,Rent,0
31,704151,417777,651,8,5,32230,60,No,Mortgage,1
54,919517,461682,702,7,3,35754,84,No,Rent,0
36,297091,491468,617,17,1,20568,48,No,Rent,1
27,1222482,86664,769,4,5,34885,36,No,Rent,0
38,1049153,659323,582,6,3,9754,24,Yes,Own,1
44,641283,176654,785,26,2,21677,36,No,Mortgage,0
64,735680,50000,593,4,2,28249,36,No,Mortgage,0
27,150000,541490,713,12,5,31717,24,No,Rent,1
63,883928,440263,635,24,5,48860,48,No,Rent,0
48,635441,923451,646,8,3,34137,60,No,Rent,1
65,806142,430244,658,7,0,0,60,No,Own,0
46,258373,360495,757,23,3,18177,36,No,Mortgage,0
39,819745,683384,850,16,1,20750,60,No,Rent,0
65,948823,733813,754,11,1,0,48,Yes,Rent,0
43,332229,859820,675,1,5,54771,60,No,Rent,1
63,1098469,758928,640,19,3,22809,36,No,Mortgage,0
59,265007,656524,731,29,5,45338,36,No,Own,1
47,1099811,974976,640,28,4,44751,48,Yes,Own,0
42,930884,401782,584,5,0,19225,60,No,Rent,0
40,1316115,780883,742,24,0,22328,60,No,Mortgage,0
33,573651,207266,744,14,5,31126,60,No,Own,0
21,1104795,50000,767,3,4,18200,36,No,Rent,0
41,704499,1110116,723,15,2,26417,60,No,Mortgage,0
36,381714,878811,723,12,3,22373,48,No,Rent,1
29,1023635,1089865,714,12,1,12035,60,No,Mortgage,0
56,672723,838301,622,29,2,15223,36,No,Own,0
21,845456,499997,698,4,2,33451,36,No,Mortgage,0
65,863719,747291,669,9,5,33015,48,No,Own,0
45,781644,906014,687,24,4,32273,60,No,Rent,0
30,192316,1600000,643,11,2,16291,36,Yes,Rent,1
65,1013915,681823,783,0,4,43612,12,No,Mortgage,1
43,759556,725405,651,7,1,3474,60,No,Own,1
62,557834,50000,670,0,4,35836,48,No,Own,0
27,307592,782119,572,5,5,37530,36,No,Rent,1
38,1174911,395285,756,5,5,29976,48,No,Rent,0
48,663537,603796,673,8,3,25252,36,No,Rent,0
24,201146,401827,760,5,1,11732,36,No,Rent,1
58,612082,396081,734,8,3,20414,48,No,Rent,0
39,597966,466311,622,3,0,19270,24,No,Rent,0
48,988054,50000,730,5,4,33433,36,No,Rent,0
27,724212,656560,850,7,4,31679,60,Yes,Own,0
31,1570564,670600,608,12,0,0,36,No,Rent,1
44,957637,1337875,612,16,2,3084,36,Yes,Rent,0
26,609149,661901,692,7,4,16225,12,Yes,Mortgage,0
31,1003620,919712,703,14,3,15127,36,Yes,Mortgage,0
40,427603,307881,632,14,5,13041,36,No,Mortgage,0
44,1256962,518783,722,17,1,31804,48,Yes,Rent,0
61,1185839,79088,722,28,5,51118,60,No,Rent,0
21,780201,682247,544,2,4,26408,48,Yes,Mortgage,0
44,940743,713036,850,13,1,12523,36,No,Rent,0
65,460148,136477,792,19,5,30078,60,Yes,Own,0
55,854741,347991,669,26,5,39225,60,No,Own,1
45,567466,695127,744,21,2,8766,60,No,Rent,0
29,583669,1114940,607,12,3,28552,36,No,Rent,1
27,900179,757457,850,10,5,31392,84,Yes,Rent,0
32,929704,468945,711,12,4,44231,36,Yes,Rent,0
22,150000,95862,704,0,5,37595,60,No,Own,1
42,1309040,350664,717,14,0,17505,36,No,Rent,0
27,1036511,724531,669,8,0,3682,60,No,Own,0
60,719103,178209,598,28,3,27195,84,No,Rent,0
38,392651,409031,635,11,2,16637,36,No,Mortgage,0
54,1155682,906516,626,6,4,26952,48,No,Rent,1
59,668984,517268,666,15,0,0,60,No,Rent,0
53,1190139,661607,850,0,3,15311,24,No,Own,0
52,792557,258616,665,18,3,16697,60,No,Mortgage,0
55,774244,329246,677,22,5,22582,84,No,Rent,0
55,957890,66177,700,17,0,5998,60,No,Rent,0
51,908074,797127,676,23,1,16566,48,No,Rent,0
21,243803,270900,731,2,0,6375,36,No,Mortgage,0
25,315676,801995,667,10,5,30953,60,No,Own,1
21,161959,411787,478,4,0,16817,84,No,Rent,1
25,579089,647673,637,9,4,43748,60,No,Own,1
55,659527,357801,772,9,1,38203,12,No,Mortgage,0
43,460171,475719,556,9,2,23725,48,No,Rent,0
29,1104472,312905,748,10,4,32064,12,No,Own,0
33,622642,1068937,682,12,3,34614,36,Yes,Mortgage,1
28,472421,311228,666,8,4,32806,48,Yes,Own,1
65,150000,701338,643,33,3,39488,24,No,Rent,1
58,771311,996319,597,23,4,19859,36,No,Rent,1
21,710973,776645,657,6,0,23520,48,Yes,Rent,0
57,671285,338366,680,2,5,50939,84,No,Own,1
53,840976,802669,674,29,0,10985,60,No,Rent,0
55,542348,1289431,740,22,4,29835,60,No,Mortgage,1
29,709961,800390,823,12,1,25967,36,No,Rent,0
53,1329147,444630,517,22,3,34290,60,No,Rent,0
58,1182931,394259,607,6,3,33381,36,No,Rent,0
62,190023,363437,697,2,2,36742,24,No,Rent,1
40,704994,50000,722,1,5,34696,60,No,Rent,0
38,1161582,698622,633,19,2,40131,36,Yes,Rent,0
57,1317797,990136,541,22,4,32015,60,No,Own,0
31,362006,814050,615,12,4,30763,60,No,Rent,1
29,536184,682340,628,8,4,43894,60,No,Own,0
46,341964,845785,465,30,1,6145,36,No,Mortgage,1
25,515888,91803,699,4,2,31417,48,No,Own,0
37,525968,729763,850,24,0,277,60,No,Rent,0
37,1517111,1263886,615,0,4,24502,36,Yes,Mortgage,0
22,213020,595411,669,0,4,27614,24,No,Rent,1
63,1116789,690386,785,0,4,39677,12,No,Mortgage,0
21,561994,225048,675,7,3,19942,48,Yes,Mortgage,0
48,457541,254468,609,9,1,11044,60,No,Rent,1
55,150000,479216,664,23,3,45215,60,No,Mortgage,1
30,840334,1189030,545,8,3,22290,84,Yes,Mortgage,1
40,1138832,412232,597,9,1,20331,48,No,Own,0
43,460234,178611,567,12,2,13432,60,No,Rent,0
62,848096,262068,736,16,2,15866,36,No,Rent,0
43,640133,433640,709,17,2,9973,60,Yes,Rent,0
59,1044042,50000,725,7,1,21574,60,No,Mortgage,0
63,851791,1014411,726,0,2,33296,36,Yes,Own,0
63,530071,50000,481,22,1,24790,60,No,Mortgage,1
43,926572,50000,843,24,3,23182,84,No,Rent,0
51,386181,567190,706,13,4,29468,36,No,Own,0
57,952496,289730,781,5,5,41337,48,Yes,Mortgage,0
38,715205,74556,740,3,5,37860,60,No,Rent,0
47,150000,319189,710,23,1,9071,60,No,Rent,0
32,620613,995572,690,16,4,33939,36,Yes,Mortgage,0
47,386065,651180,705,6,1,13206,84,No,Rent,1
31,737491,176088,701,17,3,30996,24,No,Mortgage,0
65,859434,576362,651,29,2,24941,36,No,Mortgage,0
29,877476,283216,597,10,1,19674,24,Yes,Rent,1
53,696281,50000,626,18,4,13508,60,No,Mortgage,0
34,282703,520824,608,18,1,7505,48,No,Mortgage,1
34,656857,1198980,809,13,1,23679,24,No,Rent,0
29,518244,898477,781,6,2,20669,84,No,Rent,0
56,580249,576583,679,0,5,14661,48,No,Rent,0
40,365206,50000,731,15,2,18835,36,No,Own,0
52,953303,373083,706,13,1,19760,60,No,Mortgage,0
29,958082,78941,765,13,3,28808,60,No,Rent,0
49,938699,405209,638,28,3,40509,36,No,Rent,0
25,922702,825020,533,9,2,30281,60,No,Rent,0
46,815578,50000,557,25,1,430,36,No,Rent,0
26,831959,664569,628,14,5,47169,24,Yes,Mortgage,0
61,309720,50000,850,31,4,28050,24,No,Own,0
43,745224,918925,647,10,1,19255,36,No,Rent,0
50,792075,50000,587,17,5,44909,24,No,Mortgage,1
41,806956,996794,588,13,3,19685,48,No,Mortgage,0
62,1275865,694456,672,15,4,45381,60,No,Rent,0
22,613794,1076711,745,5,1,4347,36,No,Own,1
54,695411,508743,709,29,4,43653,24,No,Own,0
33,221808,1052019,578,12,0,4753,60,Yes,Own,1
25,1466218,605429,591,6,4,24473,60,No,Own,0
64,542150,229362,618,29,3,26338,12,Yes,Own,0
33,640446,1139563,591,12,2,26835,36,No,Rent,1
39,520354,263997,755,10,5,44352,24,No,Rent,0
25,489986,517050,850,12,2,33531,84,No,Rent,0
44,581560,699365,756,24,1,12190,60,No,Rent,0
54,1137447,791577,639,22,4,38430,60,No,Rent,0
56,1167179,201935,683,21,1,38095,60,No,Rent,0
47,865388,752318,542,27,0,28663,12,No,Rent,0
49,979822,380683,637,22,0,12124,48,No,Rent,0
38,918822,751864,466,5,1,17910,48,No,Own,1
47,1230863,396752,729,29,2,35798,60,Yes,Mortgage,0
36,368608,286454,639,19,0,3780,60,No,Rent,0
65,978741,419971,769,18,2,25318,36,No,Mortgage,0
26,278828,1042662,715,5,3,39042,60,Yes,Own,1
43,280304,95619,706,17,3,16231,84,Yes,Own,0
52,846290,499171,592,13,4,47202,36,No,Rent,0
40,1370808,795958,552,24,3,28791,48,No,Mortgage,0
52,931222,486113,698,13,0,20016,60,No,Mortgage,0
49,710498,398589,676,6,0,7959,60,No,Rent,0
65,311815,620036,615,2,5,37123,12,No,Mortgage,1
32,787215,1315242,720,12,3,11707,48,No,Rent,0
39,429521,50000,734,22,3,22513,48,No,Own,0
40,1492129,952811,757,26,3,26264,36,No,Own,0
24,815750,50501,686,5,4,59396,36,No,Mortgage,0
30,358159,455199,638,12,1,0,24,Yes,Mortgage,1
65,571625,788306,743,23,1,25654,36,Yes,Own,1
30,471157,52571,711,5,2,30577,48,No,Own,0
58,320450,452545,713,14,3,36843,36,No,Rent,1
25,273480,674860,585,9,1,36675,36,No,Rent,1
36,888362,653011,740,17,0,19865,48,No,Own,0
60,630469,509261,694,18,0,5277,60,No,Rent,0
25,843919,524749,743,1,3,31774,36,No,Mortgage,0
48,867883,564371,686,4,1,8375,60,No,Mortgage,0
37,755928,820128,658,20,4,34552,36,No,Rent,1
25,600396,623063,667,7,5,26391,36,Yes,Mortgage,1
61,547181,178882,747,21,4,34343,60,Yes,Own,0
59,150000,989202,575,1,2,8655,24,Yes,Own,1
55,995781,658214,507,25,2,24470,36,No,Own,0
39,686998,1024716,607,6,3,12124,60,No,Own,0
61,825620,419035,831,12,3,20378,36,No,Rent,0
27,798783,700908,815,13,0,17961,60,No,Rent,0
21,525137,760842,773,0,4,33412,60,No,Mortgage,1
65,997643,271957,508,4,5,27853,36,No,Rent,0
52,614255,860976,628,28,2,3138,12,No,Rent,0
35,1026683,341523,568,12,1,27696,60,No,Rent,0
33,150000,747645,543,17,2,24290,60,No,Rent,1
52,821805,410535,728,30,4,18821,36,No,Rent,0
37,549291,498556,813,0,2,16252,60,No,Mortgage,0
46,203171,801665,831,21,5,34195,36,No,Rent,1
62,610838,362862,820,20,3,13727,60,No,Rent,0
40,1188251,50000,719,14,2,14638,24,No,Rent,0
34,395832,292279,682,18,0,9606,60,No,Rent,0
34,787893,753244,627,18,4,17467,60,No,Own,0
61,624177,593683,784,13,2,0,24,Yes,Rent,0
21,150000,445888,692,2,5,43762,60,No,Rent,1
62,686624,324541,538,11,5,45246,36,No,Own,1
59,353597,542339,583,5,0,11426,24,No,Own,0
55,1168913,280470,494,8,0,15743,60,No,Own,0
58,817236,180759,671,22,3,30825,12,Yes,Rent,0
61,472071,257253,744,7,0,12474,36,No,Rent,0
51,521102,484821,624,8,1,31689,24,No,Rent,0
35,1067167,115820,616,15,3,38728,12,No,Own,0
44,663892,50000,620,11,5,24332,60,Yes,Mortgage,0
42,850557,926366,630,23,5,28606,60,No,Rent,0
24,855593,542324,791,3,1,28119,36,No,Mortgage,0
21,741371,124838,759,4,0,6828,36,Yes,Mortgage,0
65,856159,558359,732,22,2,6500,24,No,Rent,0
34,152928,694317,612,9,3,20727,24,No,Rent,1
58,1368190,451919,522,23,3,32592,60,No,Rent,1
26,408008,596879,694,0,3,13582,36,No,Own,0
51,1265173,65217,687,5,2,19781,84,No,Own,0
45,348496,485055,617,15,2,20256,36,No,Mortgage,0
42,476916,339847,708,15,5,15876,24,No,Own,0
34,150000,629178,674,12,0,16875,84,No,Own,1
62,994877,388195,668,9,4,29401,36,No,Mortgage,0
25,657814,213023,560,10,0,28905,36,No,Rent,0
56,1157611,925369,541,16,4,37697,36,No,Own,0
29,297313,1028575,637,10,1,26589,60,No,Mortgage,1
65,1260695,1075639,816,14,4,45794,36,No,Rent,0
54,150000,657300,699,7,0,15684,24,No,Own,1
62,997207,643496,742,5,0,0,48,Yes,Rent,0
49,538818,260866,574,28,4,20401,48,No,Mortgage,0
32,528691,308697,752,8,2,18053,48,No,Rent,0
45,789474,303279,452,2,4,27468,60,No,Own,1
40,150000,931192,810,5,5,30401,60,No,Own,1
38,630359,933154,622,18,3,36161,48,No,Rent,1
35,511711,741509,700,18,4,48114,24,No,Rent,0
47,622970,344443,637,9,5,32146,36,No,Mortgage,0
21,1423161,533868,669,3,4,39198,12,No,Own,0
40,970910,508147,656,1,3,19111,12,No,Mortgage,0
62,308418,648995,647,17,3,35889,36,No,Rent,1
61,806751,206205,722,16,0,16919,36,No,Rent,0
21,723897,718084,622,2,4,34830,48,Yes,Mortgage,1
60,771698,988444,850,14,5,13821,60,Yes,Rent,0
65,435113,486676,567,9,4,27513,60,No,Rent,1
30,817036,585989,586,3,1,0,60,No,Rent,1
25,714251,694425,609,5,4,40579,60,Yes,Rent,1
43,839841,663325,657,12,3,44313,36,No,Mortgage,0
23,515721,403770,681,0,3,20206,36,No,Rent,0
45,1025224,50000,751,1,3,30472,36,No,Rent,0
54,872730,362646,686,12,1,22099,60,No,Mortgage,0
44,930349,764892,788,30,2,30760,84,No,Own,0
39,1389766,406446,844,23,5,19166,24,No,Own,0
27,1105732,50000,683,12,5,13430,48,No,Rent,0
29,827848,710906,744,13,5,29866,60,No,Own,0
64,559054,794215,606,7,0,20923,36,No,Mortgage,0
45,494135,604501,758,8,2,14940,84,No,Rent,0
21,447196,568996,651,1,1,11775,48,No,Rent,0
42,650052,1096262,850,18,4,26628,36,No,Rent,0
58,944181,514333,643,15,3,28271,36,No,Mortgage,0
28,508456,896407,634,13,1,31335,60,No,Rent,0
43,789563,50000,573,25,3,3632,36,No,Rent,0
47,786768,468740,534,11,5,29323,48,Yes,Rent,1
24,687291,620674,849,2,1,0,24,No,Own,0
47,865321,523509,492,18,3,29984,48,No,Own,1
62,1053909,390649,759,17,3,15007,36,No,Mortgage,0
51,179803,305328,652,27,1,13456,60,Yes,Rent,1
51,821343,290856,624,14,5,19232,60,No,Mortgage,0
32,576158,386071,623,13,2,31466,84,No,Mortgage,0
48,1746613,744304,835,11,4,33759,36,No,Rent,0
63,880266,357114,660,26,3,31232,36,No,Rent,0
55,659972,206279,838,5,5,30771,24,Yes,Own,0
50,1162448,1345246,673,18,2,36193,60,Yes,Own,0
63,505201,792792,698,3,5,45780,24,No,Own,0
57,729901,50000,621,22,1,24752,12,No,Own,0
25,553090,295984,734,6,1,15695,24,No,Rent,0
61,918546,746215,724,5,2,1393,48,Yes,Rent,0
46,748325,935272,751,8,5,16972,48,Yes,Rent,0
54,660532,752341,691,24,1,20538,36,No,Rent,0
30,204558,50000,665,5,1,20712,48,No,Mortgage,0
56,919285,306715,679,23,1,21452,12,No,Mortgage,0
40,1016379,671970,850,11,5,37273,36,No,Mortgage,0
32,602219,490241,803,20,5,36194,12,No,Rent,0
30,872519,943835,676,1,1,9536,36,No,Mortgage,0
38,1273529,539139,657,13,0,14320,84,No,Mortgage,0
32,991204,978024,727,13,1,20202,48,No,Own,0
43,522375,791282,850,25,0,1440,60,No,Rent,0
64,687943,514813,608,22,3,52360,36,Yes,Rent,1
44,988765,399894,651,15,1,18802,60,No,Mortgage,0
24,578779,200880,840,4,5,33655,36,No,Own,0
56,735356,401476,685,2,4,39874,60,Yes,Rent,1
52,1081707,420265,674,22,4,32613,48,No,Mortgage,0
44,846893,1198368,703,9,4,29344,60,No,Own,0
40,253191,795781,665,22,4,50421,48,No,Rent,1
25,150000,199068,607,4,2,0,60,No,Own,1
64,656593,301078,471,10,3,25521,24,No,Own,0
64,597508,737892,604,5,1,20616,36,No,Mortgage,1
29,432102,808300,581,9,3,32057,60,No,Rent,1
35,478386,871369,673,3,0,0,60,No,Own,1
25,1071451,187012,567,9,3,37145,84,No,Rent,0
26,1204491,240055,688,8,4,31229,60,No,Own,0
54,794747,157737,615,13,5,23902,24,No,Mortgage,0
52,272991,502109,831,27,5,66810,60,No,Mortgage,1
49,1280970,1113235,742,30,4,27326,36,No,Mortgage,0
26,860706,238415,739,6,0,11612,60,No,Rent,0
40,1258549,215124,698,23,0,6286,36,No,Own,0
25,1380979,187977,774,6,5,40488,84,No,Rent,0
65,833109,544921,609,30,2,31899,36,No,Mortgage,0
21,907291,566275,728,3,1,28242,48,No,Mortgage,0
58,1344537,1035389,517,25,1,34815,60,No,Own,0
28,1307027,826745,814,8,2,22760,60,No,Own,0
28,740259,875896,723,2,5,38306,60,No,Own,0
21,299116,624279,700,0,5,21347,24,No,Rent,1
47,873906,873012,526,32,0,27696,12,No,Rent,0
36,1053100,449741,622,21,3,27040,36,No,Mortgage,0
56,1573811,82774,696,27,4,31622,48,No,Rent,0
34,670215,940387,803,13,1,7913,60,No,Rent,0
41,852509,825320,580,2,3,19664,36,No,Mortgage,0
42,589036,95858,623,15,0,5225,84,Yes,Own,0
31,817114,709267,771,5,0,2566,60,No,Mortgage,0
55,685868,1006712,726,6,2,30657,60,No,Rent,0
62,687755,690176,850,16,1,20259,36,Yes,Rent,0
59,748510,995384,677,29,3,22874,24,No,Rent,0
41,901342,925600,671,13,2,20260,36,No,Rent,0
51,1230112,445590,597,1,0,14599,48,No,Rent,0
23,325155,612137,592,9,2,31581,36,No,Rent,1
38,752207,170629,663,19,4,37055,60,No,Mortgage,0
44,1137804,839698,690,17,2,26584,24,No,Rent,0
46,862465,462690,610,29,5,39790,36,No,Rent,0
39,1184066,680598,648,16,3,38927,36,Yes,Rent,0
56,253418,499778,739,5,3,21029,48,No,Rent,1
56,866389,454882,672,17,5,58696,60,No,Mortgage,0
60,150000,339087,559,3,0,511,60,No,Rent,1
28,491483,996476,505,7,0,3323,36,No,Rent,1
31,211529,61401,702,6,0,25489,48,No,Mortgage,0
28,532517,306430,850,4,4,30183,36,No,Own,0
45,786550,1313053,642,26,2,18840,36,No,Rent,0
31,921168,283950,638,15,0,19853,84,No,Mortgage,0
53,255430,235262,639,12,5,35712,60,No,Own,1
38,496617,95329,664,16,3,19535,24,No,Mortgage,0
47,1133918,579765,554,4,0,19408,48,No,Own,0
55,582048,285673,607,27,3,14187,48,Yes,Rent,1
21,776081,481942,656,4,2,24317,12,No,Mortgage,1
51,936551,125719,796,4,2,11071,60,No,Rent,0
39,728357,505616,697,17,2,14708,36,No,Mortgage,0
29,754428,283633,778,10,3,34136,36,No,Rent,0
21,1199797,297478,621,3,1,26396,84,No,Own,0
39,798973,500090,741,0,3,11684,12,No,Own,0
53,150000,347931,739,29,2,15308,60,No,Mortgage,0
62,593942,638166,739,11,1,30766,48,No,Rent,0
47,459786,264733,589,11,4,15864,60,No,Rent,1
51,576745,142839,450,9,1,5656,48,No,Rent,0
65,229374,700734,848,23,2,27275,60,No,Mortgage,0
40,327167,143681,676,20,3,34778,36,No,Rent,0
42,505507,94490,675,9,0,1669,60,No,Own,0
63,794701,328386,742,14,4,34367,36,No,Mortgage,0
26,563837,50000,571,2,4,50523,24,No,Rent,1
64,707016,1126561,618,23,2,41230,36,No,Own,0
33,750947,220835,850,10,3,9479,48,No,Rent,0
41,758457,50000,750,19,3,26330,12,No,Mortgage,0
52,556436,424978,606,4,5,44425,60,No,Mortgage,1
24,231010,407620,480,4,0,21340,84,No,Rent,1
46,1147260,966196,618,30,5,40887,48,Yes,Own,0
41,933823,427277,577,7,1,20392,60,No,Rent,0
22,420081,419166,728,6,3,42968,60,Yes,Own,1
24,783831,495401,769,0,1,21158,36,No,Mortgage,0
41,758438,910155,682,9,1,18629,36,No,Rent,0
37,514197,129654,663,19,3,36744,24,No,Mortgage,0
45,722428,709108,651,7,1,4371,60,No,Own,0
21,704329,491549,748,4,3,30359,60,No,Rent,0
21,825406,668541,759,3,0,8839,36,No,Rent,0
50,950298,737840,736,14,3,28803,48,No,Own,1
64,781766,266074,732,16,2,15167,36,No,Rent,0
21,1182676,94073,629,4,2,297,36,No,Own,0
40,408536,780835,714,21,4,42844,24,No,Rent,1
44,177321,252247,597,23,4,15549,60,No,Rent,1
65,554949,98572,517,20,0,24317,60,No,Mortgage,0
50,810696,682020,690,14,1,2152,24,No,Mortgage,0
38,164286,394455,473,4,3,28661,12,No,Rent,1
21,624038,50000,771,5,0,5869,36,Yes,Mortgage,0
25,468559,568096,571,9,5,33970,60,Yes,Mortgage,1
51,150000,717337,719,9,0,17420,24,No,Own,1
46,293469,654039,661,24,5,26168,36,No,Rent,1
32,654102,512514,587,16,1,8127,84,No,Own,1
51,622433,50000,797,23,3,9095,24,No,Rent,0
39,379319,185953,663,21,5,40693,36,No,Rent,1
52,735240,636785,699,15,1,2492,24,No,Mortgage,0
36,203648,801216,784,3,4,37214,60,No,Mortgage,1
32,538904,341847,765,4,5,42404,60,No,Rent,0
63,1185894,625115,776,30,3,33981,48,No,Mortgage,0
27,314166,447671,798,5,1,12674,36,No,Rent,0
47,1153232,180807,820,21,3,29486,48,No,Mortgage,0
21,843988,543707,749,4,1,21408,36,No,Mortgage,0
32,522043,887032,709,9,0,1538,60,No,Own,0
37,850922,474186,494,15,1,14832,36,Yes,Own,1
41,560320,492570,655,6,0,18162,24,No,Rent,0
42,345368,341869,518,17,2,12636,48,No,Mortgage,1
57,498930,576554,699,19,3,12873,36,No,Own,1
21,333700,577525,685,6,5,20374,24,No,Rent,1
53,791911,213248,635,15,2,27184,84,Yes,Mortgage,0
37,205642,578046,642,19,5,28174,60,No,Rent,1
63,244857,573512,850,20,3,27302,60,No,Mortgage,0
29,876690,639551,707,10,4,40281,60,No,Own,0
29,150000,996042,782,13,3,37280,36,Yes,Mortgage,1
26,318339,1156867,752,8,1,7890,60,No,Mortgage,1
28,446501,568605,850,7,2,35402,84,No,Rent,0
55,784949,227033,782,0,4,24502,60,No,Own,0
56,597539,687959,681,9,2,25451,36,No,Mortgage,0
33,529952,613071,646,4,2,16010,24,No,Rent,1
37,1443906,78901,689,15,0,0,48,No,Own,0
51,930571,737310,657,20,0,21048,48,No,Rent,0
63,615840,406194,596,14,5,43871,48,No,Mortgage,0
46,854973,919871,514,10,4,21342,12,Yes,Mortgage,1
45,379002,696472,751,22,3,38832,48,Yes,Rent,1
62,803782,180524,763,15,1,13874,36,No,Rent,0
28,307409,605942,712,9,5,33889,24,No,Rent,0
27,569701,1310814,707,4,4,21022,36,No,Own,1
56,425128,507466,547,28,0,6166,48,No,Own,0
52,550874,51100,780,9,5,38451,60,No,Rent,0
42,415098,1014966,757,17,5,38967,60,No,Mortgage,1
59,993196,533118,597,24,3,20769,24,No,Own,0
49,662015,1087203,582,0,5,38382,36,No,Mortgage,1
51,634715,50000,775,9,4,38033,60,No,Rent,0
22,879398,686067,746,5,0,3887,36,No,Rent,0
60,580076,762475,650,16,4,46520,60,No,Rent,0
63,426186,340675,774,17,2,20598,48,No,Mortgage,0
38,615244,162919,678,10,3,19550,84,No,Rent,0
22,734874,904629,819,1,0,30523,60,No,Rent,0
26,661289,712033,591,3,4,45678,60,Yes,Rent,1
27,389677,587017,553,6,4,30965,60,Yes,Mortgage,1
63,1270310,628630,524,26,4,33072,60,No,Mortgage,0
36,1517484,574868,702,18,1,3907,48,No,Rent,0
51,913093,383625,607,6,5,35856,48,No,Rent,0
64,150000,526311,654,5,0,19788,60,No,Rent,1
40,1403466,761816,618,21,5,34557,48,No,Mortgage,0
43,835463,334317,453,0,3,27518,60,No,Own,1
55,813339,50000,637,7,0,13168,36,No,Rent,0
61,378070,441720,612,3,0,13561,24,No,Own,0
61,1051855,499316,673,21,0,35462,60,No,Own,0
24,774238,755433,591,6,5,42108,60,Yes,Rent,1
31,760135,376702,654,6,5,33467,60,No,Mortgage,0
63,235826,1170616,790,9,0,10527,60,Yes,Own,1
25,836477,201137,774,5,1,6693,36,No,Rent,0
38,930864,477996,474,11,0,16010,36,Yes,Own,1
50,247879,561427,846,29,5,68224,60,No,Mortgage,1
29,1027444,1067276,608,7,5,41308,60,No,Own,1
30,921474,655438,688,8,4,42282,60,No,Own,0
42,465694,1484917,672,6,4,31406,60,No,Rent,1
45,911476,75587,727,3,5,30192,36,No,Rent,0
33,150000,797590,649,13,0,13075,48,No,Rent,1
43,768289,197991,533,19,5,40110,48,No,Rent,1
23,403980,1276205,645,0,4,19679,48,No,Own,1
61,486651,388766,628,12,0,0,60,No,Own,0
42,422328,250208,549,25,2,17454,24,No,Rent,0
55,303646,540679,646,29,1,6707,60,No,Mortgage,0
43,606128,647735,571,6,0,10234,24,No,Own,0
37,323026,741018,729,3,5,44577,60,No,Rent,1
40,150000,632811,587,7,0,15460,60,Yes,Rent,1
60,1445876,793342,671,24,4,38541,12,Yes,Rent,0
29,1034274,195645,518,7,3,38565,84,No,Rent,1
45,840377,50000,618,20,1,13861,12,No,Own,0
46,328657,334256,772,25,2,10828,24,No,Mortgage,0
52,660053,573927,711,30,4,47091,24,No,Own,0
53,797304,492849,721,29,3,15961,36,No,Rent,0
37,1130123,734798,599,0,2,18387,36,No,Rent,1
65,936247,824085,692,9,5,36400,48,No,Own,0
52,1057042,50000,645,24,1,24313,12,Yes,Rent,0
42,948000,1494631,585,17,4,20503,60,No,Own,0
37,1238147,1079176,712,18,0,20385,60,No,Mortgage,0
41,1074070,760018,659,17,2,16875,60,No,Own,1
62,363150,766750,850,26,1,30082,84,No,Rent,0
62,969008,1037218,703,25,4,43347,48,No,Mortgage,0
40,193082,648833,774,15,2,20692,12,No,Rent,1
47,913903,534353,482,17,4,29307,48,No,Own,0
21,773391,545813,662,3,3,28565,60,No,Rent,0
59,446029,283387,572,0,0,12047,60,Yes,Own,0
63,838720,769168,668,14,3,34363,60,Yes,Mortgage,0
63,627748,300261,786,8,1,25784,48,No,Rent,1
51,1241446,50000,659,5,1,18907,84,No,Own,0
24,677076,50000,807,6,3,29969,36,No,Own,0
31,1075149,790884,538,14,5,41209,60,No,Mortgage,0
30,182858,468131,747,12,5,34597,24,No,Rent,1
30,465822,726293,752,9,2,40288,12,No,Mortgage,1
21,361844,491970,422,5,5,27580,84,Yes,Rent,1
26,436978,859554,776,3,4,20530,84,No,Rent,0
53,1307046,416116,674,0,0,16966,60,No,Rent,0
56,677491,50000,776,21,3,44144,60,Yes,Rent,0
42,735841,391402,643,12,0,17057,60,No,Mortgage,0
25,846508,702060,709,7,3,29555,48,No,Rent,0
31,1071153,454338,659,12,3,41399,36,Yes,Rent,0
28,354153,725115,573,15,5,44673,60,Yes,Mortgage,1
28,166328,50000,688,2,3,29794,36,No,Rent,0
22,542883,735712,622,9,5,41280,60,No,Own,1
45,620542,78481,810,11,3,43013,12,No,Own,0
60,907703,629220,648,18,1,9291,60,Yes,Mortgage,0
28,1527093,569920,544,15,0,606,36,No,Rent,0
59,338520,522010,734,14,2,35066,36,No,Rent,0
28,985978,998130,744,9,0,15091,60,No,Mortgage,0
41,666337,50000,593,13,3,27149,60,Yes,Mortgage,0
63,492689,259756,740,15,3,20846,48,No,Mortgage,0
42,682559,850096,644,17,2,37649,48,No,Rent,0
28,525699,478591,695,0,2,14361,36,No,Rent,0
25,1265555,96543,769,4,3,35811,36,No,Rent,0
44,622822,121737,639,25,2,16046,12,No,Rent,0
40,379432,50000,703,16,2,23626,36,No,Own,0
64,1037950,441200,757,18,3,22506,36,No,Mortgage,0
64,528194,392389,642,9,0,0,60,No,Own,0
33,604055,674781,716,11,2,48359,36,No,Mortgage,1
39,763530,237574,665,19,3,31925,60,No,Mortgage,0
30,844782,695407,850,7,5,26984,84,Yes,Rent,0
31,796552,651089,842,13,1,18568,60,No,Rent,0
22,1148337,635021,761,4,5,42656,36,No,Rent,0
65,615981,220830,611,5,3,42793,84,No,Mortgage,0
50,999345,89585,595,1,2,30878,84,Yes,Own,1
51,1213089,592970,679,28,0,19713,60,Yes,Rent,0
56,881206,946407,756,28,4,7925,24,No,Rent,0
46,285607,434818,622,13,3,20599,36,No,Mortgage,0
33,904127,647759,675,6,5,35796,84,No,Rent,0
28,976394,401237,850,3,5,42685,36,No,Own,0
38,1371491,552027,713,0,4,27826,24,No,Mortgage,0
61,1162675,616459,603,24,5,32342,36,Yes,Mortgage,0
59,665125,50000,842,17,1,30361,60,No,Mortgage,0
25,679897,50000,772,5,3,26206,60,Yes,Rent,0
42,633626,1117626,842,19,3,26793,36,No,Rent,0
23,736180,776434,803,5,0,30329,84,No,Mortgage,0
38,174510,144038,695,15,1,13511,60,No,Rent,0
23,743991,458888,733,3,5,24297,60,No,Rent,0
30,619605,606560,669,0,0,15547,36,No,Own,0
28,213831,113069,531,8,3,40907,12,Yes,Rent,1
48,1305617,511611,482,14,4,53042,48,No,Mortgage,0
25,845304,746161,680,8,3,19657,60,No,Own,0
28,720472,750393,804,12,0,19657,36,No,Rent,0
34,933373,620392,572,17,0,2485,36,No,Rent,0
51,635977,180081,708,14,3,18930,24,No,Mortgage,0
43,278229,339224,765,19,3,32645,60,Yes,Rent,0
50,789755,703886,728,14,2,36843,60,No,Rent,0
32,210870,190103,721,15,2,19395,48,No,Mortgage,0
23,399465,1219100,722,0,4,21483,48,No,Own,0
50,477660,296678,639,11,4,45098,60,No,Mortgage,0
37,461390,523084,780,0,2,18053,60,No,Mortgage,0
49,571505,670053,691,18,3,26012,36,No,Rent,0
44,650338,1041574,752,14,5,31928,36,No,Rent,0
65,196108,595623,541,24,5,38017,48,No,Mortgage,1
51,1241374,565017,644,10,0,16632,48,No,Rent,0
23,789952,306645,709,5,3,29595,84,No,Mortgage,0
21,150000,879306,597,4,5,36442,36,No,Rent,1
32,397603,1290648,501,5,0,1591,48,No,Rent,1
31,919674,197618,838,12,2,9116,48,No,Rent,0
48,453182,315251,744,24,3,9660,24,No,Mortgage,0
57,633013,738706,647,11,3,40390,60,Yes,Own,1
33,760775,203183,738,10,5,39243,36,No,Rent,0
57,180616,50000,462,17,2,6834,48,No,Mortgage,1
24,1132826,68198,743,3,4,19531,36,No,Rent,0
53,150000,619820,674,22,5,22425,60,No,Rent,1
54,519058,547199,701,19,2,14561,36,No,Own,0
27,1662069,337627,703,10,0,8856,36,No,Rent,0
39,158312,50000,780,2,3,28652,24,No,Mortgage,0
50,945844,401801,609,25,4,36954,36,No,Rent,1
54,1261561,60232,592,8,1,18037,48,No,Mortgage,0
41,963912,525738,672,21,4,39396,36,No,Mortgage,0
65,790166,311690,730,15,4,26917,24,No,Rent,0
27,724162,797793,722,5,5,40471,60,No,Own,0
37,398772,404561,778,14,2,22193,48,Yes,Rent,1
43,1003000,213853,597,21,2,33238,60,No,Own,0
65,516497,770791,701,5,4,39970,24,No,Own,1
58,951906,600157,707,0,2,21792,36,No,Mortgage,0
26,929152,679920,671,9,0,7887,36,No,Own,0
59,933221,694170,529,1,1,7378,60,Yes,Mortgage,1
53,150000,620908,632,15,5,21277,36,No,Own,1
51,470607,557614,829,14,0,19795,60,No,Rent,0
32,892566,487530,597,5,4,37742,36,Yes,Mortgage,1
46,150000,773713,687,8,0,7095,60,No,Mortgage,1
47,981648,743987,829,11,3,12954,36,No,Rent,0
38,765727,1206272,671,12,0,14954,60,No,Own,0
60,921457,927769,742,24,1,20817,36,No,Own,0
63,1020224,724269,527,10,3,44601,36,No,Mortgage,0
34,1610302,1269405,597,1,2,23008,36,Yes,Mortgage,1
29,757372,1248639,538,7,2,22247,84,Yes,Mortgage,1
41,914747,283789,599,22,1,32823,60,No,Own,0
54,696789,90293,786,23,2,41283,60,Yes,Rent,0
23,253238,180854,555,6,1,6622,60,No,Own,1
53,840521,630426,502,28,1,24277,36,No,Own,1
32,1077076,50000,694,12,5,16760,48,No,Rent,0
48,969475,511034,584,22,3,26527,48,No,Rent,0
22,150000,75200,686,0,4,36829,60,No,Own,1
51,904902,50000,610,2,4,24169,36,No,Rent,0
35,1102133,435227,592,10,2,25608,60,No,Rent,0
56,761536,835398,542,28,3,25067,36,No,Rent,1
62,235649,363804,731,10,5,31761,36,Yes,Own,1
33,503035,784474,760,2,1,14460,60,Yes,Rent,1
61,1018554,405722,620,24,5,40485,48,No,Rent,0
25,322489,1282624,703,4,5,27541,60,No,Own,1
24,1109217,88487,614,7,2,3658,36,No,Own,0
60,162856,697961,646,31,4,39841,24,No,Rent,1
46,772315,61327,850,2,2,18466,60,No,Mortgage,0
43,773339,310882,429,2,3,30371,60,No,Own,0
32,948746,876563,697,13,5,17160,36,Yes,Mortgage,0
21,937590,520291,634,3,0,20575,84,No,Own,0
51,722887,471247,694,14,0,9422,24,No,Rent,0
27,1544171,257589,726,5,2,47569,48,No,Rent,0
42,746506,669069,659,3,0,25323,36,No,Rent,0
64,1288013,592040,539,24,5,39481,60,No,Mortgage,0
35,150000,326739,454,9,3,24852,12,No,Rent,1
21,728300,752744,624,7,4,40504,48,Yes,Mortgage,1
40,990578,538227,792,9,2,25482,24,No,Mortgage,0
62,173289,708000,657,28,4,36615,24,No,Rent,1
53,757181,50000,637,20,4,17803,60,No,Mortgage,0
40,379370,982191,659,12,4,27560,48,No,Rent,1
51,179598,211004,669,12,4,40266,60,No,Own,1
56,610331,780825,850,12,5,47666,36,No,Own,0
22,658982,50000,742,4,0,8990,36,Yes,Mortgage,0
56,440828,492870,578,11,5,45334,36,No,Rent,1
59,597888,506578,525,20,0,15858,84,No,Mortgage,0
55,1123708,919799,644,5,4,27235,48,No,Rent,0
28,972774,116352,762,12,2,12320,60,No,Mortgage,0
63,205188,417407,607,23,0,15950,60,No,Rent,0
43,1134008,56117,701,6,1,19455,36,No,Mortgage,0
49,748365,247719,673,29,2,13923,24,No,Mortgage,0
40,274977,325058,612,10,4,42531,48,No,Own,1
59,249982,640825,608,13,2,19984,84,No,Mortgage,1
30,651551,460326,732,5,1,1606,48,No,Rent,0
47,679143,492346,618,24,5,41396,36,Yes,Rent,1
51,990962,50954,802,19,4,40778,48,No,Mortgage,0
26,397373,1014217,719,4,4,36559,60,Yes,Own,1
59,875892,403402,795,13,3,13970,36,No,Rent,0
30,593334,351094,759,10,3,15591,60,No,Rent,0
63,936030,552235,712,14,1,31482,48,Yes,Mortgage,0
34,507676,1510123,633,13,3,28024,60,No,Mortgage,1
56,1176092,819490,784,5,0,0,60,No,Mortgage,0
22,1345444,476952,625,6,4,39981,12,No,Own,0
46,743656,911795,765,8,4,19587,48,Yes,Rent,0
49,178551,759651,837,18,4,19649,60,No,Rent,1
31,605514,87990,668,9,4,40589,60,No,Mortgage,0
32,761931,786111,555,16,2,23823,48,No,Rent,0
51,694730,370000,696,18,3,20925,60,No,Mortgage,0
22,594077,773149,733,5,3,32418,48,No,Rent,0
39,156734,117280,683,16,1,18687,60,No,Rent,0
35,851993,569020,649,18,3,26317,60,No,Rent,0
64,200795,83851,625,20,1,0,36,No,Own,0
59,227812,492764,744,26,2,23333,48,Yes,Rent,1
52,824908,383708,738,17,5,36380,36,No,Mortgage,0
22,272785,449412,763,7,1,10562,36,No,Rent,0
42,1027041,519119,606,7,2,24929,36,No,Mortgage,0
25,1385559,618780,598,8,5,23861,60,No,Own,1
29,1380054,912904,802,12,2,23229,60,No,Own,0
35,850662,610914,627,9,4,45661,84,No,Rent,0
21,964397,533712,744,6,0,28774,48,No,Mortgage,0
44,431692,1105845,748,14,5,39916,60,No,Mortgage,1
27,188160,558588,743,11,5,28805,24,No,Rent,1
43,353217,560410,578,14,1,17640,84,No,Rent,0
34,299253,698479,578,2,1,19729,60,Yes,Rent,1
38,674283,536737,756,8,1,36815,36,No,Own,0
29,363591,606493,757,4,1,28956,60,No,Rent,0
25,704167,781147,724,6,2,30666,48,Yes,Rent,1
44,855121,50000,573,22,0,12243,12,No,Own,0
59,166462,70103,518,20,4,3054,48,No,Mortgage,1
57,331994,251289,685,3,2,38405,60,Yes,Own,1
59,1012811,1137959,551,0,3,13122,60,Yes,Rent,1
23,605494,1152240,715,2,5,46116,24,No,Mortgage,0
65,595487,50000,703,0,3,35646,48,No,Own,0
59,756863,971726,593,19,3,19725,36,No,Rent,1
47,734423,698471,653,1,1,13921,60,No,Mortgage,1
51,1281724,148921,711,31,5,21097,60,No,Rent,0
60,159723,299965,535,7,0,1287,60,No,Rent,1
33,1051563,767906,766,12,4,36840,24,Yes,Mortgage,0
53,447993,321436,652,18,1,23871,12,Yes,Mortgage,0
39,774320,1099911,597,11,2,23088,48,No,Mortgage,0
52,555222,640430,673,9,1,12989,12,No,Mortgage,0
55,443302,479707,831,15,1,24412,36,No,Rent,0
51,660045,834734,636,2,1,13462,12,No,Own,0
56,278398,693494,749,30,5,44410,36,No,Own,1
33,710161,940130,663,6,2,20729,24,No,Mortgage,0
65,1021968,410663,762,15,1,20281,36,No,Mortgage,0
35,505503,427476,682,12,0,2025,36,Yes,Own,0
25,593303,601780,723,13,5,39563,84,No,Rent,0
43,777122,1060126,588,8,0,14149,24,No,Rent,0
48,850331,88613,602,11,5,30418,84,No,Rent,0
27,677408,400808,767,8,2,17640,60,No,Own,0
21,803929,439480,606,1,5,23652,48,No,Mortgage,0
30,992016,651952,675,10,1,20834,60,No,Own,0
29,445799,866160,462,8,0,28149,60,No,Own,1
39,1285446,452289,743,20,5,23880,48,Yes,Rent,0
47,487963,1131218,682,26,4,29764,48,No,Mortgage,1
24,654720,205297,600,11,1,25891,36,No,Rent,0
64,681030,677347,630,8,4,41821,48,Yes,Mortgage,1
37,1110990,369133,755,6,3,32069,48,No,Rent,0
29,836991,480730,729,5,3,38968,36,No,Mortgage,0
58,871230,497856,850,8,3,25293,60,No,Rent,0
46,245520,887728,474,31,1,2531,36,No,Mortgage,1
44,973094,286715,594,23,4,32759,60,No,Own,0
52,1099035,448064,726,4,3,6950,12,No,Mortgage,0
33,933216,50000,607,14,5,41410,60,No,Rent,0
51,470471,569279,781,4,0,0,24,No,Mortgage,0
45,432505,183529,805,31,2,13458,60,No,Mortgage,0
54,949258,269715,835,4,4,38281,48,Yes,Mortgage,0
48,282610,391508,629,11,2,20271,12,Yes,Mortgage,0
48,620079,50000,768,14,2,37001,36,No,Rent,0
45,753154,707111,489,20,5,35509,36,No,Rent,1
50,150000,600468,665,22,5,25262,60,No,Rent,1
53,650792,204210,748,10,1,8739,48,No,Mortgage,0
56,436119,457090,747,11,1,12274,60,Yes,Rent,1
55,393703,447675,575,9,0,25259,84,No,Own,0
41,607497,1102120,850,13,2,30928,36,No,Rent,0
21,433918,385169,721,1,3,17737,36,No,Rent,0
43,1104193,679790,548,18,5,35178,48,No,Own,1
38,1705512,644857,533,19,5,23295,24,No,Rent,1
40,150000,69884,770,18,1,13132,24,Yes,Mortgage,0
24,830953,191559,735,14,1,3993,36,No,Rent,0
65,409741,892175,768,4,0,0,36,No,Mortgage,1
58,368798,1143499,555,18,3,43244,60,No,Rent,1
56,616155,50000,793,10,0,22588,48,No,Rent,0
44,1582531,58481,850,0,3,24521,12,Yes,Rent,0
52,930872,333794,702,29,5,34596,60,No,Own,0
63,1129732,735958,528,14,4,47390,36,No,Mortgage,0
50,1660848,758962,850,14,4,28481,36,No,Rent,0
63,675460,127654,578,9,2,28381,36,No,Mortgage,0
43,607159,586154,607,8,1,14116,24,No,Own,0
49,1038921,1441787,593,18,3,16800,60,No,Own,0
63,368541,153548,589,16,4,45700,12,No,Rent,1
41,609587,227422,692,23,0,22792,84,No,Mortgage,0
24,746327,740769,634,7,3,16222,60,No,Rent,0
38,528716,310243,656,22,0,7990,60,No,Rent,0
37,782948,709539,647,16,4,17212,60,No,Own,0
54,353700,880096,743,27,3,22481,84,No,Rent,0
37,255194,682673,669,6,2,27514,60,Yes,Rent,1
35,980811,664038,541,5,3,5544,24,Yes,Own,1
46,883561,742819,647,10,2,45065,36,No,Mortgage,1
41,325677,767047,594,25,2,37367,60,Yes,Rent,1
61,906406,186340,652,26,4,33948,12,Yes,Rent,0
36,417325,118331,743,9,4,23847,36,No,Rent,0
34,1272157,809047,762,15,4,15669,24,No,Rent,0
49,545471,421537,628,0,5,40730,60,No,Mortgage,0
31,521097,255255,786,12,4,28565,60,No,Own,0
47,948940,411762,757,17,4,37762,36,No,Mortgage,0
50,925063,632251,654,2,4,29402,12,No,Mortgage,0
49,670175,471722,756,18,4,43708,60,No,Own,1
50,196356,516782,771,28,4,21905,24,No,Mortgage,1
32,872263,883270,681,0,0,7579,36,No,Mortgage,0
64,607268,244048,632,23,5,39240,48,Yes,Rent,0
22,1411558,381521,691,3,5,36919,60,No,Own,0
57,731394,824435,692,21,3,21158,36,No,Rent,0
61,160010,678304,656,15,4,21923,84,No,Mortgage,1
44,492627,221694,755,11,0,0,36,No,Rent,0
64,657175,104385,562,9,2,34055,36,No,Mortgage,0
28,281722,1224586,712,13,5,13810,48,No,Own,1
55,359081,894589,559,4,1,21632,36,Yes,Own,1
35,687151,707772,660,9,4,42346,84,No,Rent,0
34,814189,554681,643,14,2,25941,60,No,Rent,0
42,1074458,567570,563,5,0,17486,48,No,Own,0
51,573668,333132,772,8,0,40997,12,No,Mortgage,0
64,154554,721740,656,30,3,40757,24,No,Rent,1
45,841524,451585,639,30,2,35476,36,No,Rent,0
32,921312,94591,507,10,5,23880,24,No,Own,0
33,150000,588706,783,12,4,23470,12,No,Rent,1
46,818408,492667,815,3,3,32161,60,No,Rent,0
23,722155,500225,755,2,3,24133,36,No,Mortgage,0
32,1634114,636892,676,16,4,28312,12,No,Mortgage,1
65,213375,556042,687,10,2,18820,60,No,Rent,0
43,640274,615118,669,25,0,11627,60,No,Rent,0
51,477872,381873,553,26,3,17548,24,No,Rent,1
39,1168701,139573,802,17,3,34420,24,No,Own,0
33,382643,372894,648,9,3,31761,48,Yes,Own,0
22,566900,1089350,735,0,5,47844,24,No,Mortgage,1
63,835181,743959,634,17,2,33537,60,Yes,Mortgage,1
41,378697,504930,533,15,2,23396,84,No,Rent,1
27,353708,700613,570,10,4,48754,60,Yes,Mortgage,1
22,652853,821513,622,8,4,45816,24,No,Own,0
61,709113,1115063,594,24,2,45775,36,No,Own,0
34,722321,431410,711,15,0,14730,84,No,Mortgage,0
36,376598,217786,808,18,1,9453,36,No,Rent,0
48,659281,573414,720,7,2,5172,36,No,Rent,0
33,566173,398230,772,12,2,17755,60,No,Rent,0
53,856970,321317,651,17,3,17644,60,No,Mortgage,0
46,700587,200153,563,14,5,42127,48,No,Rent,1
41,150000,561283,765,13,0,23215,12,No,Rent,1
47,606208,477649,582,27,4,23689,36,No,Own,1
36,683632,149692,761,13,2,25163,60,No,Own,0
54,1363748,402581,553,23,3,32196,60,No,Rent,1
65,561681,248720,680,27,5,26829,12,Yes,Own,0
22,201795,471224,699,5,4,22412,36,No,Rent,1
33,764939,783517,473,15,1,552,48,No,Mortgage,0
41,782081,68387,768,16,2,22321,12,No,Mortgage,0
41,403724,360027,745,20,5,33535,84,No,Mortgage,0
27,233191,717405,632,4,3,22864,60,No,Mortgage,1
54,562937,147547,496,6,2,6867,48,No,Rent,0
35,673673,338296,588,17,2,16553,60,No,Own,0
65,335986,376213,684,9,4,36008,36,Yes,Own,1
41,246174,1125558,794,8,2,16736,36,No,Own,1
41,417795,393899,711,23,0,5340,36,No,Rent,0
53,656652,50000,757,7,0,25009,48,No,Rent,0
60,228702,62030,834,30,5,25575,24,No,Own,0
42,414889,110867,691,5,2,17946,36,No,Mortgage,0
49,340294,669485,787,5,0,426,24,No,Mortgage,0
65,849177,799464,783,2,0,17983,24,No,Own,0
54,207375,637627,654,23,5,26031,60,No,Rent,1
59,1017987,476343,645,19,3,31446,48,No,Mortgage,0
50,943465,462373,561,3,1,8910,60,No,Rent,0
21,714643,50000,779,0,2,3785,36,Yes,Mortgage,0
45,699695,359646,642,30,0,6298,24,No,Rent,0
48,690045,121260,606,14,5,21232,60,Yes,Mortgage,0
59,495733,417704,703,12,0,21848,24,No,Own,0
27,672791,704169,536,6,2,31143,48,Yes,Mortgage,1
35,347204,904464,528,16,3,9561,60,No,Own,1
28,890049,100048,630,14,2,6425,48,No,Rent,0
57,354959,865725,798,20,5,33503,48,No,Rent,1
49,698230,371851,710,18,3,27105,60,No,Mortgage,0
51,176162,1128049,659,1,3,32429,36,No,Own,1
32,445081,589785,695,11,0,20887,36,No,Own,1
58,681903,86739,689,11,0,9798,36,No,Rent,0
25,383645,849896,698,8,3,30818,36,No,Own,1
64,701658,962600,590,6,5,43792,60,No,Own,1
41,730478,730664,725,9,3,40068,84,No,Mortgage,0
35,834635,607732,556,4,1,0,60,No,Rent,0
48,1134029,69778,686,15,0,13539,12,No,Rent,0
21,848249,912074,751,2,4,17514,48,No,Rent,0
59,181805,50000,823,8,3,36038,36,Yes,Rent,0
50,692002,54770,563,3,4,45942,48,No,Rent,1
58,371862,511378,576,5,0,22945,84,No,Own,1
48,308796,867474,548,13,3,36711,24,No,Own,1
39,333720,88730,666,12,1,15714,36,No,Rent,0
23,976726,729244,519,4,1,29873,24,No,Rent,1
30,269024,108939,644,16,2,24914,36,No,Rent,0
31,208661,563905,734,12,5,20835,12,No,Rent,1
57,151158,521813,785,26,4,28741,24,No,Mortgage,1
63,534358,512697,509,23,3,16463,36,No,Rent,1
48,649423,323031,630,25,1,10256,24,No,Rent,0
44,1205988,626894,758,1,0,0,24,No,Own,0
45,1148627,517368,553,3,0,21217,48,No,Own,0
51,1240165,262704,470,10,2,19512,60,No,Own,1
26,474697,668864,649,7,4,44149,60,No,Own,1
30,980535,94254,583,16,5,35672,60,No,Rent,0
53,1291335,406255,648,3,0,16785,60,No,Rent,1
21,522746,419102,743,2,5,40187,60,Yes,Own,1
34,595596,443311,534,19,2,27320,36,No,Rent,0
55,446032,254633,592,27,3,40454,48,No,Own,1
61,711551,50000,788,6,2,19475,60,Yes,Own,0
34,841242,275198,737,14,0,28008,48,No,Rent,0
21,677894,65739,690,6,1,13558,60,No,Own,0
65,843370,771433,756,0,0,18192,24,No,Own,0
56,1012692,50000,688,7,0,27301,24,No,Mortgage,0
35,1061632,411447,558,8,1,28787,60,No,Rent,0
50,910497,176209,753,7,3,34828,36,No,Rent,0
46,725469,450285,498,12,4,33349,48,Yes,Rent,1
36,208409,647426,637,16,1,12918,60,No,Own,1
22,158936,193040,621,5,3,25377,48,No,Rent,1
53,971211,285087,680,21,1,23740,12,No,Mortgage,0
57,1100903,903946,586,6,3,36571,36,No,Mortgage,1
21,719115,244054,738,5,2,14632,24,No,Rent,0
43,857189,435755,585,7,0,23378,60,No,Rent,0
52,532344,785323,660,24,1,24833,48,No,Own,0
61,879839,450652,703,26,4,23503,12,No,Rent,0
57,913500,758273,618,24,1,7110,48,No,Rent,0
49,511307,363967,615,3,5,39458,60,No,Mortgage,1
32,583126,50000,683,11,5,39698,60,No,Mortgage,0
61,550020,1071626,793,6,0,26615,36,No,Mortgage,1
59,988433,491197,788,5,1,20238,60,No,Rent,0
26,426566,1576749,610,9,3,45802,60,No,Rent,1
56,1159407,783287,778,11,1,23095,36,No,Mortgage,0
31,642158,536462,584,13,2,10325,84,No,Own,0
64,724198,428037,742,20,2,650,48,No,Mortgage,0
45,293865,433131,565,19,1,26954,12,No,Rent,1
50,806519,843272,672,31,0,14514,60,No,Rent,0
52,507378,566672,775,21,2,17494,36,No,Rent,0
52,1242686,768443,654,17,1,13965,60,No,Rent,0
49,672230,50000,659,24,1,41631,36,No,Mortgage,0
56,496460,489588,842,13,1,20778,36,No,Rent,0
45,663742,709704,627,3,1,1509,60,No,Own,0
63,195643,50000,722,11,0,21265,36,No,Rent,0
55,285361,553981,621,28,0,6677,60,No,Mortgage,0
35,257452,238873,728,5,0,12409,60,Yes,Own,0
21,698362,863255,421,3,4,14440,48,No,Rent,1
64,1045203,287624,528,7,4,24219,36,No,Rent,0
51,934070,616619,611,25,5,47601,36,No,Own,0
21,1206867,775254,761,4,3,16422,60,No,Rent,0
63,247422,763286,635,20,3,29929,36,No,Rent,1
54,526929,897601,838,26,1,5848,60,No,Rent,0
23,977302,881720,710,2,3,20049,48,No,Rent,0
33,261680,50000,810,18,3,24758,48,Yes,Mortgage,1
34,590013,101289,528,14,4,37810,12,No,Mortgage,0
35,794439,185736,742,16,1,10842,36,Yes,Rent,0
51,722061,50000,656,30,2,37617,36,No,Mortgage,0
50,301433,1049809,838,5,0,27900,60,Yes,Own,1
29,1387430,673334,784,12,0,7650,60,No,Mortgage,0
47,150000,350035,720,14,4,35003,36,Yes,Mortgage,1
46,1170441,490757,707,17,0,28707,48,Yes,Rent,0
40,434931,421028,499,17,1,16642,48,No,Mortgage,1
38,783180,408085,628,1,4,20368,60,No,Mortgage,0
30,342593,781230,756,2,0,15365,36,No,Rent,0
31,564101,391128,791,14,5,30894,12,No,Rent,0
41,828520,430485,658,7,3,20740,48,No,Rent,0
41,366255,83027,707,19,3,27557,48,No,Own,0
64,992090,416013,764,15,2,18557,36,No,Mortgage,0
35,1246535,741445,657,18,4,38354,36,Yes,Rent,0
65,1160087,179054,733,4,4,32387,36,No,Rent,0
47,593266,975070,681,11,1,14989,48,No,Own,0
26,603043,729830,612,11,1,18771,12,No,Mortgage,1
60,1380779,520495,838,17,4,31252,60,No,Mortgage,0
47,176499,563083,783,16,1,28155,36,No,Mortgage,1
32,619261,959975,749,12,1,5443,60,No,Rent,0
35,380842,415683,554,15,2,26424,36,No,Rent,0
65,789663,678592,849,14,1,19887,36,Yes,Rent,0
23,308473,412688,683,9,5,24419,36,No,Rent,0
28,729326,655214,833,10,1,21246,60,No,Rent,0
40,909466,681944,645,2,0,15083,60,No,Rent,0
39,488150,1056529,760,18,5,39595,60,No,Mortgage,0
57,1121376,50000,636,20,5,27414,24,No,Mortgage,0
45,446484,721196,776,25,4,46412,48,Yes,Rent,0
41,960410,880664,850,5,2,30201,84,No,Rent,0
55,753149,574432,466,2,0,32620,48,Yes,Own,1
46,709876,612131,657,7,1,24492,36,No,Rent,0
38,1612892,865368,652,24,3,35645,36,No,Mortgage,0
27,345910,583024,625,11,4,42272,12,No,Mortgage,1
58,933494,50000,678,17,0,7262,60,No,Rent,0
51,1303860,449721,527,10,3,48033,48,No,Mortgage,0
29,645255,675418,654,9,4,39470,84,No,Rent,1
55,733468,517829,507,0,0,30557,48,Yes,Own,1
52,792666,456903,591,30,5,38345,36,No,Rent,1
58,386405,277993,674,1,4,36877,60,Yes,Own,1
45,304690,210358,608,15,4,36472,48,No,Rent,1
46,494389,694670,776,21,5,45506,48,Yes,Rent,1
59,842701,190618,776,29,3,40160,36,No,Rent,0
49,365648,887003,730,12,5,40657,60,Yes,Own,1
50,637899,80488,690,27,3,41660,36,No,Mortgage,0
30,550911,867116,597,14,2,34777,60,No,Rent,1
54,1258943,761758,850,11,3,29897,36,No,Own,0
47,567782,726984,850,22,3,18248,36,No,Rent,0
36,880330,451155,736,12,4,19468,60,No,Mortgage,0
64,430126,150607,756,20,3,40348,60,Yes,Own,0
36,484783,886793,691,9,0,0,60,No,Own,0
30,549375,685154,592,10,3,14695,12,No,Mortgage,1
31,707335,488362,704,13,2,8850,60,No,Own,0
46,595010,134036,655,10,4,24306,36,No,Mortgage,0
26,973256,303131,836,8,5,41810,36,No,Own,0
58,448236,471948,772,10,2,11333,60,Yes,Rent,0
65,1160978,643256,793,27,3,35206,48,No,Mortgage,0
37,989036,899210,634,20,2,24686,36,No,Mortgage,0
60,654637,311620,755,0,2,27205,48,No,Rent,0
41,1233111,495900,724,18,2,27020,48,Yes,Rent,0
24,822307,526850,671,5,0,14686,24,No,Mortgage,0
54,512215,933627,662,25,2,20500,36,No,Rent,0
46,264858,511714,593,18,3,25598,12,No,Rent,1
46,1584750,449503,656,10,5,35744,48,No,Mortgage,0
45,757656,440772,578,22,0,25182,60,No,Mortgage,0
36,582777,443708,639,2,0,13140,24,No,Rent,0
57,643239,50000,747,6,1,22514,48,No,Rent,0
57,751931,167138,678,17,1,36335,84,Yes,Mortgage,0
33,470809,370747,774,17,3,39375,60,No,Mortgage,0
24,591609,623779,698,5,5,21227,12,Yes,Mortgage,0
65,863175,751188,659,8,4,34925,48,No,Own,0
45,546755,213625,849,9,1,18360,12,No,Rent,0
31,150000,1518962,630,11,2,13678,36,Yes,Rent,1
37,719767,357999,623,15,0,7104,36,No,Own,0
47,861344,840103,509,27,1,23891,12,No,Rent,0
33,369836,447374,801,14,2,17680,48,Yes,Rent,0
33,906137,105064,666,4,3,20615,24,No,Own,0
53,272499,531231,623,29,2,5572,60,No,Mortgage,0
54,930415,435990,711,5,4,31787,84,No,Rent,0
63,308358,720593,742,8,0,18768,36,No,Mortgage,1
58,311454,520926,619,25,1,13267,60,No,Mortgage,0
61,349893,553203,772,22,0,4694,36,No,Rent,0
48,643875,60260,771,8,1,17438,60,No,Own,0
62,583980,50000,460,25,1,22112,60,No,Mortgage,1
47,704939,201149,554,14,4,38053,48,No,Rent,0
38,346525,1089792,750,11,1,13102,36,No,Own,0
36,260571,625433,639,19,1,7437,48,No,Mortgage,1
38,1359071,721885,708,20,0,48423,36,No,Mortgage,0
31,1016803,68322,634,14,0,25368,36,No,Rent,1
63,1256045,835308,558,9,2,27519,60,No,Rent,1
36,570685,1145587,606,13,0,0,60,No,Mortgage,0
29,607791,582156,670,6,1,29218,60,No,Mortgage,0
32,770806,834597,575,13,4,20505,48,No,Rent,1
34,328956,394609,553,13,1,13918,36,No,Rent,1
40,1038378,701675,825,11,4,39673,36,No,Mortgage,0
41,703599,286197,630,14,3,26508,36,No,Mortgage,0
40,565282,242172,737,8,0,1517,36,No,Rent,0
29,764545,793143,566,14,3,24316,48,No,Rent,1
54,607215,181492,451,7,2,10969,48,No,Rent,1
57,946647,375504,584,27,2,19994,36,No,Mortgage,0
28,741163,973488,702,7,4,20230,60,No,Mortgage,1
43,893420,65154,705,2,2,28151,36,No,Own,0
52,514642,774602,730,12,1,20924,60,No,Own,0
30,755744,322906,639,11,5,29759,60,No,Mortgage,0
23,367488,797034,850,4,1,10531,60,No,Own,0
56,1072702,700285,704,13,0,28478,24,No,Mortgage,0
64,378702,551102,717,9,0,3173,36,No,Rent,0
50,1216025,611713,674,29,0,17599,60,Yes,Rent,0
22,914891,493361,597,4,1,20036,84,No,Own,0
32,357832,599584,740,8,1,25418,60,No,Rent,1
36,393635,762898,696,16,5,50159,24,No,Rent,1
64,150000,74997,652,12,4,32324,36,No,Mortgage,0
33,892602,714578,595,14,0,6991,36,No,Rent,0
65,752904,1304459,493,14,4,28017,36,Yes,Rent,1
37,1153365,318165,589,10,0,18170,48,No,Own,0
43,527871,68199,681,15,4,40766,60,No,Mortgage,0
45,155848,65735,407,2,0,14168,36,No,Own,1
25,896284,616851,777,12,4,45400,36,No,Rent,0
61,150000,740391,665,13,2,18775,36,No,Rent,1
53,516532,199140,633,32,5,12229,48,Yes,Rent,0
40,1024201,753585,648,17,3,18575,60,No,Own,1
26,769291,177170,585,9,0,19819,36,No,Rent,0
37,699045,744648,622,19,3,31254,36,No,Rent,0
53,150000,595352,631,15,4,21284,36,No,Own,1
39,1102261,190098,809,15,4,38118,24,No,Own,0
64,634990,590064,740,7,1,23962,48,No,Rent,0
37,569404,654713,594,17,3,4587,36,Yes,Mortgage,1
65,235233,645294,850,21,3,31146,60,No,Mortgage,1
47,1149645,1031564,850,29,2,2977,24,No,Rent,0
42,988723,651831,559,11,3,51210,60,No,Own,0
35,199091,758856,778,11,1,30970,60,No,Rent,1
44,687869,827825,675,5,1,7553,60,No,Own,0
43,987251,329894,526,16,3,16803,36,No,Rent,0
65,317669,851256,755,6,0,3483,36,No,Mortgage,1
37,945820,357626,587,19,2,18588,36,No,Rent,0
56,1403275,570603,795,26,1,22004,60,No,Rent,0
57,162857,50000,839,6,3,33876,36,Yes,Rent,1
60,473114,809593,654,21,3,48390,36,No,Rent,1
22,207125,177188,636,2,2,23118,48,No,Rent,1
28,740435,655631,616,9,3,50141,24,Yes,Mortgage,1
49,150000,152282,786,19,1,11703,24,No,Own,0
45,977276,376984,705,24,2,17786,24,No,Rent,0
49,704923,50000,756,23,3,30964,36,Yes,Own,0
61,873624,411405,802,19,0,4413,48,No,Mortgage,0
49,759417,918578,786,12,5,16270,48,Yes,Rent,0
27,987596,217293,600,5,4,40242,84,No,Rent,0
65,854630,569703,812,8,4,28486,36,No,Own,0
33,429561,685082,600,4,1,13781,36,No,Mortgage,0
64,219507,1109770,824,5,0,12877,60,Yes,Own,1
61,966083,623322,711,2,2,19023,36,No,Mortgage,0
42,1043675,842168,680,16,1,20700,60,No,Own,1
63,1004158,1136742,645,30,3,13127,60,No,Rent,0
59,905115,670924,532,1,0,7040,60,Yes,Mortgage,0
43,1216343,263590,664,25,1,17812,12,No,Rent,0
41,505970,398812,727,15,4,13124,24,No,Own,0
61,1103928,1099381,676,29,2,19094,60,No,Rent,0
62,150000,435279,737,21,5,17960,24,No,Mortgage,1
36,389030,856142,554,18,2,3802,60,No,Own,1
42,548106,768075,816,10,3,27776,60,No,Mortgage,0
55,321945,948768,760,21,1,7173,60,No,Mortgage,0
43,1017713,292162,590,18,2,34334,60,No,Own,0
64,621622,483961,634,27,5,30717,36,No,Own,0
28,471529,299358,514,11,1,4082,24,No,Rent,0
62,741948,976579,667,26,3,22482,24,No,Rent,0
39,150000,124608,699,20,2,20421,36,No,Rent,0
65,1083445,952897,668,10,5,29256,60,No,Mortgage,0
28,863524,759920,586,9,3,24378,36,No,Own,0
37,299655,611721,614,17,5,30288,60,No,Rent,1
54,933585,283290,696,21,1,20706,12,No,Mortgage,0
39,833579,340523,670,21,3,20140,36,Yes,Rent,0
43,710757,764538,496,19,5,33043,36,No,Rent,1
41,738041,368793,527,17,3,32765,36,No,Mortgage,0
21,711137,261082,744,1,3,18311,24,No,Rent,0
29,576637,406475,759,14,2,15643,60,No,Rent,0
65,382004,1052211,722,4,5,33867,84,Yes,Rent,0
51,496843,772402,850,20,1,9174,60,No,Own,0
56,372778,465897,661,25,0,10131,60,No,Rent,0
37,759542,381126,707,18,0,18938,84,No,Mortgage,0
61,220829,658828,651,11,3,25017,84,No,Mortgage,1
53,1311301,164078,710,29,5,20340,60,No,Rent,0
47,303470,343713,649,12,2,23023,12,Yes,Mortgage,0
22,184288,406662,605,4,4,45766,60,No,Rent,1
34,270748,119290,777,15,4,26549,48,Yes,Mortgage,0
23,567509,1177332,741,1,5,37427,24,No,Mortgage,0
54,1220738,50000,680,24,3,39221,12,No,Rent,0
43,1263775,485922,592,14,4,35529,24,No,Mortgage,0
37,201220,597957,623,14,1,13255,48,No,Mortgage,1
43,376341,360847,665,24,0,949,36,No,Rent,0
21,150000,119879,714,4,5,31822,60,No,Own,0
50,374686,562913,824,23,2,21848,60,No,Mortgage,0
33,150000,680706,756,16,5,40319,48,No,Own,1
27,992113,692007,676,7,0,5061,60,No,Own,0
63,150176,717858,662,19,4,31042,36,No,Rent,1
45,775240,570705,663,5,1,27358,36,No,Rent,0
57,374701,1069055,612,5,1,18267,24,No,Own,1
49,868986,664932,666,9,0,20331,12,No,Rent,0
40,483181,1049150,651,13,4,29447,48,No,Rent,1
51,859185,211859,657,30,4,30326,60,No,Rent,0
40,825956,856491,762,16,0,6332,36,No,Mortgage,0
58,729475,156256,586,13,2,22464,24,No,Rent,0
47,757201,543161,850,11,1,12147,36,No,Rent,0
52,1250257,618776,850,1,3,21741,24,No,Own,0
41,735563,503489,635,14,2,27996,36,No,Rent,0
38,754130,793183,622,20,4,33766,36,No,Rent,0
56,161183,59932,488,17,1,0,48,No,Mortgage,0
64,748859,434203,633,15,5,44756,48,No,Mortgage,0
45,540690,724998,744,23,2,8642,60,No,Rent,0
41,1081179,525966,624,8,1,28682,36,No,Mortgage,0
40,1682863,78180,837,2,2,20599,12,Yes,Rent,0
25,873190,551315,784,6,5,23251,84,No,Own,0
52,411919,567999,778,1,0,24172,36,No,Rent,0
44,672456,457190,710,18,2,6028,60,Yes,Rent,1
47,836640,319359,463,0,4,23513,60,No,Own,0
42,300969,1064475,637,27,3,15038,36,Yes,Mortgage,1
55,1309779,992447,808,19,5,39315,60,No,Own,0
44,819015,477284,499,8,5,31943,48,Yes,Rent,1
28,1175643,370671,620,11,4,26301,12,No,Own,1
59,1155067,925237,657,5,3,26761,48,No,Rent,0
32,825867,723146,730,6,0,3774,60,No,Mortgage,0
45,664658,988851,665,27,5,48845,60,No,Rent,1
58,672688,759644,644,13,2,44980,60,Yes,Own,1
65,1256505,696366,655,12,5,46884,60,No,Rent,0
26,880791,841342,547,8,1,31075,60,No,Rent,0
30,527570,703221,594,6,2,23354,36,No,Mortgage,0
51,1062566,197211,821,20,3,30488,48,No,Mortgage,0
39,445979,356399,796,0,1,18038,36,No,Rent,0
51,644251,749915,850,18,1,5841,60,No,Own,0
23,590852,521432,675,6,1,18744,60,No,Rent,0
47,744296,720504,623,6,0,27982,36,No,Rent,0
29,1450948,673351,567,5,1,16444,60,No,Mortgage,0
29,645020,454681,598,9,0,15622,60,No,Mortgage,0
54,715437,1098702,681,16,1,24139,36,No,Own,0
62,867951,576442,671,14,1,29271,36,No,Mortgage,0
55,483851,54567,619,13,2,25543,48,No,Rent,0
44,801879,50000,614,28,2,2988,36,No,Rent,0
48,862777,215195,728,7,1,30759,36,No,Rent,0
56,735039,127933,655,26,1,20382,12,No,Own,0
36,229070,748737,558,17,3,28467,36,No,Mortgage,1
54,798476,543660,601,11,5,45210,36,No,Rent,0
31,474595,116004,608,0,5,42329,84,No,Own,1
31,150000,976320,736,16,4,29449,36,Yes,Mortgage,1
44,1432201,886661,757,22,3,28201,36,No,Own,0
28,861129,533346,710,12,2,13823,24,No,Mortgage,0
50,921889,770573,710,14,4,27453,48,No,Own,0
29,210645,1017419,532,9,1,16756,48,No,Rent,1
33,660899,592464,633,11,1,839,36,No,Rent,0
51,1121703,345073,784,24,1,877,60,Yes,Mortgage,0
32,914747,50000,628,14,2,20693,36,No,Rent,0
34,198280,576551,671,11,2,16867,60,No,Rent,1
42,1046413,905094,714,17,1,30522,24,No,Rent,0
37,461146,391875,787,18,3,38470,60,No,Mortgage,0
54,723304,117802,845,4,5,33523,24,Yes,Own,0
35,724651,347049,611,0,4,24194,60,No,Mortgage,0
30,910998,68080,693,15,0,10336,48,No,Rent,0
51,776324,221682,704,26,3,26057,60,No,Rent,0
57,619956,53398,800,7,0,21411,60,Yes,Own,0
58,150000,1101489,560,1,0,15626,24,Yes,Rent,1
21,369164,634656,666,2,5,26411,24,No,Rent,1
42,940293,232680,576,21,1,33976,60,No,Own,0
30,548510,968984,701,5,0,11074,12,No,Own,0
43,550202,70478,584,11,5,25443,60,Yes,Mortgage,0
49,665499,67237,699,30,3,15433,60,Yes,Mortgage,0
48,782136,717936,681,29,0,12698,36,Yes,Rent,0
46,150000,400300,734,22,4,15656,36,No,Mortgage,1
38,1090548,296047,758,6,5,32873,48,No,Rent,0
28,643573,253771,790,4,3,47906,60,Yes,Rent,0
65,834458,50000,628,5,2,11989,60,No,Rent,0
43,377725,857467,611,4,5,50553,60,No,Rent,1
49,1003880,485117,576,16,4,62194,36,No,Rent,1
56,702902,101755,681,22,1,24759,12,No,Own,0
45,561782,699361,738,23,3,8029,60,No,Rent,0
46,992543,370595,612,11,5,36772,48,No,Rent,0
47,581305,760741,657,16,4,35159,36,No,Rent,1
61,1294181,879717,603,19,3,30875,48,No,Rent,0
50,660759,670459,570,32,5,25883,24,No,Own,1
52,515248,481415,668,19,3,5858,36,No,Own,0
54,564604,833997,663,27,1,25539,36,No,Rent,0
52,497930,612205,820,14,2,20529,60,No,Rent,0
48,203349,843262,696,16,4,35946,60,Yes,Own,1
43,1016267,61688,725,0,2,26404,36,No,Own,0
64,150000,50000,649,16,0,14211,24,No,Mortgage,0
40,964843,275998,611,21,1,29358,60,No,Own,0
64,577597,671617,761,26,0,9858,60,No,Rent,0
58,1104523,554611,607,29,5,20959,60,No,Mortgage,0
50,965214,684646,636,21,1,4940,60,No,Rent,0
46,1239697,428485,490,15,3,47425,48,No,Mortgage,0
43,1003970,779967,675,17,3,20492,60,No,Own,0
49,519140,356678,743,15,4,29948,24,No,Own,0
41,513741,521647,627,19,5,26842,24,No,Own,1
31,661870,1202499,526,13,1,8473,12,No,Mortgage,1
39,327022,68544,673,24,3,38408,36,No,Rent,0
44,1334987,537259,485,9,3,50884,48,No,Mortgage,1
43,762595,50000,841,0,0,23062,60,No,Mortgage,0
31,406336,415095,650,11,3,32612,48,Yes,Own,0
27,601761,50000,787,8,1,15947,60,No,Rent,0
50,742951,403640,691,5,0,7885,60,No,Rent,0
53,1222669,448298,744,4,0,13893,12,No,Mortgage,0
44,1059378,141113,705,0,3,25182,36,No,Own,0
23,480563,529700,726,4,4,45912,60,Yes,Own,1
62,684544,426038,695,25,2,35622,60,No,Rent,0
27,281204,1257562,641,10,5,31122,60,No,Rent,1
45,969640,882933,834,8,1,25365,84,No,Rent,0
60,1144437,782371,507,3,1,11586,36,No,Rent,0
44,708382,683813,468,24,5,35112,36,No,Rent,1
43,150000,168002,619,21,5,13544,60,No,Rent,0
45,226400,383269,762,21,4,14195,36,No,Mortgage,0
48,496997,207919,544,28,3,22992,48,No,Mortgage,0
30,1098129,593760,720,3,4,25434,36,No,Own,0
38,710219,231181,648,20,5,34790,60,No,Mortgage,0
25,1225793,746471,652,0,4,25265,60,No,Own,0
42,662165,50000,844,0,1,22540,60,No,Mortgage,0
36,391116,371615,623,9,3,29308,48,Yes,Own,1
58,797246,247551,775,0,3,25904,60,No,Own,0
46,438080,908074,763,17,4,34377,60,No,Rent,0
33,638267,68285,673,8,5,47111,60,No,Mortgage,0
65,668392,500326,636,23,3,52978,36,Yes,Rent,1
35,442960,896150,718,11,4,28437,48,No,Rent,1
42,490928,716638,823,5,3,27419,60,No,Mortgage,0
27,340554,1327912,628,11,5,35984,60,No,Rent,1
23,630772,339480,719,3,5,20775,36,No,Own,0
29,801615,276716,838,11,3,17214,48,No,Rent,0
52,364849,539253,696,12,3,28688,36,No,Own,0
47,740081,185282,833,8,1,21027,36,No,Mortgage,0
45,492724,130705,636,17,2,15829,60,No,Rent,0
42,729988,690550,699,2,1,11060,48,No,Mortgage,0
31,534585,466675,618,10,5,63550,60,No,Own,1
48,892675,621125,505,22,3,27841,48,No,Own,0
43,214993,59910,642,26,3,30956,48,No,Rent,0
45,387552,172318,825,28,3,11420,60,No,Mortgage,0
42,442989,50000,704,4,4,25355,36,No,Rent,0
52,695552,109624,703,6,1,16657,60,No,Own,0
36,879367,593666,632,15,2,26169,60,No,Rent,0
53,755526,701507,683,12,0,20155,36,No,Rent,0
57,877596,500602,527,20,4,34158,12,Yes,Mortgage,1
46,513474,50000,674,8,3,0,60,No,Own,0
49,150979,748353,716,9,3,9230,60,No,Mortgage,1
38,593525,384929,780,7,0,28941,60,No,Own,0
62,1086710,1134887,564,1,4,7043,60,Yes,Rent,0
24,981843,563405,746,5,4,22250,84,No,Own,0
43,905192,955019,788,16,0,12557,84,No,Own,0
61,150000,1114313,795,2,5,21905,48,No,Rent,1
21,662572,623364,850,3,2,0,24,No,Own,0
49,363911,819067,688,12,3,33380,60,No,Mortgage,1
27,586610,309848,636,4,3,16866,48,Yes,Mortgage,1
58,1053892,839478,735,29,3,29530,36,No,Rent,0
29,489370,800443,796,0,4,25086,84,No,Rent,0
59,915424,660655,601,12,2,29407,36,No,Mortgage,0
35,807694,370105,546,8,2,26391,36,No,Rent,1
50,386733,590824,645,24,1,26933,84,Yes,Own,1
35,580079,558188,653,3,5,39522,60,No,Mortgage,1
46,719492,277479,704,9,5,44214,24,No,Own,0
54,967431,400436,615,32,3,21107,36,No,Mortgage,0
54,1281206,981200,794,18,4,39075,60,No,Own,0
61,1033241,566969,616,30,3,25372,60,No,Mortgage,1
41,664580,317404,503,28,2,11304,12,No,Mortgage,0
45,1205328,927364,850,26,1,4067,24,No,Rent,0
33,1233217,275339,647,18,1,26417,48,No,Rent,0
65,212385,352941,675,0,1,37392,24,No,Rent,1
65,617180,498367,568,23,3,55562,36,Yes,Rent,0
38,736716,764183,642,21,4,29936,36,No,Rent,0
58,1083322,50573,606,14,5,44825,48,Yes,Own,0
27,1008689,509986,744,8,0,9083,36,No,Mortgage,0
61,154648,373768,712,27,0,20242,24,Yes,Own,1
33,583489,386954,662,6,3,12402,36,No,Mortgage,0
54,382977,1046884,843,9,2,32932,60,Yes,Own,1
52,1446815,1188467,647,17,4,23296,60,No,Rent,1
65,657157,406350,619,15,5,41268,48,No,Mortgage,1
53,846243,751911,515,24,3,29513,36,No,Own,0
55,663409,191661,850,9,5,26080,24,Yes,Own,0
33,1702938,680541,718,15,5,31771,12,No,Mortgage,0
65,460654,115816,682,17,3,13810,36,No,Own,0
49,854584,142031,680,28,5,26792,60,No,Rent,0
48,697090,585670,731,8,2,6349,36,No,Rent,0
39,1048699,362591,646,5,0,15145,48,No,Own,0
58,578186,546696,693,16,0,3188,60,No,Rent,1
48,899840,207309,675,27,3,27336,60,No,Rent,0
59,1126977,523506,568,28,4,20553,60,No,Mortgage,0
31,667723,430729,584,12,2,14858,60,No,Mortgage,1
42,1257664,872745,664,23,5,37523,60,No,Own,0
54,352287,1052431,850,6,0,30609,60,Yes,Own,1
24,700648,649875,612,8,5,37880,48,Yes,Mortgage,1
28,243258,418756,758,12,4,30489,24,No,Rent,0
29,1623646,377836,726,8,1,10742,36,No,Rent,0
39,724444,485430,744,17,1,13727,36,No,Mortgage,0
21,1354400,249064,600,5,0,21306,84,No,Rent,0
34,685226,648607,627,3,5,41945,36,No,Rent,0
46,628181,234347,840,9,0,16131,12,No,Rent,0
47,642474,943931,515,27,4,34316,36,No,Own,1
60,862806,251541,667,2,0,18899,36,No,Own,0
32,787883,613206,591,2,4,36779,36,No,Rent,0
29,168444,1524687,626,13,1,21404,36,Yes,Rent,1
52,351551,449246,813,1,3,22298,36,No,Rent,0
65,1004010,937203,730,7,2,20922,12,Yes,Own,0
51,1231904,493098,640,11,4,23708,60,No,Rent,0
22,405476,1298283,709,0,4,17726,48,No,Own,1
65,937884,462371,654,19,5,45617,48,No,Rent,0
57,1157170,408997,610,8,3,33066,36,No,Rent,0
65,791009,1073553,687,17,4,21196,24,No,Rent,1
46,597298,994722,635,4,3,27479,60,No,Rent,1
25,583652,656496,736,9,2,20019,12,Yes,Mortgage,0
57,664109,395353,657,23,3,23067,84,No,Rent,0
36,351687,819017,640,19,4,43104,36,No,Mortgage,1
37,718690,548796,741,20,3,19138,36,No,Mortgage,0
44,481473,50000,653,9,1,0,60,No,Own,0
39,1072413,343504,776,6,5,27912,48,No,Rent,0
42,792763,658941,695,5,3,7645,48,No,Mortgage,0
52,726092,447320,731,18,0,15817,24,No,Rent,0
52,1274661,603946,644,31,1,15956,60,Yes,Rent,1
22,1385097,547039,676,1,3,37781,12,No,Own,0
22,1154693,389464,610,3,3,24814,84,No,Own,0
33,1643641,657136,737,16,5,26264,12,No,Mortgage,0
65,1022145,1024342,613,8,2,11197,84,No,Mortgage,1
47,915189,611240,579,22,2,20664,48,No,Rent,0
36,923317,685075,525,16,2,5639,36,No,Rent,0
50,864638,325560,813,7,4,17769,36,No,Mortgage,0
56,263534,589076,643,26,2,9767,60,No,Mortgage,1
25,1293324,94945,752,1,5,34022,36,No,Rent,0
51,729104,310216,610,32,1,11757,24,No,Rent,0
56,902021,680146,701,13,2,27955,24,No,Mortgage,0
43,830379,204145,520,18,5,39475,48,No,Rent,0
31,470918,906180,607,8,4,25887,36,No,Rent,0
44,748645,54725,607,22,0,15183,12,No,Own,0
42,940806,836844,515,19,3,23341,36,No,Mortgage,1
63,667134,283913,502,12,1,24658,24,No,Own,0
34,520906,103001,604,0,5,47206,84,No,Own,0
41,799342,1029676,599,12,0,17008,24,No,Rent,1
49,676250,773759,717,14,5,37799,84,No,Rent,0
61,767767,458873,624,13,0,3508,60,No,Mortgage,0
59,677449,140748,660,30,5,27578,84,No,Rent,1
37,683784,82386,754,0,5,45145,36,No,Rent,0
37,967059,542250,707,7,1,14380,24,Yes,Rent,0
32,598204,858564,646,10,1,35203,60,No,Rent,0
53,769757,325504,791,0,4,27229,60,No,Own,0
61,500800,124650,743,7,1,12311,36,No,Rent,0
27,995722,246306,594,12,1,20557,24,Yes,Rent,0
36,150000,723632,709,17,5,36272,48,No,Own,1
37,1183146,606635,778,19,2,24796,24,No,Rent,0
46,386422,392086,641,23,4,15513,60,No,Rent,0
54,393893,501798,591,30,0,4275,48,No,Own,0
64,825304,593620,654,31,0,16618,60,No,Own,0
29,269216,803380,759,0,0,14945,36,No,Rent,0
62,384714,773753,561,5,4,33256,12,No,Rent,1
43,777003,166135,769,22,4,30108,36,No,Rent,0
50,686257,554189,746,5,3,6056,36,No,Rent,0
55,877891,281192,798,0,3,20345,60,No,Own,0
40,379181,104757,661,19,3,37791,36,No,Rent,0
27,903019,635492,705,2,4,30721,48,No,Rent,0
57,1208459,872703,519,15,5,32910,36,No,Own,0
53,1563107,813197,697,21,0,24680,24,No,Rent,0
43,914739,157543,821,1,1,8219,60,No,Rent,1
30,218837,796071,530,12,1,34273,60,No,Mortgage,1
40,380333,825397,611,22,1,27692,36,No,Mortgage,1
47,568068,673368,830,23,3,10564,36,No,Rent,0
22,563753,1123446,721,1,5,40173,24,No,Mortgage,0
33,1111956,605970,701,2,3,27935,36,No,Own,0
61,150000,437249,585,21,3,15173,60,No,Rent,1
23,568071,203054,652,6,3,18255,48,Yes,Mortgage,0
21,672841,862863,416,7,5,24138,48,No,Rent,1
62,667805,971126,785,15,1,5111,60,No,Rent,0
36,888191,435003,710,13,4,30988,48,No,Mortgage,0
50,1287518,195498,727,29,5,20504,60,No,Rent,0
50,211840,351022,850,20,2,19887,36,No,Own,0
36,757370,50000,599,16,1,1894,84,Yes,Own,0
23,301365,50000,547,3,3,38213,12,No,Rent,1
24,889475,897706,785,6,3,19055,60,No,Own,1
36,776065,939612,401,8,0,14751,60,No,Rent,1
50,600316,719336,672,25,1,1238,12,No,Rent,0
43,717995,392922,532,21,1,31668,36,No,Mortgage,0
50,621803,870177,610,15,5,37043,24,No,Mortgage,1
40,532975,90766,671,8,1,0,60,No,Own,0
39,290308,610656,664,9,1,26327,60,Yes,Rent,1
54,530681,771637,850,19,2,11033,60,No,Own,0
48,154439,295440,628,30,1,10866,60,Yes,Rent,1
44,646379,1152891,513,5,5,47235,24,No,Rent,1
49,505813,351969,656,18,4,33764,48,No,Rent,0
30,643334,968756,683,14,4,32284,36,Yes,Mortgage,1
47,680016,743869,624,5,0,3679,60,No,Own,0
48,885545,669536,667,11,2,40315,36,No,Mortgage,0
27,342641,631811,577,9,2,32344,36,No,Rent,1
55,446201,464565,592,9,5,43684,36,No,Rent,0
65,209341,655276,850,20,4,28161,60,No,Mortgage,1
41,766212,670765,660,1,2,10168,48,No,Mortgage,0
47,1038336,381945,501,19,1,35874,36,No,Rent,0
51,718381,679156,653,10,0,19146,36,No,Rent,0
61,975066,50000,664,9,1,28416,24,No,Mortgage,0
59,327634,810443,566,8,4,33160,12,No,Rent,1
26,969913,578683,611,4,2,21406,84,No,Own,0
34,1182463,123738,618,14,3,36763,12,No,Own,0
47,544461,789935,850,21,1,4667,60,No,Own,0
32,859630,147451,850,7,4,14291,48,No,Rent,0
32,852385,585936,679,12,4,41672,60,No,Own,1
56,733357,50000,783,5,5,18127,48,No,Mortgage,0
57,625590,54685,647,20,5,15717,60,No,Mortgage,0
46,1216271,1034604,847,26,1,7121,24,No,Rent,0
65,920022,655070,490,0,0,6067,60,Yes,Mortgage,1
45,629834,676497,671,28,1,7763,60,No,Rent,0
34,866836,565843,665,16,5,37192,36,No,Mortgage,0
51,732023,488559,708,19,0,10393,24,No,Rent,0
45,507713,50000,677,1,1,10998,84,No,Own,0
21,1255746,711184,643,2,3,23420,60,No,Own,0
50,1230704,645375,829,1,2,19715,24,No,Own,0
59,382123,655387,594,8,0,14027,36,No,Rent,1
51,1384367,530043,662,11,5,27654,60,No,Rent,0
65,1205477,952213,616,0,5,29240,60,No,Own,0
29,1105677,412291,731,12,0,14380,36,No,Mortgage,0
45,872103,459193,839,5,1,27750,60,No,Rent,0
25,721493,732463,850,6,2,1066,24,No,Own,0
32,257743,407533,529,15,1,11589,36,No,Rent,0
54,368070,477727,573,30,0,9977,48,No,Own,0
28,560997,456806,639,11,1,15939,60,No,Mortgage,0
61,431338,276598,732,17,4,18258,48,No,Mortgage,0
23,769273,609132,723,7,3,32301,48,No,Rent,0
33,568399,1081312,699,1,5,37301,60,No,Rent,1
38,928747,658105,471,9,0,15885,48,No,Own,1
39,418419,157401,780,7,3,26986,36,No,Rent,0
53,202698,340659,817,19,2,22618,36,No,Own,0
51,1262586,436998,643,0,2,20196,60,No,Rent,0
53,855426,302576,659,17,2,17765,60,No,Mortgage,0
36,266436,781697,640,18,4,46992,36,No,Mortgage,1
34,558634,739522,768,5,0,7475,60,Yes,Rent,0
36,334594,635819,769,16,2,27592,12,No,Own,0
33,607698,532908,585,17,0,4157,84,No,Own,0
56,420028,387700,759,11,0,27347,36,No,Own,0
54,569041,1206411,566,8,5,22035,60,Yes,Rent,1
24,647044,50000,710,4,5,14749,60,No,Own,0
60,799791,69425,517,18,5,45847,60,No,Own,0
21,549042,719852,631,8,4,41953,60,No,Own,1
50,926176,650255,678,9,0,21558,12,No,Rent,0
27,464803,546986,840,10,3,34135,84,No,Rent,0
54,156049,279133,697,27,0,0,48,No,Mortgage,1
48,1149082,658811,628,32,2,20082,36,No,Mortgage,0
38,361155,712630,580,24,1,0,60,Yes,Mortgage,0
29,734560,812673,572,11,2,20178,48,No,Rent,0
46,559878,81234,765,22,4,8795,24,No,Rent,0
26,588567,627468,694,11,4,40519,84,No,Rent,0
29,525237,352056,728,12,4,20193,60,No,Rent,0
57,942730,742087,623,25,0,8263,48,No,Rent,0
50,995381,54726,607,1,2,20786,36,No,Rent,0
49,851348,256455,708,10,5,37922,24,No,Own,0
60,805562,59543,645,13,1,7655,12,No,Rent,0
39,504848,427574,582,8,4,27650,48,No,Rent,0
62,1025919,785925,566,7,4,34576,60,Yes,Rent,0
42,1025799,693647,692,18,2,16602,60,No,Own,0
35,808326,282273,732,14,1,28794,48,No,Rent,0
54,968184,566728,803,3,3,25255,60,No,Rent,0
62,922318,50000,678,1,1,14639,60,No,Rent,0
61,1560433,50000,667,28,5,29972,48,No,Rent,0
47,150000,193735,780,24,0,9064,24,No,Own,1
25,738329,967946,674,10,3,20598,60,No,Mortgage,0
37,203292,718235,649,12,0,12161,60,No,Mortgage,1
48,727416,992933,563,17,3,27077,36,No,Mortgage,1
29,889306,647686,810,11,4,43130,36,No,Rent,0
21,481570,479340,750,4,3,42149,60,Yes,Own,0
42,674042,50000,752,0,5,27168,60,No,Mortgage,0
22,155826,688311,563,2,2,17820,36,Yes,Rent,1
45,162349,233523,766,22,2,10758,24,No,Own,0
35,919748,565315,686,13,4,40852,36,No,Mortgage,0
47,586343,950514,566,28,2,16679,12,No,Mortgage,1
44,947384,1367877,638,16,2,7622,36,Yes,Rent,0
60,793642,407145,737,18,1,35601,24,No,Own,0
26,227270,101359,664,5,5,29197,24,No,Rent,0
30,604992,122015,710,8,4,38826,48,No,Mortgage,0
24,254808,644311,701,9,5,31295,24,No,Rent,1
39,539153,230380,724,13,1,4896,36,No,Rent,0
35,839417,895637,402,8,1,9745,60,No,Rent,1
50,629917,322663,666,29,0,10899,24,No,Rent,0
28,802041,50000,805,13,3,34040,36,No,Rent,0
54,681027,894678,846,24,2,20760,24,No,Mortgage,0
33,760873,285873,758,12,0,35194,48,No,Rent,0
37,1221951,688573,738,17,3,15702,24,No,Rent,0
42,745131,693240,701,5,2,14132,48,No,Mortgage,0
51,1292027,822770,696,20,2,23104,24,No,Mortgage,0
52,460646,229571,589,26,2,38519,48,No,Own,0
35,504813,370197,698,7,0,2724,36,Yes,Own,0
36,329799,653339,771,13,3,22938,12,No,Own,1
65,226683,637723,848,18,3,29858,60,No,Mortgage,1
36,982433,483334,670,8,0,18086,36,No,Own,0
37,496561,391139,645,9,2,15662,36,No,Mortgage,0
31,420537,452252,621,7,1,33224,48,Yes,Own,1
43,755949,942883,681,24,5,28215,60,No,Rent,1
60,643931,1485447,664,2,4,32313,60,No,Mortgage,0
47,1352766,344064,618,5,1,12648,60,No,Rent,0
45,492428,669582,816,22,5,39860,48,Yes,Rent,0
38,906773,674879,616,4,0,11352,60,No,Rent,0
48,374091,890296,794,16,5,36671,60,No,Rent,1
35,1316546,252193,665,17,1,26831,48,No,Rent,0
46,1132523,941582,843,20,0,3292,12,Yes,Own,0
62,167864,491925,703,27,0,13481,24,Yes,Own,1
21,714915,498212,640,5,5,28969,48,No,Mortgage,0
28,905845,903148,778,7,2,15232,60,No,Own,0
50,150000,543195,790,11,2,31724,36,No,Mortgage,1
55,977124,1126722,556,1,3,7177,60,Yes,Rent,1
63,679459,383408,722,17,2,31191,24,No,Own,0
40,1466055,403993,687,20,0,18128,24,No,Rent,0
45,1223495,628124,644,19,3,26779,48,No,Mortgage,0
59,510062,867774,644,24,4,47713,36,No,Rent,1
26,1082863,409255,710,4,1,9660,60,Yes,Rent,0
35,882676,345489,732,15,4,25669,60,No,Mortgage,0
31,1090648,871146,733,10,1,14742,60,No,Mortgage,0
48,751712,404750,609,21,1,22668,60,No,Mortgage,0
50,372796,628190,743,5,1,3554,24,No,Mortgage,0
24,401167,555164,723,0,3,13244,36,No,Own,0
35,409307,779687,589,19,1,11928,24,No,Own,0
44,1296950,394845,692,13,0,14370,36,No,Rent,0
65,1257914,1067034,772,14,5,46003,36,No,Rent,0
49,456595,511545,506,18,5,26687,84,No,Mortgage,0
46,979425,359075,605,12,5,28999,48,No,Rent,0
56,910534,664542,528,2,0,10203,60,Yes,Mortgage,0
24,500917,205055,838,4,5,35868,36,No,Own,0
24,1035914,337816,632,1,2,25208,84,No,Own,0
46,737583,653932,487,20,4,33640,36,No,Rent,0
32,150000,791091,637,14,1,15907,48,No,Rent,1
40,908671,783883,481,6,2,16123,48,No,Own,0
23,1004075,566156,746,9,5,24015,84,No,Own,0
63,802176,828284,640,11,5,31942,48,No,Own,1
51,1077893,404099,584,1,4,38573,36,No,Mortgage,0
56,510437,579132,760,30,5,34183,36,Yes,Mortgage,1
57,602619,329116,616,9,2,29918,60,No,Rent,0
56,591961,776206,601,13,3,44101,60,Yes,Own,1
54,924345,423688,733,4,2,34016,84,No,Rent,0
56,939483,535764,809,3,2,25311,60,No,Rent,0
42,516058,184544,666,20,4,35511,24,No,Mortgage,0
53,1359203,514040,800,2,4,34676,60,No,Own,0
32,464179,119227,815,15,1,1340,36,Yes,Mortgage,0
59,256462,57593,850,32,5,29646,24,No,Own,0
33,857334,438059,704,18,2,14106,84,No,Mortgage,0
53,657834,877378,818,9,1,22674,60,No,Own,0
42,169748,123151,420,0,0,13859,36,No,Own,1
65,749534,567443,582,0,2,40678,48,No,Rent,1
40,1058186,482143,576,10,2,28608,36,No,Mortgage,0
60,286687,401599,573,4,1,1248,60,No,Rent,0
30,1125966,449378,637,13,4,24283,60,No,Rent,0
62,206362,107828,745,25,0,11182,60,Yes,Mortgage,0
62,600849,50000,830,8,2,18907,60,Yes,Own,0
35,815945,712531,630,17,4,18290,60,No,Own,0
33,418102,813290,805,13,0,10753,36,No,Own,0
48,532250,534112,507,17,5,27231,84,No,Mortgage,1
53,818301,423166,681,34,4,15355,48,No,Mortgage,0
33,291077,85880,681,5,1,27348,36,No,Rent,0
56,978741,585208,850,7,2,26171,60,No,Rent,0
54,566955,175922,654,11,3,26115,24,No,Rent,0
63,235782,759978,639,19,4,31480,36,No,Rent,1
21,497967,1307994,679,3,2,22842,36,No,Own,1
27,448647,364050,623,11,3,37709,48,No,Mortgage,1
44,1061519,391550,579,14,5,57103,36,No,Rent,0
32,889521,50000,699,6,5,29291,24,No,Own,0
21,656433,745117,599,6,4,38720,48,Yes,Mortgage,1
50,700148,338970,742,15,2,37780,60,No,Own,0
41,150000,596433,809,16,2,19132,12,No,Rent,1
51,1244453,437755,820,29,4,48954,12,No,Mortgage,0
59,1072568,820388,733,24,3,35356,36,No,Rent,0
65,150000,68653,654,19,2,20282,24,No,Mortgage,0
40,150000,63713,417,4,0,11349,36,No,Own,1
22,993994,837761,588,7,1,11412,36,No,Rent,1
33,1121261,652457,677,7,2,25085,36,No,Own,0
62,451354,188854,768,11,0,8852,36,No,Rent,0
52,1032727,440886,644,23,0,8580,48,No,Rent,0
32,1329783,793342,603,13,5,32836,36,No,Own,0
47,590497,64160,706,14,1,24153,24,No,Mortgage,0
64,859160,219555,725,18,0,17755,36,No,Rent,0
50,543587,372846,658,5,0,6806,60,No,Rent,0
46,1275149,638249,669,19,5,27584,48,No,Mortgage,0
21,666120,635758,609,5,5,37017,48,Yes,Mortgage,0
35,676309,428742,628,6,4,15879,36,No,Mortgage,1
49,840070,448744,701,32,1,18991,36,No,Rent,0
32,636980,125219,574,17,4,36347,12,No,Mortgage,0
21,162945,257655,738,3,2,3640,36,No,Mortgage,1
21,200237,697521,527,3,1,11849,36,Yes,Rent,1
54,814520,306734,685,17,5,17116,60,No,Mortgage,0
57,1101323,50000,669,26,4,22485,12,Yes,Rent,0
43,622511,1074695,643,13,5,48566,36,No,Mortgage,1
39,518749,437534,655,9,3,16074,36,No,Mortgage,0
52,536794,1213933,581,10,5,22857,60,Yes,Rent,1
44,936420,103861,632,16,0,15391,24,No,Own,0
33,599948,50000,733,16,4,33629,60,No,Own,0
63,1248469,136715,739,5,3,33040,36,No,Rent,0
51,650358,729855,636,27,1,1973,12,No,Rent,0
53,504312,1179565,549,9,5,21765,60,Yes,Rent,1
57,1090311,391309,664,21,5,33550,48,No,Mortgage,0
51,789611,319047,661,16,4,20112,60,No,Mortgage,0
29,1259871,190370,702,6,5,30184,60,No,Own,0
28,1079005,965462,750,14,0,20333,60,No,Mortgage,0
41,220305,57220,762,16,1,13005,24,Yes,Mortgage,0
60,260318,907300,765,17,4,36886,48,No,Rent,1
60,307138,862935,586,6,0,30197,36,Yes,Own,1
28,697563,733278,598,7,5,43180,60,Yes,Rent,1
61,606448,710751,649,4,4,47956,24,No,Own,1
57,349141,537505,841,12,2,26037,36,No,Rent,1
41,400530,1034007,677,11,3,28154,48,No,Rent,1
63,898068,1061950,678,15,3,21211,24,No,Rent,0
34,440583,547137,627,6,3,9862,24,No,Rent,0
54,252648,253236,673,24,0,0,48,No,Mortgage,0
56,729507,874100,683,23,2,24127,36,No,Rent,0
65,581373,221007,629,7,4,38821,84,No,Mortgage,1
40,718777,50000,759,1,5,43659,36,No,Rent,0
26,981237,686787,639,7,0,9459,60,No,Own,0
39,770853,784156,728,20,3,24896,12,Yes,Rent,0
49,998546,53362,564,1,2,21920,36,No,Rent,0
63,1040019,762176,577,8,4,36072,60,Yes,Rent,0
24,678336,903650,603,6,3,44452,24,No,Own,0
28,1334540,644858,704,11,0,4035,60,No,Mortgage,0
50,1297439,651063,850,3,3,19120,24,No,Own,0
37,285543,588207,583,19,0,9359,48,No,Mortgage,0
51,1430285,125863,747,6,4,25552,60,No,Rent,0
39,277353,50000,711,12,3,29516,36,No,Own,0
43,672661,161733,667,20,1,23139,84,No,Mortgage,0
64,150000,678774,623,28,3,34334,24,No,Rent,1
38,279035,122524,719,0,4,28567,36,No,Mortgage,0
33,1402198,171680,677,15,1,1883,48,No,Own,0
48,861119,50000,627,18,3,44194,24,No,Mortgage,0
53,534625,1183035,547,7,4,21411,60,Yes,Rent,1
25,876790,752022,644,13,0,0,36,No,Own,0
54,594340,689886,690,9,2,28508,36,No,Mortgage,0
45,785952,1029274,801,15,0,13913,84,No,Own,0
43,724698,671774,467,17,5,35908,36,No,Rent,1
42,434045,971309,687,9,4,24066,48,No,Rent,1
55,514932,325089,636,9,3,30675,60,No,Rent,0
31,938588,612868,540,15,3,32871,60,No,Rent,1
36,511162,294629,680,17,0,8577,60,No,Rent,0
30,855768,867295,695,2,0,8056,36,No,Mortgage,0
54,882450,715120,509,28,2,22522,36,No,Own,1
22,1143228,61190,755,3,5,12571,36,No,Rent,1
60,1278687,528925,847,17,4,29327,60,No,Mortgage,0
49,1809422,798323,774,11,3,36182,36,No,Rent,0
46,440192,682817,750,4,2,9566,84,No,Rent,1
38,784698,722483,488,5,1,12641,48,No,Own,0
47,1098319,688666,613,30,2,20671,36,No,Mortgage,0
30,1124860,91043,592,11,0,11237,48,Yes,Mortgage,1
53,332004,1152099,850,5,3,29391,60,No,Own,1
27,435510,728835,593,9,4,31227,36,No,Rent,0
22,577262,1292920,698,5,3,22406,36,No,Own,0
46,806452,59241,647,21,0,14463,12,No,Own,0
41,428963,770708,581,21,4,35992,60,Yes,Rent,1
32,687342,999699,775,16,0,9413,60,No,Rent,0
28,704797,59610,702,2,0,9145,60,No,Rent,0
49,1257283,577120,746,0,0,0,24,No,Own,0
32,542670,891001,606,12,2,33232,60,No,Rent,1
34,669636,671608,541,13,0,3366,48,Yes,Rent,0
46,1360437,440346,746,13,0,13006,36,No,Rent,0
28,402110,1354919,656,12,5,35715,60,No,Rent,1
34,496211,736823,624,7,3,24145,36,No,Mortgage,0
22,561495,321922,772,0,1,35580,36,No,Rent,0
54,1139911,339982,795,24,0,0,60,Yes,Mortgage,0
40,296371,200234,795,21,3,31911,60,Yes,Rent,0
22,637637,453224,658,7,3,16786,24,No,Own,0
49,351921,606454,716,14,2,34262,36,No,Own,1
46,804965,343543,745,8,4,43722,24,No,Own,0
24,474860,348612,820,5,0,16939,36,No,Rent,0
53,278626,544084,850,29,4,65937,60,No,Mortgage,1
47,306361,555330,604,21,3,29883,12,No,Rent,1
32,407329,608861,729,13,0,16178,36,No,Own,0
55,1495156,836198,692,19,0,25003,24,No,Rent,0
35,562415,707871,588,16,1,6941,36,Yes,Mortgage,1
29,900793,50000,647,3,3,23547,24,No,Own,0
63,363169,750302,567,4,5,32326,12,No,Rent,1
31,496567,393743,660,8,0,900,36,Yes,Own,0
62,846401,330154,435,9,0,515,48,Yes,Own,1
38,150000,687130,656,11,2,20841,60,No,Rent,1
55,856409,604791,650,15,1,4932,60,Yes,Mortgage,0
57,1161125,261855,780,26,3,0,60,Yes,Mortgage,0
64,645423,1117614,764,12,0,20756,36,No,Mortgage,0
43,380983,537684,580,16,2,19228,84,No,Rent,1
45,410540,1507262,650,4,2,38634,60,No,Rent,1
63,150000,476134,771,9,4,14871,48,Yes,Rent,1
38,286205,426886,549,19,1,27049,36,No,Rent,1
29,925682,343147,570,10,1,24614,24,Yes,Rent,1
34,150000,636179,625,8,3,18557,24,No,Rent,1
53,703593,52519,735,22,3,45310,60,Yes,Rent,0
23,1051155,65770,581,2,2,21472,60,No,Own,0
44,299670,51148,687,9,1,20128,36,No,Mortgage,0
47,246768,292481,647,17,0,0,84,No,Mortgage,0
23,386084,1246352,672,0,3,26314,48,No,Own,1
26,863793,952675,688,11,5,36099,84,No,Mortgage,0
40,1092776,1315162,673,8,1,16197,60,No,Rent,0
24,330524,65074,583,5,3,40743,12,No,Rent,0
61,1754942,848492,668,12,1,17921,48,No,Mortgage,0
58,677573,121043,647,23,0,24276,12,No,Own,0
43,488969,92089,738,3,3,28630,36,No,Rent,0
53,327581,574578,635,29,1,6992,60,No,Mortgage,1
59,1095876,75308,614,9,4,40918,48,Yes,Own,0
46,452146,700051,740,23,5,43186,48,Yes,Rent,0
31,963244,489831,707,7,4,41754,36,No,Mortgage,1
55,375693,213826,544,23,2,42430,48,No,Own,1
40,1051088,702377,850,15,5,39067,36,No,Mortgage,0
41,1334521,858008,835,6,1,5693,36,No,Own,0
61,734155,478282,803,20,1,3164,48,No,Mortgage,0
31,735815,243792,694,15,2,32492,24,No,Mortgage,0
31,150000,727962,512,13,0,36058,60,No,Mortgage,1
30,571295,397011,746,10,3,16272,60,No,Rent,0
47,644978,988894,654,4,3,27090,60,No,Rent,0
57,661050,1489419,739,2,1,6459,36,No,Mortgage,1
62,1119975,905703,654,13,5,32323,60,No,Mortgage,1
58,934987,788696,612,27,0,9587,48,No,Rent,0
48,587982,566921,741,5,2,4721,36,No,Rent,0
55,966553,416545,577,29,2,19896,36,No,Mortgage,0
31,416178,296395,623,10,3,34234,84,No,Mortgage,0
36,1224322,197108,732,18,0,0,36,No,Own,0
46,184465,291599,678,29,0,9247,60,No,Rent,1
48,725634,809636,707,11,4,36534,84,No,Rent,0
46,1151175,575971,590,7,0,17177,48,No,Own,0
59,727620,434776,645,11,0,5626,60,No,Mortgage,0
29,1268318,1210592,770,0,1,32200,84,No,Rent,0
38,547584,202375,750,8,5,29212,48,No,Rent,0
43,755490,1135721,719,16,3,28831,60,No,Mortgage,0
31,846439,69058,494,9,3,40750,60,No,Mortgage,0
63,1261494,360970,476,16,2,15333,48,No,Rent,1
34,385098,812944,652,11,1,14993,24,No,Rent,1
34,729159,1244562,533,9,1,7537,12,No,Mortgage,0
54,503992,656788,609,4,0,16479,36,No,Rent,1
26,305325,629254,614,7,4,36211,12,No,Mortgage,1
48,274555,299979,644,22,5,12489,60,No,Rent,0
56,191124,911604,569,5,0,24864,36,Yes,Own,1
36,815401,372304,702,16,1,18653,84,No,Mortgage,0
48,842733,337364,780,16,4,36842,36,No,Mortgage,0
57,712372,884817,680,4,2,24819,60,No,Rent,0
21,326350,90800,593,0,4,36359,12,No,Rent,1
24,441925,765889,636,3,0,8863,24,No,Own,0
26,520063,693088,681,6,2,44846,60,No,Own,0
60,350892,855364,782,18,5,37677,48,No,Rent,1
61,560588,50000,503,20,0,18110,60,No,Mortgage,0
40,1059307,367612,613,8,0,20318,48,No,Own,0
63,684435,107320,816,7,1,18192,60,Yes,Own,0
47,1799975,764861,823,11,3,34241,36,No,Rent,0
30,433469,388601,591,10,1,35550,84,No,Mortgage,0
53,268365,448991,850,28,5,70000,60,No,Mortgage,1
48,593369,758574,610,19,3,43873,36,No,Rent,0
29,1492387,287792,729,7,3,47357,48,No,Rent,0
28,784402,583398,574,2,0,2997,60,No,Rent,0
60,594858,978992,804,26,1,0,36,No,Rent,0
59,543884,875146,658,23,4,50164,36,No,Rent,1
54,1359782,451245,524,22,4,31107,60,No,Rent,0
39,1071020,614881,835,14,0,7476,12,Yes,Own,0
49,912841,51012,793,16,5,43843,48,No,Mortgage,0
29,455953,71468,673,1,3,34832,60,No,Mortgage,0
29,878832,973635,677,13,4,43879,84,No,Mortgage,0
45,318438,485822,569,20,2,27098,12,No,Rent,0
38,765339,1171901,716,19,4,34691,24,No,Rent,0
21,667507,800777,812,3,1,35623,60,No,Rent,0
39,1357455,370557,676,18,5,34790,60,No,Rent,0
52,150000,667863,776,18,1,20013,60,No,Rent,1
60,1171041,763793,543,7,2,19841,36,No,Rent,0
48,646943,175316,705,15,3,11773,24,No,Mortgage,0
42,621204,715054,514,23,5,31691,36,No,Rent,1
55,758792,138056,607,11,5,29858,24,No,Mortgage,1
42,165127,95544,383,2,0,12257,36,No,Own,0
49,1153595,50000,731,15,1,14714,12,No,Rent,0
47,884330,51499,589,16,5,45255,24,No,Mortgage,0
28,150000,1105924,577,11,0,1260,60,Yes,Own,1
23,467985,759206,631,2,0,4232,24,No,Own,0
52,150000,661082,610,16,4,21880,36,No,Own,1
21,662107,519442,655,5,2,20217,60,No,Rent,0
48,369338,117728,769,26,3,16434,60,No,Mortgage,0
46,647106,302368,850,6,0,12495,12,No,Rent,0
22,1024732,331298,646,3,2,19748,84,No,Own,0
29,1093540,745268,517,12,0,21430,48,No,Own,0
23,559247,506674,647,5,2,17271,60,No,Rent,0
52,910969,357542,664,16,1,58117,60,No,Mortgage,0
21,818034,716980,759,1,0,4585,36,No,Rent,0
48,1147584,1387526,675,22,2,33657,60,Yes,Own,0
65,485962,50000,658,18,3,10447,36,No,Own,0
31,1341857,698921,802,12,0,12362,60,No,Mortgage,0
41,348209,339769,520,17,2,11432,48,No,Mortgage,1
61,742682,390392,723,17,5,37255,36,No,Mortgage,0
54,1038682,63326,638,16,0,5920,60,No,Rent,0
27,934358,50000,709,14,1,10121,48,No,Rent,0
31,809702,481383,748,12,2,12040,24,No,Mortgage,0
65,1164442,807122,618,23,3,20047,24,No,Own,0
51,603700,63943,795,20,4,7763,24,No,Rent,0
31,786921,722239,720,4,2,23634,24,No,Mortgage,1
49,541656,253806,830,4,1,10699,12,No,Rent,0
29,371581,949906,508,11,1,25100,60,No,Own,1
49,150000,718199,675,10,3,9761,60,No,Mortgage,1
48,890353,57768,577,27,2,790,36,No,Rent,0
54,974342,564494,725,6,2,20074,60,No,Rent,0
21,743039,258534,683,8,0,11566,60,No,Rent,0
48,1197198,511668,693,14,0,24033,24,No,Rent,0
30,988930,133035,799,10,5,28330,60,No,Rent,0
50,879427,50000,629,5,1,24078,36,No,Rent,1
57,378930,1076694,602,4,0,18858,24,No,Own,1
55,1075354,937841,672,5,4,23749,48,No,Rent,0
65,1235641,980201,661,1,5,32004,60,No,Own,0
30,487186,128794,705,1,1,34174,60,No,Mortgage,0
37,832624,173636,762,3,1,19205,24,No,Rent,0
33,492424,578568,619,13,3,20823,24,No,Own,1
26,543833,50000,668,6,4,47225,24,Yes,Mortgage,0
35,490943,703177,604,7,2,22303,36,No,Mortgage,1
49,585013,971399,661,5,3,30128,60,No,Rent,0
36,821015,655638,847,17,2,11014,60,No,Rent,0
45,515567,890598,527,26,2,24686,12,No,Mortgage,1
52,445806,715844,757,12,3,30895,36,No,Rent,0
39,1057143,532072,606,8,1,34135,36,No,Mortgage,0
33,565641,546198,605,12,1,0,36,No,Rent,1
44,975239,1280475,619,15,1,2159,36,Yes,Rent,1
49,835260,295260,836,8,3,13106,36,No,Mortgage,0
65,661812,278916,504,8,2,24652,24,No,Own,0
65,881482,589819,793,5,5,30899,36,No,Own,0
37,1259529,1070064,704,23,1,15834,60,No,Mortgage,0
27,1012172,486245,732,12,1,10419,36,No,Mortgage,0
27,1018153,780785,545,4,2,30763,24,No,Rent,0
65,897561,828108,680,6,5,34290,48,No,Own,1
61,606059,669665,655,5,5,41621,60,No,Mortgage,1
52,576903,471658,794,26,4,19370,36,No,Own,0
51,793278,692916,732,12,4,35182,60,No,Rent,0
38,1788095,577428,566,19,3,26287,24,No,Rent,0
56,539133,866541,644,23,2,23590,36,No,Rent,0
42,150000,217656,664,30,0,4995,60,No,Rent,0
51,530265,418356,617,1,5,43771,60,No,Mortgage,1
53,313325,787109,708,13,3,38719,60,No,Mortgage,1
26,1014654,1103080,618,5,4,36323,60,No,Own,1
33,450085,159616,836,13,0,0,36,Yes,Mortgage,0
54,194517,461053,681,21,4,44024,60,No,Mortgage,1
55,937056,482125,519,12,2,17860,12,No,Rent,0
60,950754,673110,526,0,0,11567,60,Yes,Mortgage,0
22,289434,836139,724,6,2,28193,36,No,Own,1
59,164824,328411,721,24,2,18340,60,No,Mortgage,0
29,907332,909388,796,11,2,18069,60,No,Own,0
27,835804,433386,588,5,5,39173,36,Yes,Mortgage,1
38,803539,85701,743,16,2,25304,12,No,Mortgage,0
28,1077297,989065,812,10,4,17350,24,No,Rent,0
45,1081372,65346,688,8,0,17717,36,No,Mortgage,0
42,1289287,288008,673,2,1,20549,12,No,Own,0
57,552584,189813,630,16,4,24976,60,No,Rent,0
43,150000,101528,693,21,2,16440,36,No,Rent,0
58,973177,724132,643,29,0,8235,48,No,Rent,0
29,952855,65444,562,12,2,27809,60,No,Mortgage,0
41,150000,103514,387,2,0,11946,36,No,Own,1
25,410463,748218,592,6,3,31531,36,No,Rent,1
45,991791,839849,840,6,3,25178,84,No,Rent,0
44,361979,560596,590,14,1,26266,84,No,Rent,0
35,150000,145457,548,12,2,39632,12,Yes,Rent,1
26,515594,475093,850,9,3,25856,84,No,Mortgage,0
58,1323852,921191,585,29,1,9678,36,No,Rent,0
51,639578,944485,626,18,4,31538,24,No,Mortgage,1
50,657563,925978,747,10,1,22277,60,No,Own,0
33,537865,50000,580,10,5,35537,12,No,Mortgage,0
21,803673,685719,767,2,1,3722,36,No,Rent,0
22,628076,799032,810,7,1,34036,60,No,Rent,0
24,445659,567199,848,7,3,35747,84,No,Rent,0
50,1426106,133426,770,4,3,19462,60,No,Rent,0
24,605244,118702,654,6,3,51307,24,Yes,Mortgage,0
53,704526,309655,770,7,3,23880,36,No,Rent,0
32,968471,55049,551,13,4,20953,24,No,Own,0
55,721502,50000,588,11,5,31314,24,No,Mortgage,0
47,731017,170015,720,24,5,31938,36,No,Rent,0
40,502207,465847,635,21,4,30203,24,No,Own,0
41,1329330,825248,745,26,0,23112,60,No,Mortgage,0
57,738843,94665,633,20,2,29948,12,Yes,Rent,0
52,473550,415519,743,16,3,28300,24,No,Own,0
46,242783,296054,596,23,4,11053,60,No,Rent,0
63,175342,50000,622,19,2,1177,36,No,Own,0
32,776516,231541,845,10,4,17627,48,No,Rent,0
38,639192,1120941,694,2,5,39037,60,No,Rent,0
41,937611,300937,850,20,3,30828,36,Yes,Own,0
45,1320741,745251,588,22,5,33193,48,No,Mortgage,0
35,1248380,178619,694,19,0,2096,36,No,Own,0
51,627307,324458,713,7,2,5785,24,Yes,Mortgage,0
61,1163565,436610,492,13,0,10930,48,No,Rent,0
40,346429,629459,569,3,2,24383,36,No,Own,1
37,769325,904414,665,10,1,28139,24,No,Mortgage,0
57,1007766,606649,604,22,2,21842,24,No,Own,0
36,978996,61239,656,14,4,28088,60,No,Rent,0
37,893680,752821,473,7,3,17574,48,No,Own,0
32,753009,614612,850,11,0,15877,60,No,Rent,0
37,817588,727114,628,21,3,33271,36,No,Rent,0
22,709256,50000,775,3,0,5972,36,Yes,Mortgage,0
51,484087,796337,850,16,2,7057,60,No,Own,0
50,418135,684270,788,5,0,0,24,No,Mortgage,1
49,554831,61490,784,23,3,9691,24,No,Rent,0
48,1022216,778032,689,8,3,30313,36,No,Mortgage,0
48,822936,808267,562,24,0,31599,12,No,Rent,0
57,153621,84997,484,16,2,3338,48,No,Mortgage,0
54,1141754,50000,707,33,5,34810,48,No,Rent,0
23,1149698,636075,757,7,5,39186,36,No,Rent,0
52,1132654,602904,705,29,0,21843,60,Yes,Rent,0
62,908463,981987,786,15,1,15193,36,No,Own,0
39,681192,405866,728,5,0,22538,24,No,Rent,0
65,875066,341064,611,21,2,6304,60,No,Mortgage,0
21,946208,872830,731,5,3,19921,48,No,Rent,0
56,490877,494926,840,12,3,26133,36,No,Rent,0
33,1265143,736366,601,15,5,30597,36,No,Own,0
46,663226,271577,574,16,5,45568,36,No,Mortgage,1
45,528592,690558,769,23,3,40299,48,Yes,Rent,1
44,1051959,422492,624,8,2,27379,36,No,Mortgage,0
55,723495,102856,775,22,3,39762,60,Yes,Rent,0
58,1041485,506324,577,29,3,24236,60,No,Mortgage,0
54,1153409,73361,739,31,5,32103,48,No,Rent,0
65,197955,59655,695,19,0,17709,24,No,Mortgage,0
33,627580,332544,617,22,3,17625,60,No,Own,0
35,441513,323198,671,12,4,9671,60,No,Rent,1
30,235071,479924,742,13,5,35685,24,No,Rent,1
23,166730,302627,530,0,5,49227,36,No,Rent,1
21,580637,370246,786,1,2,30747,36,No,Rent,0
37,245291,227525,756,5,0,8986,60,Yes,Own,0
35,836891,477155,653,14,1,26864,60,No,Rent,0
21,966515,309829,682,5,2,26075,36,No,Mortgage,0
60,572894,651877,567,7,0,23937,36,No,Own,0
48,750976,201966,821,10,0,17780,36,No,Mortgage,0
42,393735,939219,781,2,1,18739,48,No,Mortgage,0
21,943288,836397,665,3,0,11415,24,Yes,Own,0
23,494683,849440,629,5,1,5783,24,No,Own,0
32,232095,595369,757,11,4,20700,12,No,Rent,1
50,536910,119339,677,16,1,15369,60,No,Rent,0
62,546360,1125539,761,8,0,26040,36,No,Mortgage,0
